========= COMPUTE-SANITIZER
========= Host API memory access error at host access to 0xb11c8ba00 of size 1 bytes
=========     Uninitialized access at 0xb11c8ba00 on access by cudaMemcpy source
=========     Saved host backtrace up to driver entry point at error
=========         Host Frame:  [0x481c0] in libcudart.so.12
=========         Host Frame:  [0x17057] in libcudart.so.12
=========         Host Frame: cudaMemcpyAsync [0x768a0] in libcudart.so.12
=========         Host Frame: at::native::_local_scalar_dense_cuda(at::Tensor const&)::{lambda()#1}::operator()() const [clone .isra.0] [0x15ceee9] in libtorch_cuda.so
=========         Host Frame: at::native::_local_scalar_dense_cuda(at::Tensor const&) [0x15d04b4] in libtorch_cuda.so
=========         Host Frame: at::(anonymous namespace)::(anonymous namespace)::wrapper_CUDA___local_scalar_dense(at::Tensor const&) [0x3379ef6] in libtorch_cuda.so
=========         Host Frame: c10::impl::wrap_kernel_functor_unboxed_<c10::impl::detail::WrapFunctionIntoFunctor_<c10::CompileTimeFunctionPointer<c10::Scalar (at::Tensor const&), &at::(anonymous namespace)::(anonymous namespace)::wrapper_CUDA___local_scalar_dense>, c10::Scalar, c10::guts::typelist::typelist<at::Tensor const&> >, c10::Scalar (at::Tensor const&)>::call(c10::OperatorKernel*, c10::DispatchKeySet, at::Tensor const&) [0x3379f6b] in libtorch_cuda.so
=========         Host Frame: at::_ops::_local_scalar_dense::redispatch(c10::DispatchKeySet, at::Tensor const&) [0x24e89fd] in libtorch_cpu.so
=========         Host Frame: torch::autograd::VariableType::(anonymous namespace)::_local_scalar_dense(c10::DispatchKeySet, at::Tensor const&) [0x4ad0205] in libtorch_cpu.so
=========         Host Frame: c10::impl::wrap_kernel_functor_unboxed_<c10::impl::detail::WrapFunctionIntoFunctor_<c10::CompileTimeFunctionPointer<c10::Scalar (c10::DispatchKeySet, at::Tensor const&), &torch::autograd::VariableType::(anonymous namespace)::_local_scalar_dense>, c10::Scalar, c10::guts::typelist::typelist<c10::DispatchKeySet, at::Tensor const&> >, c10::Scalar (c10::DispatchKeySet, at::Tensor const&)>::call(c10::OperatorKernel*, c10::DispatchKeySet, at::Tensor const&) [0x4ad02ae] in libtorch_cpu.so
=========         Host Frame: at::_ops::_local_scalar_dense::call(at::Tensor const&) [0x2595484] in libtorch_cpu.so
=========         Host Frame: at::native::item(at::Tensor const&) [0x1c5e2ba] in libtorch_cpu.so
=========         Host Frame: c10::impl::wrap_kernel_functor_unboxed_<c10::impl::detail::WrapFunctionIntoFunctor_<c10::CompileTimeFunctionPointer<c10::Scalar (at::Tensor const&), &at::(anonymous namespace)::(anonymous namespace)::wrapper_CompositeImplicitAutograd__item>, c10::Scalar, c10::guts::typelist::typelist<at::Tensor const&> >, c10::Scalar (at::Tensor const&)>::call(c10::OperatorKernel*, c10::DispatchKeySet, at::Tensor const&) [0x2be890b] in libtorch_cpu.so
=========         Host Frame: at::_ops::item::call(at::Tensor const&) [0x23fda44] in libtorch_cpu.so
=========         Host Frame: torch::autograd::THPVariable_item(_object*, _object*) [0x3f5c7f] in libtorch_python.so
=========         Host Frame:  [0x1514c0] in python
=========         Host Frame: PyObject_Vectorcall [0x149934] in python
=========         Host Frame: _PyEval_EvalFrameDefault [0x1d6f08] in python
=========         Host Frame: PyEval_EvalCode [0x1d544a] in python
=========         Host Frame:  [0x2085a1] in python
=========         Host Frame:  [0x2b5032] in python
=========         Host Frame: _PyRun_SimpleFileObject [0x2b4d99] in python
=========         Host Frame: _PyRun_AnyFileObject [0x2b4bce] in python
=========         Host Frame: Py_RunMain [0x2bcc34] in python
=========         Host Frame: Py_BytesMain [0x2bc71c] in python
=========         Host Frame:  [0x2a1c9] in libc.so.6
=========         Host Frame: __libc_start_main [0x2a28a] in libc.so.6
=========         Host Frame: _start [0x257bc4] in python
=========         Host Frame: validate in compare_baselines.py:116
=========         Host Frame: main in study.py:94
========= 
========= Host API memory access error at host access to 0xb11c8c000 of size 264192 bytes
=========     Uninitialized access at 0xb11c8c000 on access by cudaMemcpy source
=========     Saved host backtrace up to driver entry point at error
=========         Host Frame:  [0x481c0] in libcudart.so.12
=========         Host Frame:  [0x17057] in libcudart.so.12
=========         Host Frame: cudaMemcpyAsync [0x768a0] in libcudart.so.12
=========         Host Frame: at::native::copy_kernel_cuda(at::TensorIterator&, bool) [0x16a984b] in libtorch_cuda.so
=========         Host Frame: at::native::copy_impl(at::Tensor&, at::Tensor const&, bool) [clone .isra.0] [0x1a2f8a2] in libtorch_cpu.so
=========         Host Frame: at::native::copy_(at::Tensor&, at::Tensor const&, bool) [0x1a31186] in libtorch_cpu.so
=========         Host Frame: at::_ops::copy_::call(at::Tensor&, at::Tensor const&, bool) [0x26e73d6] in libtorch_cpu.so
=========         Host Frame: at::native::_to_copy(at::Tensor const&, std::optional<c10::ScalarType>, std::optional<c10::Layout>, std::optional<c10::Device>, std::optional<bool>, bool, std::optional<c10::MemoryFormat>) [0x1d12ab2] in libtorch_cpu.so
=========         Host Frame: c10::impl::wrap_kernel_functor_unboxed_<c10::impl::detail::WrapFunctionIntoFunctor_<c10::CompileTimeFunctionPointer<at::Tensor (at::Tensor const&, std::optional<c10::ScalarType>, std::optional<c10::Layout>, std::optional<c10::Device>, std::optional<bool>, bool, std::optional<c10::MemoryFormat>), &at::(anonymous namespace)::(anonymous namespace)::wrapper_CompositeExplicitAutograd___to_copy>, at::Tensor, c10::guts::typelist::typelist<at::Tensor const&, std::optional<c10::ScalarType>, std::optional<c10::Layout>, std::optional<c10::Device>, std::optional<bool>, bool, std::optional<c10::MemoryFormat> > >, at::Tensor (at::Tensor const&, std::optional<c10::ScalarType>, std::optional<c10::Layout>, std::optional<c10::Device>, std::optional<bool>, bool, std::optional<c10::MemoryFormat>)>::call(c10::OperatorKernel*, c10::DispatchKeySet, at::Tensor const&, std::optional<c10::ScalarType>, std::optional<c10::Layout>, std::optional<c10::Device>, std::optional<bool>, bool, std::optional<c10::MemoryFormat>) [0x2aed68b] in libtorch_cpu.so
=========         Host Frame: at::_ops::_to_copy::redispatch(c10::DispatchKeySet, at::Tensor const&, std::optional<c10::ScalarType>, std::optional<c10::Layout>, std::optional<c10::Device>, std::optional<bool>, bool, std::optional<c10::MemoryFormat>) [0x21c34d1] in libtorch_cpu.so
=========         Host Frame: c10::impl::wrap_kernel_functor_unboxed_<c10::impl::detail::WrapFunctionIntoFunctor_<c10::CompileTimeFunctionPointer<at::Tensor (at::Tensor const&, std::optional<c10::ScalarType>, std::optional<c10::Layout>, std::optional<c10::Device>, std::optional<bool>, bool, std::optional<c10::MemoryFormat>), &at::(anonymous namespace)::_to_copy>, at::Tensor, c10::guts::typelist::typelist<at::Tensor const&, std::optional<c10::ScalarType>, std::optional<c10::Layout>, std::optional<c10::Device>, std::optional<bool>, bool, std::optional<c10::MemoryFormat> > >, at::Tensor (at::Tensor const&, std::optional<c10::ScalarType>, std::optional<c10::Layout>, std::optional<c10::Device>, std::optional<bool>, bool, std::optional<c10::MemoryFormat>)>::call(c10::OperatorKernel*, c10::DispatchKeySet, at::Tensor const&, std::optional<c10::ScalarType>, std::optional<c10::Layout>, std::optional<c10::Device>, std::optional<bool>, bool, std::optional<c10::MemoryFormat>) [0x28ba68a] in libtorch_cpu.so
=========         Host Frame: at::_ops::_to_copy::redispatch(c10::DispatchKeySet, at::Tensor const&, std::optional<c10::ScalarType>, std::optional<c10::Layout>, std::optional<c10::Device>, std::optional<bool>, bool, std::optional<c10::MemoryFormat>) [0x21c34d1] in libtorch_cpu.so
=========         Host Frame: torch::autograd::VariableType::(anonymous namespace)::_to_copy(c10::DispatchKeySet, at::Tensor const&, std::optional<c10::ScalarType>, std::optional<c10::Layout>, std::optional<c10::Device>, std::optional<bool>, bool, std::optional<c10::MemoryFormat>) [0x49975db] in libtorch_cpu.so
=========         Host Frame: c10::impl::wrap_kernel_functor_unboxed_<c10::impl::detail::WrapFunctionIntoFunctor_<c10::CompileTimeFunctionPointer<at::Tensor (c10::DispatchKeySet, at::Tensor const&, std::optional<c10::ScalarType>, std::optional<c10::Layout>, std::optional<c10::Device>, std::optional<bool>, bool, std::optional<c10::MemoryFormat>), &torch::autograd::VariableType::(anonymous namespace)::_to_copy>, at::Tensor, c10::guts::typelist::typelist<c10::DispatchKeySet, at::Tensor const&, std::optional<c10::ScalarType>, std::optional<c10::Layout>, std::optional<c10::Device>, std::optional<bool>, bool, std::optional<c10::MemoryFormat> > >, at::Tensor (c10::DispatchKeySet, at::Tensor const&, std::optional<c10::ScalarType>, std::optional<c10::Layout>, std::optional<c10::Device>, std::optional<bool>, bool, std::optional<c10::MemoryFormat>)>::call(c10::OperatorKernel*, c10::DispatchKeySet, at::Tensor const&, std::optional<c10::ScalarType>, std::optional<c10::Layout>, std::optional<c10::Device>, std::optional<bool>, bool, std::optional<c10::MemoryFormat>) [0x4997a3e] in libtorch_cpu.so
=========         Host Frame: at::_ops::_to_copy::call(at::Tensor const&, std::optional<c10::ScalarType>, std::optional<c10::Layout>, std::optional<c10::Device>, std::optional<bool>, bool, std::optional<c10::MemoryFormat>) [0x2264f7c] in libtorch_cpu.so
=========         Host Frame: at::native::to(at::Tensor const&, std::optional<c10::ScalarType>, std::optional<c10::Layout>, std::optional<c10::Device>, std::optional<bool>, bool, bool, std::optional<c10::MemoryFormat>) [0x1d104fd] in libtorch_cpu.so
=========         Host Frame: c10::impl::wrap_kernel_functor_unboxed_<c10::impl::detail::WrapFunctionIntoFunctor_<c10::CompileTimeFunctionPointer<at::Tensor (at::Tensor const&, std::optional<c10::ScalarType>, std::optional<c10::Layout>, std::optional<c10::Device>, std::optional<bool>, bool, bool, std::optional<c10::MemoryFormat>), &at::(anonymous namespace)::(anonymous namespace)::wrapper_CompositeImplicitAutograd_dtype_layout_to>, at::Tensor, c10::guts::typelist::typelist<at::Tensor const&, std::optional<c10::ScalarType>, std::optional<c10::Layout>, std::optional<c10::Device>, std::optional<bool>, bool, bool, std::optional<c10::MemoryFormat> > >, at::Tensor (at::Tensor const&, std::optional<c10::ScalarType>, std::optional<c10::Layout>, std::optional<c10::Device>, std::optional<bool>, bool, bool, std::optional<c10::MemoryFormat>)>::call(c10::OperatorKernel*, c10::DispatchKeySet, at::Tensor const&, std::optional<c10::ScalarType>, std::optional<c10::Layout>, std::optional<c10::Device>, std::optional<bool>, bool, bool, std::optional<c10::MemoryFormat>) [0x2be4c41] in libtorch_cpu.so
=========         Host Frame: at::_ops::to_dtype_layout::call(at::Tensor const&, std::optional<c10::ScalarType>, std::optional<c10::Layout>, std::optional<c10::Device>, std::optional<bool>, bool, bool, std::optional<c10::MemoryFormat>) [0x23fbe16] in libtorch_cpu.so
=========         Host Frame: at::Tensor::to(c10::TensorOptions, bool, bool, std::optional<c10::MemoryFormat>) const [0x4354c8] in libtorch_python.so
=========         Host Frame: torch::autograd::dispatch_to(at::Tensor const&, c10::Device, bool, bool, std::optional<c10::MemoryFormat>) [0x3d7920] in libtorch_python.so
=========         Host Frame: torch::autograd::THPVariable_cpu(_object*, _object*, _object*) [0x3d7b1d] in libtorch_python.so
=========         Host Frame:  [0x151347] in python
=========         Host Frame: PyObject_Vectorcall [0x149934] in python
=========         Host Frame: _PyEval_EvalFrameDefault [0x1d6f08] in python
=========         Host Frame: PyEval_EvalCode [0x1d544a] in python
=========         Host Frame:  [0x2085a1] in python
=========         Host Frame:  [0x2b5032] in python
=========         Host Frame: _PyRun_SimpleFileObject [0x2b4d99] in python
=========         Host Frame: _PyRun_AnyFileObject [0x2b4bce] in python
=========         Host Frame: Py_RunMain [0x2bcc34] in python
=========         Host Frame: Py_BytesMain [0x2bc71c] in python
=========         Host Frame:  [0x2a1c9] in libc.so.6
=========         Host Frame: __libc_start_main [0x2a28a] in libc.so.6
=========         Host Frame: _start [0x257bc4] in python
=========         Host Frame: validate in compare_baselines.py:117
=========         Host Frame: main in study.py:94
========= 
========= Host API memory access error at host access to 0xb11c8c000 of size 264192 bytes
=========     Uninitialized access at 0xb11c8c020 on access by cudaMemcpy source
=========     Saved host backtrace up to driver entry point at error
=========         Host Frame:  [0x481c0] in libcudart.so.12
=========         Host Frame:  [0x17057] in libcudart.so.12
=========         Host Frame: cudaMemcpyAsync [0x768a0] in libcudart.so.12
=========         Host Frame: at::native::copy_kernel_cuda(at::TensorIterator&, bool) [0x16a984b] in libtorch_cuda.so
=========         Host Frame: at::native::copy_impl(at::Tensor&, at::Tensor const&, bool) [clone .isra.0] [0x1a2f8a2] in libtorch_cpu.so
=========         Host Frame: at::native::copy_(at::Tensor&, at::Tensor const&, bool) [0x1a31186] in libtorch_cpu.so
=========         Host Frame: at::_ops::copy_::call(at::Tensor&, at::Tensor const&, bool) [0x26e73d6] in libtorch_cpu.so
=========         Host Frame: at::native::_to_copy(at::Tensor const&, std::optional<c10::ScalarType>, std::optional<c10::Layout>, std::optional<c10::Device>, std::optional<bool>, bool, std::optional<c10::MemoryFormat>) [0x1d12ab2] in libtorch_cpu.so
=========         Host Frame: c10::impl::wrap_kernel_functor_unboxed_<c10::impl::detail::WrapFunctionIntoFunctor_<c10::CompileTimeFunctionPointer<at::Tensor (at::Tensor const&, std::optional<c10::ScalarType>, std::optional<c10::Layout>, std::optional<c10::Device>, std::optional<bool>, bool, std::optional<c10::MemoryFormat>), &at::(anonymous namespace)::(anonymous namespace)::wrapper_CompositeExplicitAutograd___to_copy>, at::Tensor, c10::guts::typelist::typelist<at::Tensor const&, std::optional<c10::ScalarType>, std::optional<c10::Layout>, std::optional<c10::Device>, std::optional<bool>, bool, std::optional<c10::MemoryFormat> > >, at::Tensor (at::Tensor const&, std::optional<c10::ScalarType>, std::optional<c10::Layout>, std::optional<c10::Device>, std::optional<bool>, bool, std::optional<c10::MemoryFormat>)>::call(c10::OperatorKernel*, c10::DispatchKeySet, at::Tensor const&, std::optional<c10::ScalarType>, std::optional<c10::Layout>, std::optional<c10::Device>, std::optional<bool>, bool, std::optional<c10::MemoryFormat>) [0x2aed68b] in libtorch_cpu.so
=========         Host Frame: at::_ops::_to_copy::redispatch(c10::DispatchKeySet, at::Tensor const&, std::optional<c10::ScalarType>, std::optional<c10::Layout>, std::optional<c10::Device>, std::optional<bool>, bool, std::optional<c10::MemoryFormat>) [0x21c34d1] in libtorch_cpu.so
=========         Host Frame: c10::impl::wrap_kernel_functor_unboxed_<c10::impl::detail::WrapFunctionIntoFunctor_<c10::CompileTimeFunctionPointer<at::Tensor (at::Tensor const&, std::optional<c10::ScalarType>, std::optional<c10::Layout>, std::optional<c10::Device>, std::optional<bool>, bool, std::optional<c10::MemoryFormat>), &at::(anonymous namespace)::_to_copy>, at::Tensor, c10::guts::typelist::typelist<at::Tensor const&, std::optional<c10::ScalarType>, std::optional<c10::Layout>, std::optional<c10::Device>, std::optional<bool>, bool, std::optional<c10::MemoryFormat> > >, at::Tensor (at::Tensor const&, std::optional<c10::ScalarType>, std::optional<c10::Layout>, std::optional<c10::Device>, std::optional<bool>, bool, std::optional<c10::MemoryFormat>)>::call(c10::OperatorKernel*, c10::DispatchKeySet, at::Tensor const&, std::optional<c10::ScalarType>, std::optional<c10::Layout>, std::optional<c10::Device>, std::optional<bool>, bool, std::optional<c10::MemoryFormat>) [0x28ba68a] in libtorch_cpu.so
=========         Host Frame: at::_ops::_to_copy::redispatch(c10::DispatchKeySet, at::Tensor const&, std::optional<c10::ScalarType>, std::optional<c10::Layout>, std::optional<c10::Device>, std::optional<bool>, bool, std::optional<c10::MemoryFormat>) [0x21c34d1] in libtorch_cpu.so
=========         Host Frame: torch::autograd::VariableType::(anonymous namespace)::_to_copy(c10::DispatchKeySet, at::Tensor const&, std::optional<c10::ScalarType>, std::optional<c10::Layout>, std::optional<c10::Device>, std::optional<bool>, bool, std::optional<c10::MemoryFormat>) [0x49975db] in libtorch_cpu.so
=========         Host Frame: c10::impl::wrap_kernel_functor_unboxed_<c10::impl::detail::WrapFunctionIntoFunctor_<c10::CompileTimeFunctionPointer<at::Tensor (c10::DispatchKeySet, at::Tensor const&, std::optional<c10::ScalarType>, std::optional<c10::Layout>, std::optional<c10::Device>, std::optional<bool>, bool, std::optional<c10::MemoryFormat>), &torch::autograd::VariableType::(anonymous namespace)::_to_copy>, at::Tensor, c10::guts::typelist::typelist<c10::DispatchKeySet, at::Tensor const&, std::optional<c10::ScalarType>, std::optional<c10::Layout>, std::optional<c10::Device>, std::optional<bool>, bool, std::optional<c10::MemoryFormat> > >, at::Tensor (c10::DispatchKeySet, at::Tensor const&, std::optional<c10::ScalarType>, std::optional<c10::Layout>, std::optional<c10::Device>, std::optional<bool>, bool, std::optional<c10::MemoryFormat>)>::call(c10::OperatorKernel*, c10::DispatchKeySet, at::Tensor const&, std::optional<c10::ScalarType>, std::optional<c10::Layout>, std::optional<c10::Device>, std::optional<bool>, bool, std::optional<c10::MemoryFormat>) [0x4997a3e] in libtorch_cpu.so
=========         Host Frame: at::_ops::_to_copy::call(at::Tensor const&, std::optional<c10::ScalarType>, std::optional<c10::Layout>, std::optional<c10::Device>, std::optional<bool>, bool, std::optional<c10::MemoryFormat>) [0x2264f7c] in libtorch_cpu.so
=========         Host Frame: at::native::to(at::Tensor const&, std::optional<c10::ScalarType>, std::optional<c10::Layout>, std::optional<c10::Device>, std::optional<bool>, bool, bool, std::optional<c10::MemoryFormat>) [0x1d104fd] in libtorch_cpu.so
=========         Host Frame: c10::impl::wrap_kernel_functor_unboxed_<c10::impl::detail::WrapFunctionIntoFunctor_<c10::CompileTimeFunctionPointer<at::Tensor (at::Tensor const&, std::optional<c10::ScalarType>, std::optional<c10::Layout>, std::optional<c10::Device>, std::optional<bool>, bool, bool, std::optional<c10::MemoryFormat>), &at::(anonymous namespace)::(anonymous namespace)::wrapper_CompositeImplicitAutograd_dtype_layout_to>, at::Tensor, c10::guts::typelist::typelist<at::Tensor const&, std::optional<c10::ScalarType>, std::optional<c10::Layout>, std::optional<c10::Device>, std::optional<bool>, bool, bool, std::optional<c10::MemoryFormat> > >, at::Tensor (at::Tensor const&, std::optional<c10::ScalarType>, std::optional<c10::Layout>, std::optional<c10::Device>, std::optional<bool>, bool, bool, std::optional<c10::MemoryFormat>)>::call(c10::OperatorKernel*, c10::DispatchKeySet, at::Tensor const&, std::optional<c10::ScalarType>, std::optional<c10::Layout>, std::optional<c10::Device>, std::optional<bool>, bool, bool, std::optional<c10::MemoryFormat>) [0x2be4c41] in libtorch_cpu.so
=========         Host Frame: at::_ops::to_dtype_layout::call(at::Tensor const&, std::optional<c10::ScalarType>, std::optional<c10::Layout>, std::optional<c10::Device>, std::optional<bool>, bool, bool, std::optional<c10::MemoryFormat>) [0x23fbe16] in libtorch_cpu.so
=========         Host Frame: at::Tensor::to(c10::TensorOptions, bool, bool, std::optional<c10::MemoryFormat>) const [0x4354c8] in libtorch_python.so
=========         Host Frame: torch::autograd::dispatch_to(at::Tensor const&, c10::Device, bool, bool, std::optional<c10::MemoryFormat>) [0x3d7920] in libtorch_python.so
=========         Host Frame: torch::autograd::THPVariable_cpu(_object*, _object*, _object*) [0x3d7b1d] in libtorch_python.so
=========         Host Frame:  [0x151347] in python
=========         Host Frame: PyObject_Vectorcall [0x149934] in python
=========         Host Frame: _PyEval_EvalFrameDefault [0x1d6f08] in python
=========         Host Frame: PyEval_EvalCode [0x1d544a] in python
=========         Host Frame:  [0x2085a1] in python
=========         Host Frame:  [0x2b5032] in python
=========         Host Frame: _PyRun_SimpleFileObject [0x2b4d99] in python
=========         Host Frame: _PyRun_AnyFileObject [0x2b4bce] in python
=========         Host Frame: Py_RunMain [0x2bcc34] in python
=========         Host Frame: Py_BytesMain [0x2bc71c] in python
=========         Host Frame:  [0x2a1c9] in libc.so.6
=========         Host Frame: __libc_start_main [0x2a28a] in libc.so.6
=========         Host Frame: _start [0x257bc4] in python
=========         Host Frame: validate in compare_baselines.py:117
=========         Host Frame: main in study.py:94
========= 
========= Host API memory access error at host access to 0xb11c8c000 of size 264192 bytes
=========     Uninitialized access at 0xb11c8c040 on access by cudaMemcpy source
=========     Saved host backtrace up to driver entry point at error
=========         Host Frame:  [0x481c0] in libcudart.so.12
=========         Host Frame:  [0x17057] in libcudart.so.12
=========         Host Frame: cudaMemcpyAsync [0x768a0] in libcudart.so.12
=========         Host Frame: at::native::copy_kernel_cuda(at::TensorIterator&, bool) [0x16a984b] in libtorch_cuda.so
=========         Host Frame: at::native::copy_impl(at::Tensor&, at::Tensor const&, bool) [clone .isra.0] [0x1a2f8a2] in libtorch_cpu.so
=========         Host Frame: at::native::copy_(at::Tensor&, at::Tensor const&, bool) [0x1a31186] in libtorch_cpu.so
=========         Host Frame: at::_ops::copy_::call(at::Tensor&, at::Tensor const&, bool) [0x26e73d6] in libtorch_cpu.so
=========         Host Frame: at::native::_to_copy(at::Tensor const&, std::optional<c10::ScalarType>, std::optional<c10::Layout>, std::optional<c10::Device>, std::optional<bool>, bool, std::optional<c10::MemoryFormat>) [0x1d12ab2] in libtorch_cpu.so
=========         Host Frame: c10::impl::wrap_kernel_functor_unboxed_<c10::impl::detail::WrapFunctionIntoFunctor_<c10::CompileTimeFunctionPointer<at::Tensor (at::Tensor const&, std::optional<c10::ScalarType>, std::optional<c10::Layout>, std::optional<c10::Device>, std::optional<bool>, bool, std::optional<c10::MemoryFormat>), &at::(anonymous namespace)::(anonymous namespace)::wrapper_CompositeExplicitAutograd___to_copy>, at::Tensor, c10::guts::typelist::typelist<at::Tensor const&, std::optional<c10::ScalarType>, std::optional<c10::Layout>, std::optional<c10::Device>, std::optional<bool>, bool, std::optional<c10::MemoryFormat> > >, at::Tensor (at::Tensor const&, std::optional<c10::ScalarType>, std::optional<c10::Layout>, std::optional<c10::Device>, std::optional<bool>, bool, std::optional<c10::MemoryFormat>)>::call(c10::OperatorKernel*, c10::DispatchKeySet, at::Tensor const&, std::optional<c10::ScalarType>, std::optional<c10::Layout>, std::optional<c10::Device>, std::optional<bool>, bool, std::optional<c10::MemoryFormat>) [0x2aed68b] in libtorch_cpu.so
=========         Host Frame: at::_ops::_to_copy::redispatch(c10::DispatchKeySet, at::Tensor const&, std::optional<c10::ScalarType>, std::optional<c10::Layout>, std::optional<c10::Device>, std::optional<bool>, bool, std::optional<c10::MemoryFormat>) [0x21c34d1] in libtorch_cpu.so
=========         Host Frame: c10::impl::wrap_kernel_functor_unboxed_<c10::impl::detail::WrapFunctionIntoFunctor_<c10::CompileTimeFunctionPointer<at::Tensor (at::Tensor const&, std::optional<c10::ScalarType>, std::optional<c10::Layout>, std::optional<c10::Device>, std::optional<bool>, bool, std::optional<c10::MemoryFormat>), &at::(anonymous namespace)::_to_copy>, at::Tensor, c10::guts::typelist::typelist<at::Tensor const&, std::optional<c10::ScalarType>, std::optional<c10::Layout>, std::optional<c10::Device>, std::optional<bool>, bool, std::optional<c10::MemoryFormat> > >, at::Tensor (at::Tensor const&, std::optional<c10::ScalarType>, std::optional<c10::Layout>, std::optional<c10::Device>, std::optional<bool>, bool, std::optional<c10::MemoryFormat>)>::call(c10::OperatorKernel*, c10::DispatchKeySet, at::Tensor const&, std::optional<c10::ScalarType>, std::optional<c10::Layout>, std::optional<c10::Device>, std::optional<bool>, bool, std::optional<c10::MemoryFormat>) [0x28ba68a] in libtorch_cpu.so
=========         Host Frame: at::_ops::_to_copy::redispatch(c10::DispatchKeySet, at::Tensor const&, std::optional<c10::ScalarType>, std::optional<c10::Layout>, std::optional<c10::Device>, std::optional<bool>, bool, std::optional<c10::MemoryFormat>) [0x21c34d1] in libtorch_cpu.so
=========         Host Frame: torch::autograd::VariableType::(anonymous namespace)::_to_copy(c10::DispatchKeySet, at::Tensor const&, std::optional<c10::ScalarType>, std::optional<c10::Layout>, std::optional<c10::Device>, std::optional<bool>, bool, std::optional<c10::MemoryFormat>) [0x49975db] in libtorch_cpu.so
=========         Host Frame: c10::impl::wrap_kernel_functor_unboxed_<c10::impl::detail::WrapFunctionIntoFunctor_<c10::CompileTimeFunctionPointer<at::Tensor (c10::DispatchKeySet, at::Tensor const&, std::optional<c10::ScalarType>, std::optional<c10::Layout>, std::optional<c10::Device>, std::optional<bool>, bool, std::optional<c10::MemoryFormat>), &torch::autograd::VariableType::(anonymous namespace)::_to_copy>, at::Tensor, c10::guts::typelist::typelist<c10::DispatchKeySet, at::Tensor const&, std::optional<c10::ScalarType>, std::optional<c10::Layout>, std::optional<c10::Device>, std::optional<bool>, bool, std::optional<c10::MemoryFormat> > >, at::Tensor (c10::DispatchKeySet, at::Tensor const&, std::optional<c10::ScalarType>, std::optional<c10::Layout>, std::optional<c10::Device>, std::optional<bool>, bool, std::optional<c10::MemoryFormat>)>::call(c10::OperatorKernel*, c10::DispatchKeySet, at::Tensor const&, std::optional<c10::ScalarType>, std::optional<c10::Layout>, std::optional<c10::Device>, std::optional<bool>, bool, std::optional<c10::MemoryFormat>) [0x4997a3e] in libtorch_cpu.so
=========         Host Frame: at::_ops::_to_copy::call(at::Tensor const&, std::optional<c10::ScalarType>, std::optional<c10::Layout>, std::optional<c10::Device>, std::optional<bool>, bool, std::optional<c10::MemoryFormat>) [0x2264f7c] in libtorch_cpu.so
=========         Host Frame: at::native::to(at::Tensor const&, std::optional<c10::ScalarType>, std::optional<c10::Layout>, std::optional<c10::Device>, std::optional<bool>, bool, bool, std::optional<c10::MemoryFormat>) [0x1d104fd] in libtorch_cpu.so
=========         Host Frame: c10::impl::wrap_kernel_functor_unboxed_<c10::impl::detail::WrapFunctionIntoFunctor_<c10::CompileTimeFunctionPointer<at::Tensor (at::Tensor const&, std::optional<c10::ScalarType>, std::optional<c10::Layout>, std::optional<c10::Device>, std::optional<bool>, bool, bool, std::optional<c10::MemoryFormat>), &at::(anonymous namespace)::(anonymous namespace)::wrapper_CompositeImplicitAutograd_dtype_layout_to>, at::Tensor, c10::guts::typelist::typelist<at::Tensor const&, std::optional<c10::ScalarType>, std::optional<c10::Layout>, std::optional<c10::Device>, std::optional<bool>, bool, bool, std::optional<c10::MemoryFormat> > >, at::Tensor (at::Tensor const&, std::optional<c10::ScalarType>, std::optional<c10::Layout>, std::optional<c10::Device>, std::optional<bool>, bool, bool, std::optional<c10::MemoryFormat>)>::call(c10::OperatorKernel*, c10::DispatchKeySet, at::Tensor const&, std::optional<c10::ScalarType>, std::optional<c10::Layout>, std::optional<c10::Device>, std::optional<bool>, bool, bool, std::optional<c10::MemoryFormat>) [0x2be4c41] in libtorch_cpu.so
=========         Host Frame: at::_ops::to_dtype_layout::call(at::Tensor const&, std::optional<c10::ScalarType>, std::optional<c10::Layout>, std::optional<c10::Device>, std::optional<bool>, bool, bool, std::optional<c10::MemoryFormat>) [0x23fbe16] in libtorch_cpu.so
=========         Host Frame: at::Tensor::to(c10::TensorOptions, bool, bool, std::optional<c10::MemoryFormat>) const [0x4354c8] in libtorch_python.so
=========         Host Frame: torch::autograd::dispatch_to(at::Tensor const&, c10::Device, bool, bool, std::optional<c10::MemoryFormat>) [0x3d7920] in libtorch_python.so
=========         Host Frame: torch::autograd::THPVariable_cpu(_object*, _object*, _object*) [0x3d7b1d] in libtorch_python.so
=========         Host Frame:  [0x151347] in python
=========         Host Frame: PyObject_Vectorcall [0x149934] in python
=========         Host Frame: _PyEval_EvalFrameDefault [0x1d6f08] in python
=========         Host Frame: PyEval_EvalCode [0x1d544a] in python
=========         Host Frame:  [0x2085a1] in python
=========         Host Frame:  [0x2b5032] in python
=========         Host Frame: _PyRun_SimpleFileObject [0x2b4d99] in python
=========         Host Frame: _PyRun_AnyFileObject [0x2b4bce] in python
=========         Host Frame: Py_RunMain [0x2bcc34] in python
=========         Host Frame: Py_BytesMain [0x2bc71c] in python
=========         Host Frame:  [0x2a1c9] in libc.so.6
=========         Host Frame: __libc_start_main [0x2a28a] in libc.so.6
=========         Host Frame: _start [0x257bc4] in python
=========         Host Frame: validate in compare_baselines.py:117
=========         Host Frame: main in study.py:94
========= 
========= Host API memory access error at host access to 0xb11c8c000 of size 264192 bytes
=========     Uninitialized access at 0xb11c8c060 on access by cudaMemcpy source
=========     Saved host backtrace up to driver entry point at error
=========         Host Frame:  [0x481c0] in libcudart.so.12
=========         Host Frame:  [0x17057] in libcudart.so.12
=========         Host Frame: cudaMemcpyAsync [0x768a0] in libcudart.so.12
=========         Host Frame: at::native::copy_kernel_cuda(at::TensorIterator&, bool) [0x16a984b] in libtorch_cuda.so
=========         Host Frame: at::native::copy_impl(at::Tensor&, at::Tensor const&, bool) [clone .isra.0] [0x1a2f8a2] in libtorch_cpu.so
=========         Host Frame: at::native::copy_(at::Tensor&, at::Tensor const&, bool) [0x1a31186] in libtorch_cpu.so
=========         Host Frame: at::_ops::copy_::call(at::Tensor&, at::Tensor const&, bool) [0x26e73d6] in libtorch_cpu.so
=========         Host Frame: at::native::_to_copy(at::Tensor const&, std::optional<c10::ScalarType>, std::optional<c10::Layout>, std::optional<c10::Device>, std::optional<bool>, bool, std::optional<c10::MemoryFormat>) [0x1d12ab2] in libtorch_cpu.so
=========         Host Frame: c10::impl::wrap_kernel_functor_unboxed_<c10::impl::detail::WrapFunctionIntoFunctor_<c10::CompileTimeFunctionPointer<at::Tensor (at::Tensor const&, std::optional<c10::ScalarType>, std::optional<c10::Layout>, std::optional<c10::Device>, std::optional<bool>, bool, std::optional<c10::MemoryFormat>), &at::(anonymous namespace)::(anonymous namespace)::wrapper_CompositeExplicitAutograd___to_copy>, at::Tensor, c10::guts::typelist::typelist<at::Tensor const&, std::optional<c10::ScalarType>, std::optional<c10::Layout>, std::optional<c10::Device>, std::optional<bool>, bool, std::optional<c10::MemoryFormat> > >, at::Tensor (at::Tensor const&, std::optional<c10::ScalarType>, std::optional<c10::Layout>, std::optional<c10::Device>, std::optional<bool>, bool, std::optional<c10::MemoryFormat>)>::call(c10::OperatorKernel*, c10::DispatchKeySet, at::Tensor const&, std::optional<c10::ScalarType>, std::optional<c10::Layout>, std::optional<c10::Device>, std::optional<bool>, bool, std::optional<c10::MemoryFormat>) [0x2aed68b] in libtorch_cpu.so
=========         Host Frame: at::_ops::_to_copy::redispatch(c10::DispatchKeySet, at::Tensor const&, std::optional<c10::ScalarType>, std::optional<c10::Layout>, std::optional<c10::Device>, std::optional<bool>, bool, std::optional<c10::MemoryFormat>) [0x21c34d1] in libtorch_cpu.so
=========         Host Frame: c10::impl::wrap_kernel_functor_unboxed_<c10::impl::detail::WrapFunctionIntoFunctor_<c10::CompileTimeFunctionPointer<at::Tensor (at::Tensor const&, std::optional<c10::ScalarType>, std::optional<c10::Layout>, std::optional<c10::Device>, std::optional<bool>, bool, std::optional<c10::MemoryFormat>), &at::(anonymous namespace)::_to_copy>, at::Tensor, c10::guts::typelist::typelist<at::Tensor const&, std::optional<c10::ScalarType>, std::optional<c10::Layout>, std::optional<c10::Device>, std::optional<bool>, bool, std::optional<c10::MemoryFormat> > >, at::Tensor (at::Tensor const&, std::optional<c10::ScalarType>, std::optional<c10::Layout>, std::optional<c10::Device>, std::optional<bool>, bool, std::optional<c10::MemoryFormat>)>::call(c10::OperatorKernel*, c10::DispatchKeySet, at::Tensor const&, std::optional<c10::ScalarType>, std::optional<c10::Layout>, std::optional<c10::Device>, std::optional<bool>, bool, std::optional<c10::MemoryFormat>) [0x28ba68a] in libtorch_cpu.so
=========         Host Frame: at::_ops::_to_copy::redispatch(c10::DispatchKeySet, at::Tensor const&, std::optional<c10::ScalarType>, std::optional<c10::Layout>, std::optional<c10::Device>, std::optional<bool>, bool, std::optional<c10::MemoryFormat>) [0x21c34d1] in libtorch_cpu.so
=========         Host Frame: torch::autograd::VariableType::(anonymous namespace)::_to_copy(c10::DispatchKeySet, at::Tensor const&, std::optional<c10::ScalarType>, std::optional<c10::Layout>, std::optional<c10::Device>, std::optional<bool>, bool, std::optional<c10::MemoryFormat>) [0x49975db] in libtorch_cpu.so
=========         Host Frame: c10::impl::wrap_kernel_functor_unboxed_<c10::impl::detail::WrapFunctionIntoFunctor_<c10::CompileTimeFunctionPointer<at::Tensor (c10::DispatchKeySet, at::Tensor const&, std::optional<c10::ScalarType>, std::optional<c10::Layout>, std::optional<c10::Device>, std::optional<bool>, bool, std::optional<c10::MemoryFormat>), &torch::autograd::VariableType::(anonymous namespace)::_to_copy>, at::Tensor, c10::guts::typelist::typelist<c10::DispatchKeySet, at::Tensor const&, std::optional<c10::ScalarType>, std::optional<c10::Layout>, std::optional<c10::Device>, std::optional<bool>, bool, std::optional<c10::MemoryFormat> > >, at::Tensor (c10::DispatchKeySet, at::Tensor const&, std::optional<c10::ScalarType>, std::optional<c10::Layout>, std::optional<c10::Device>, std::optional<bool>, bool, std::optional<c10::MemoryFormat>)>::call(c10::OperatorKernel*, c10::DispatchKeySet, at::Tensor const&, std::optional<c10::ScalarType>, std::optional<c10::Layout>, std::optional<c10::Device>, std::optional<bool>, bool, std::optional<c10::MemoryFormat>) [0x4997a3e] in libtorch_cpu.so
=========         Host Frame: at::_ops::_to_copy::call(at::Tensor const&, std::optional<c10::ScalarType>, std::optional<c10::Layout>, std::optional<c10::Device>, std::optional<bool>, bool, std::optional<c10::MemoryFormat>) [0x2264f7c] in libtorch_cpu.so
=========         Host Frame: at::native::to(at::Tensor const&, std::optional<c10::ScalarType>, std::optional<c10::Layout>, std::optional<c10::Device>, std::optional<bool>, bool, bool, std::optional<c10::MemoryFormat>) [0x1d104fd] in libtorch_cpu.so
=========         Host Frame: c10::impl::wrap_kernel_functor_unboxed_<c10::impl::detail::WrapFunctionIntoFunctor_<c10::CompileTimeFunctionPointer<at::Tensor (at::Tensor const&, std::optional<c10::ScalarType>, std::optional<c10::Layout>, std::optional<c10::Device>, std::optional<bool>, bool, bool, std::optional<c10::MemoryFormat>), &at::(anonymous namespace)::(anonymous namespace)::wrapper_CompositeImplicitAutograd_dtype_layout_to>, at::Tensor, c10::guts::typelist::typelist<at::Tensor const&, std::optional<c10::ScalarType>, std::optional<c10::Layout>, std::optional<c10::Device>, std::optional<bool>, bool, bool, std::optional<c10::MemoryFormat> > >, at::Tensor (at::Tensor const&, std::optional<c10::ScalarType>, std::optional<c10::Layout>, std::optional<c10::Device>, std::optional<bool>, bool, bool, std::optional<c10::MemoryFormat>)>::call(c10::OperatorKernel*, c10::DispatchKeySet, at::Tensor const&, std::optional<c10::ScalarType>, std::optional<c10::Layout>, std::optional<c10::Device>, std::optional<bool>, bool, bool, std::optional<c10::MemoryFormat>) [0x2be4c41] in libtorch_cpu.so
=========         Host Frame: at::_ops::to_dtype_layout::call(at::Tensor const&, std::optional<c10::ScalarType>, std::optional<c10::Layout>, std::optional<c10::Device>, std::optional<bool>, bool, bool, std::optional<c10::MemoryFormat>) [0x23fbe16] in libtorch_cpu.so
=========         Host Frame: at::Tensor::to(c10::TensorOptions, bool, bool, std::optional<c10::MemoryFormat>) const [0x4354c8] in libtorch_python.so
=========         Host Frame: torch::autograd::dispatch_to(at::Tensor const&, c10::Device, bool, bool, std::optional<c10::MemoryFormat>) [0x3d7920] in libtorch_python.so
=========         Host Frame: torch::autograd::THPVariable_cpu(_object*, _object*, _object*) [0x3d7b1d] in libtorch_python.so
=========         Host Frame:  [0x151347] in python
=========         Host Frame: PyObject_Vectorcall [0x149934] in python
=========         Host Frame: _PyEval_EvalFrameDefault [0x1d6f08] in python
=========         Host Frame: PyEval_EvalCode [0x1d544a] in python
=========         Host Frame:  [0x2085a1] in python
=========         Host Frame:  [0x2b5032] in python
=========         Host Frame: _PyRun_SimpleFileObject [0x2b4d99] in python
=========         Host Frame: _PyRun_AnyFileObject [0x2b4bce] in python
=========         Host Frame: Py_RunMain [0x2bcc34] in python
=========         Host Frame: Py_BytesMain [0x2bc71c] in python
=========         Host Frame:  [0x2a1c9] in libc.so.6
=========         Host Frame: __libc_start_main [0x2a28a] in libc.so.6
=========         Host Frame: _start [0x257bc4] in python
=========         Host Frame: validate in compare_baselines.py:117
=========         Host Frame: main in study.py:94
========= 
========= Host API memory access error at host access to 0xb11c8c000 of size 264192 bytes
=========     Uninitialized access at 0xb11c8c080 on access by cudaMemcpy source
=========     Saved host backtrace up to driver entry point at error
=========         Host Frame:  [0x481c0] in libcudart.so.12
=========         Host Frame:  [0x17057] in libcudart.so.12
=========         Host Frame: cudaMemcpyAsync [0x768a0] in libcudart.so.12
=========         Host Frame: at::native::copy_kernel_cuda(at::TensorIterator&, bool) [0x16a984b] in libtorch_cuda.so
=========         Host Frame: at::native::copy_impl(at::Tensor&, at::Tensor const&, bool) [clone .isra.0] [0x1a2f8a2] in libtorch_cpu.so
=========         Host Frame: at::native::copy_(at::Tensor&, at::Tensor const&, bool) [0x1a31186] in libtorch_cpu.so
=========         Host Frame: at::_ops::copy_::call(at::Tensor&, at::Tensor const&, bool) [0x26e73d6] in libtorch_cpu.so
=========         Host Frame: at::native::_to_copy(at::Tensor const&, std::optional<c10::ScalarType>, std::optional<c10::Layout>, std::optional<c10::Device>, std::optional<bool>, bool, std::optional<c10::MemoryFormat>) [0x1d12ab2] in libtorch_cpu.so
=========         Host Frame: c10::impl::wrap_kernel_functor_unboxed_<c10::impl::detail::WrapFunctionIntoFunctor_<c10::CompileTimeFunctionPointer<at::Tensor (at::Tensor const&, std::optional<c10::ScalarType>, std::optional<c10::Layout>, std::optional<c10::Device>, std::optional<bool>, bool, std::optional<c10::MemoryFormat>), &at::(anonymous namespace)::(anonymous namespace)::wrapper_CompositeExplicitAutograd___to_copy>, at::Tensor, c10::guts::typelist::typelist<at::Tensor const&, std::optional<c10::ScalarType>, std::optional<c10::Layout>, std::optional<c10::Device>, std::optional<bool>, bool, std::optional<c10::MemoryFormat> > >, at::Tensor (at::Tensor const&, std::optional<c10::ScalarType>, std::optional<c10::Layout>, std::optional<c10::Device>, std::optional<bool>, bool, std::optional<c10::MemoryFormat>)>::call(c10::OperatorKernel*, c10::DispatchKeySet, at::Tensor const&, std::optional<c10::ScalarType>, std::optional<c10::Layout>, std::optional<c10::Device>, std::optional<bool>, bool, std::optional<c10::MemoryFormat>) [0x2aed68b] in libtorch_cpu.so
=========         Host Frame: at::_ops::_to_copy::redispatch(c10::DispatchKeySet, at::Tensor const&, std::optional<c10::ScalarType>, std::optional<c10::Layout>, std::optional<c10::Device>, std::optional<bool>, bool, std::optional<c10::MemoryFormat>) [0x21c34d1] in libtorch_cpu.so
=========         Host Frame: c10::impl::wrap_kernel_functor_unboxed_<c10::impl::detail::WrapFunctionIntoFunctor_<c10::CompileTimeFunctionPointer<at::Tensor (at::Tensor const&, std::optional<c10::ScalarType>, std::optional<c10::Layout>, std::optional<c10::Device>, std::optional<bool>, bool, std::optional<c10::MemoryFormat>), &at::(anonymous namespace)::_to_copy>, at::Tensor, c10::guts::typelist::typelist<at::Tensor const&, std::optional<c10::ScalarType>, std::optional<c10::Layout>, std::optional<c10::Device>, std::optional<bool>, bool, std::optional<c10::MemoryFormat> > >, at::Tensor (at::Tensor const&, std::optional<c10::ScalarType>, std::optional<c10::Layout>, std::optional<c10::Device>, std::optional<bool>, bool, std::optional<c10::MemoryFormat>)>::call(c10::OperatorKernel*, c10::DispatchKeySet, at::Tensor const&, std::optional<c10::ScalarType>, std::optional<c10::Layout>, std::optional<c10::Device>, std::optional<bool>, bool, std::optional<c10::MemoryFormat>) [0x28ba68a] in libtorch_cpu.so
=========         Host Frame: at::_ops::_to_copy::redispatch(c10::DispatchKeySet, at::Tensor const&, std::optional<c10::ScalarType>, std::optional<c10::Layout>, std::optional<c10::Device>, std::optional<bool>, bool, std::optional<c10::MemoryFormat>) [0x21c34d1] in libtorch_cpu.so
=========         Host Frame: torch::autograd::VariableType::(anonymous namespace)::_to_copy(c10::DispatchKeySet, at::Tensor const&, std::optional<c10::ScalarType>, std::optional<c10::Layout>, std::optional<c10::Device>, std::optional<bool>, bool, std::optional<c10::MemoryFormat>) [0x49975db] in libtorch_cpu.so
=========         Host Frame: c10::impl::wrap_kernel_functor_unboxed_<c10::impl::detail::WrapFunctionIntoFunctor_<c10::CompileTimeFunctionPointer<at::Tensor (c10::DispatchKeySet, at::Tensor const&, std::optional<c10::ScalarType>, std::optional<c10::Layout>, std::optional<c10::Device>, std::optional<bool>, bool, std::optional<c10::MemoryFormat>), &torch::autograd::VariableType::(anonymous namespace)::_to_copy>, at::Tensor, c10::guts::typelist::typelist<c10::DispatchKeySet, at::Tensor const&, std::optional<c10::ScalarType>, std::optional<c10::Layout>, std::optional<c10::Device>, std::optional<bool>, bool, std::optional<c10::MemoryFormat> > >, at::Tensor (c10::DispatchKeySet, at::Tensor const&, std::optional<c10::ScalarType>, std::optional<c10::Layout>, std::optional<c10::Device>, std::optional<bool>, bool, std::optional<c10::MemoryFormat>)>::call(c10::OperatorKernel*, c10::DispatchKeySet, at::Tensor const&, std::optional<c10::ScalarType>, std::optional<c10::Layout>, std::optional<c10::Device>, std::optional<bool>, bool, std::optional<c10::MemoryFormat>) [0x4997a3e] in libtorch_cpu.so
=========         Host Frame: at::_ops::_to_copy::call(at::Tensor const&, std::optional<c10::ScalarType>, std::optional<c10::Layout>, std::optional<c10::Device>, std::optional<bool>, bool, std::optional<c10::MemoryFormat>) [0x2264f7c] in libtorch_cpu.so
=========         Host Frame: at::native::to(at::Tensor const&, std::optional<c10::ScalarType>, std::optional<c10::Layout>, std::optional<c10::Device>, std::optional<bool>, bool, bool, std::optional<c10::MemoryFormat>) [0x1d104fd] in libtorch_cpu.so
=========         Host Frame: c10::impl::wrap_kernel_functor_unboxed_<c10::impl::detail::WrapFunctionIntoFunctor_<c10::CompileTimeFunctionPointer<at::Tensor (at::Tensor const&, std::optional<c10::ScalarType>, std::optional<c10::Layout>, std::optional<c10::Device>, std::optional<bool>, bool, bool, std::optional<c10::MemoryFormat>), &at::(anonymous namespace)::(anonymous namespace)::wrapper_CompositeImplicitAutograd_dtype_layout_to>, at::Tensor, c10::guts::typelist::typelist<at::Tensor const&, std::optional<c10::ScalarType>, std::optional<c10::Layout>, std::optional<c10::Device>, std::optional<bool>, bool, bool, std::optional<c10::MemoryFormat> > >, at::Tensor (at::Tensor const&, std::optional<c10::ScalarType>, std::optional<c10::Layout>, std::optional<c10::Device>, std::optional<bool>, bool, bool, std::optional<c10::MemoryFormat>)>::call(c10::OperatorKernel*, c10::DispatchKeySet, at::Tensor const&, std::optional<c10::ScalarType>, std::optional<c10::Layout>, std::optional<c10::Device>, std::optional<bool>, bool, bool, std::optional<c10::MemoryFormat>) [0x2be4c41] in libtorch_cpu.so
=========         Host Frame: at::_ops::to_dtype_layout::call(at::Tensor const&, std::optional<c10::ScalarType>, std::optional<c10::Layout>, std::optional<c10::Device>, std::optional<bool>, bool, bool, std::optional<c10::MemoryFormat>) [0x23fbe16] in libtorch_cpu.so
=========         Host Frame: at::Tensor::to(c10::TensorOptions, bool, bool, std::optional<c10::MemoryFormat>) const [0x4354c8] in libtorch_python.so
=========         Host Frame: torch::autograd::dispatch_to(at::Tensor const&, c10::Device, bool, bool, std::optional<c10::MemoryFormat>) [0x3d7920] in libtorch_python.so
=========         Host Frame: torch::autograd::THPVariable_cpu(_object*, _object*, _object*) [0x3d7b1d] in libtorch_python.so
=========         Host Frame:  [0x151347] in python
=========         Host Frame: PyObject_Vectorcall [0x149934] in python
=========         Host Frame: _PyEval_EvalFrameDefault [0x1d6f08] in python
=========         Host Frame: PyEval_EvalCode [0x1d544a] in python
=========         Host Frame:  [0x2085a1] in python
=========         Host Frame:  [0x2b5032] in python
=========         Host Frame: _PyRun_SimpleFileObject [0x2b4d99] in python
=========         Host Frame: _PyRun_AnyFileObject [0x2b4bce] in python
=========         Host Frame: Py_RunMain [0x2bcc34] in python
=========         Host Frame: Py_BytesMain [0x2bc71c] in python
=========         Host Frame:  [0x2a1c9] in libc.so.6
=========         Host Frame: __libc_start_main [0x2a28a] in libc.so.6
=========         Host Frame: _start [0x257bc4] in python
=========         Host Frame: validate in compare_baselines.py:117
=========         Host Frame: main in study.py:94
========= 
========= Host API memory access error at host access to 0xb11c8c000 of size 264192 bytes
=========     Uninitialized access at 0xb11c8c0a0 on access by cudaMemcpy source
=========     Saved host backtrace up to driver entry point at error
=========         Host Frame:  [0x481c0] in libcudart.so.12
=========         Host Frame:  [0x17057] in libcudart.so.12
=========         Host Frame: cudaMemcpyAsync [0x768a0] in libcudart.so.12
=========         Host Frame: at::native::copy_kernel_cuda(at::TensorIterator&, bool) [0x16a984b] in libtorch_cuda.so
=========         Host Frame: at::native::copy_impl(at::Tensor&, at::Tensor const&, bool) [clone .isra.0] [0x1a2f8a2] in libtorch_cpu.so
=========         Host Frame: at::native::copy_(at::Tensor&, at::Tensor const&, bool) [0x1a31186] in libtorch_cpu.so
=========         Host Frame: at::_ops::copy_::call(at::Tensor&, at::Tensor const&, bool) [0x26e73d6] in libtorch_cpu.so
=========         Host Frame: at::native::_to_copy(at::Tensor const&, std::optional<c10::ScalarType>, std::optional<c10::Layout>, std::optional<c10::Device>, std::optional<bool>, bool, std::optional<c10::MemoryFormat>) [0x1d12ab2] in libtorch_cpu.so
=========         Host Frame: c10::impl::wrap_kernel_functor_unboxed_<c10::impl::detail::WrapFunctionIntoFunctor_<c10::CompileTimeFunctionPointer<at::Tensor (at::Tensor const&, std::optional<c10::ScalarType>, std::optional<c10::Layout>, std::optional<c10::Device>, std::optional<bool>, bool, std::optional<c10::MemoryFormat>), &at::(anonymous namespace)::(anonymous namespace)::wrapper_CompositeExplicitAutograd___to_copy>, at::Tensor, c10::guts::typelist::typelist<at::Tensor const&, std::optional<c10::ScalarType>, std::optional<c10::Layout>, std::optional<c10::Device>, std::optional<bool>, bool, std::optional<c10::MemoryFormat> > >, at::Tensor (at::Tensor const&, std::optional<c10::ScalarType>, std::optional<c10::Layout>, std::optional<c10::Device>, std::optional<bool>, bool, std::optional<c10::MemoryFormat>)>::call(c10::OperatorKernel*, c10::DispatchKeySet, at::Tensor const&, std::optional<c10::ScalarType>, std::optional<c10::Layout>, std::optional<c10::Device>, std::optional<bool>, bool, std::optional<c10::MemoryFormat>) [0x2aed68b] in libtorch_cpu.so
=========         Host Frame: at::_ops::_to_copy::redispatch(c10::DispatchKeySet, at::Tensor const&, std::optional<c10::ScalarType>, std::optional<c10::Layout>, std::optional<c10::Device>, std::optional<bool>, bool, std::optional<c10::MemoryFormat>) [0x21c34d1] in libtorch_cpu.so
=========         Host Frame: c10::impl::wrap_kernel_functor_unboxed_<c10::impl::detail::WrapFunctionIntoFunctor_<c10::CompileTimeFunctionPointer<at::Tensor (at::Tensor const&, std::optional<c10::ScalarType>, std::optional<c10::Layout>, std::optional<c10::Device>, std::optional<bool>, bool, std::optional<c10::MemoryFormat>), &at::(anonymous namespace)::_to_copy>, at::Tensor, c10::guts::typelist::typelist<at::Tensor const&, std::optional<c10::ScalarType>, std::optional<c10::Layout>, std::optional<c10::Device>, std::optional<bool>, bool, std::optional<c10::MemoryFormat> > >, at::Tensor (at::Tensor const&, std::optional<c10::ScalarType>, std::optional<c10::Layout>, std::optional<c10::Device>, std::optional<bool>, bool, std::optional<c10::MemoryFormat>)>::call(c10::OperatorKernel*, c10::DispatchKeySet, at::Tensor const&, std::optional<c10::ScalarType>, std::optional<c10::Layout>, std::optional<c10::Device>, std::optional<bool>, bool, std::optional<c10::MemoryFormat>) [0x28ba68a] in libtorch_cpu.so
=========         Host Frame: at::_ops::_to_copy::redispatch(c10::DispatchKeySet, at::Tensor const&, std::optional<c10::ScalarType>, std::optional<c10::Layout>, std::optional<c10::Device>, std::optional<bool>, bool, std::optional<c10::MemoryFormat>) [0x21c34d1] in libtorch_cpu.so
=========         Host Frame: torch::autograd::VariableType::(anonymous namespace)::_to_copy(c10::DispatchKeySet, at::Tensor const&, std::optional<c10::ScalarType>, std::optional<c10::Layout>, std::optional<c10::Device>, std::optional<bool>, bool, std::optional<c10::MemoryFormat>) [0x49975db] in libtorch_cpu.so
=========         Host Frame: c10::impl::wrap_kernel_functor_unboxed_<c10::impl::detail::WrapFunctionIntoFunctor_<c10::CompileTimeFunctionPointer<at::Tensor (c10::DispatchKeySet, at::Tensor const&, std::optional<c10::ScalarType>, std::optional<c10::Layout>, std::optional<c10::Device>, std::optional<bool>, bool, std::optional<c10::MemoryFormat>), &torch::autograd::VariableType::(anonymous namespace)::_to_copy>, at::Tensor, c10::guts::typelist::typelist<c10::DispatchKeySet, at::Tensor const&, std::optional<c10::ScalarType>, std::optional<c10::Layout>, std::optional<c10::Device>, std::optional<bool>, bool, std::optional<c10::MemoryFormat> > >, at::Tensor (c10::DispatchKeySet, at::Tensor const&, std::optional<c10::ScalarType>, std::optional<c10::Layout>, std::optional<c10::Device>, std::optional<bool>, bool, std::optional<c10::MemoryFormat>)>::call(c10::OperatorKernel*, c10::DispatchKeySet, at::Tensor const&, std::optional<c10::ScalarType>, std::optional<c10::Layout>, std::optional<c10::Device>, std::optional<bool>, bool, std::optional<c10::MemoryFormat>) [0x4997a3e] in libtorch_cpu.so
=========         Host Frame: at::_ops::_to_copy::call(at::Tensor const&, std::optional<c10::ScalarType>, std::optional<c10::Layout>, std::optional<c10::Device>, std::optional<bool>, bool, std::optional<c10::MemoryFormat>) [0x2264f7c] in libtorch_cpu.so
=========         Host Frame: at::native::to(at::Tensor const&, std::optional<c10::ScalarType>, std::optional<c10::Layout>, std::optional<c10::Device>, std::optional<bool>, bool, bool, std::optional<c10::MemoryFormat>) [0x1d104fd] in libtorch_cpu.so
=========         Host Frame: c10::impl::wrap_kernel_functor_unboxed_<c10::impl::detail::WrapFunctionIntoFunctor_<c10::CompileTimeFunctionPointer<at::Tensor (at::Tensor const&, std::optional<c10::ScalarType>, std::optional<c10::Layout>, std::optional<c10::Device>, std::optional<bool>, bool, bool, std::optional<c10::MemoryFormat>), &at::(anonymous namespace)::(anonymous namespace)::wrapper_CompositeImplicitAutograd_dtype_layout_to>, at::Tensor, c10::guts::typelist::typelist<at::Tensor const&, std::optional<c10::ScalarType>, std::optional<c10::Layout>, std::optional<c10::Device>, std::optional<bool>, bool, bool, std::optional<c10::MemoryFormat> > >, at::Tensor (at::Tensor const&, std::optional<c10::ScalarType>, std::optional<c10::Layout>, std::optional<c10::Device>, std::optional<bool>, bool, bool, std::optional<c10::MemoryFormat>)>::call(c10::OperatorKernel*, c10::DispatchKeySet, at::Tensor const&, std::optional<c10::ScalarType>, std::optional<c10::Layout>, std::optional<c10::Device>, std::optional<bool>, bool, bool, std::optional<c10::MemoryFormat>) [0x2be4c41] in libtorch_cpu.so
=========         Host Frame: at::_ops::to_dtype_layout::call(at::Tensor const&, std::optional<c10::ScalarType>, std::optional<c10::Layout>, std::optional<c10::Device>, std::optional<bool>, bool, bool, std::optional<c10::MemoryFormat>) [0x23fbe16] in libtorch_cpu.so
=========         Host Frame: at::Tensor::to(c10::TensorOptions, bool, bool, std::optional<c10::MemoryFormat>) const [0x4354c8] in libtorch_python.so
=========         Host Frame: torch::autograd::dispatch_to(at::Tensor const&, c10::Device, bool, bool, std::optional<c10::MemoryFormat>) [0x3d7920] in libtorch_python.so
=========         Host Frame: torch::autograd::THPVariable_cpu(_object*, _object*, _object*) [0x3d7b1d] in libtorch_python.so
=========         Host Frame:  [0x151347] in python
=========         Host Frame: PyObject_Vectorcall [0x149934] in python
=========         Host Frame: _PyEval_EvalFrameDefault [0x1d6f08] in python
=========         Host Frame: PyEval_EvalCode [0x1d544a] in python
=========         Host Frame:  [0x2085a1] in python
=========         Host Frame:  [0x2b5032] in python
=========         Host Frame: _PyRun_SimpleFileObject [0x2b4d99] in python
=========         Host Frame: _PyRun_AnyFileObject [0x2b4bce] in python
=========         Host Frame: Py_RunMain [0x2bcc34] in python
=========         Host Frame: Py_BytesMain [0x2bc71c] in python
=========         Host Frame:  [0x2a1c9] in libc.so.6
=========         Host Frame: __libc_start_main [0x2a28a] in libc.so.6
=========         Host Frame: _start [0x257bc4] in python
=========         Host Frame: validate in compare_baselines.py:117
=========         Host Frame: main in study.py:94
========= 
========= Host API memory access error at host access to 0xb11c8c000 of size 264192 bytes
=========     Uninitialized access at 0xb11c8c0c0 on access by cudaMemcpy source
=========     Saved host backtrace up to driver entry point at error
=========         Host Frame:  [0x481c0] in libcudart.so.12
=========         Host Frame:  [0x17057] in libcudart.so.12
=========         Host Frame: cudaMemcpyAsync [0x768a0] in libcudart.so.12
=========         Host Frame: at::native::copy_kernel_cuda(at::TensorIterator&, bool) [0x16a984b] in libtorch_cuda.so
=========         Host Frame: at::native::copy_impl(at::Tensor&, at::Tensor const&, bool) [clone .isra.0] [0x1a2f8a2] in libtorch_cpu.so
=========         Host Frame: at::native::copy_(at::Tensor&, at::Tensor const&, bool) [0x1a31186] in libtorch_cpu.so
=========         Host Frame: at::_ops::copy_::call(at::Tensor&, at::Tensor const&, bool) [0x26e73d6] in libtorch_cpu.so
=========         Host Frame: at::native::_to_copy(at::Tensor const&, std::optional<c10::ScalarType>, std::optional<c10::Layout>, std::optional<c10::Device>, std::optional<bool>, bool, std::optional<c10::MemoryFormat>) [0x1d12ab2] in libtorch_cpu.so
=========         Host Frame: c10::impl::wrap_kernel_functor_unboxed_<c10::impl::detail::WrapFunctionIntoFunctor_<c10::CompileTimeFunctionPointer<at::Tensor (at::Tensor const&, std::optional<c10::ScalarType>, std::optional<c10::Layout>, std::optional<c10::Device>, std::optional<bool>, bool, std::optional<c10::MemoryFormat>), &at::(anonymous namespace)::(anonymous namespace)::wrapper_CompositeExplicitAutograd___to_copy>, at::Tensor, c10::guts::typelist::typelist<at::Tensor const&, std::optional<c10::ScalarType>, std::optional<c10::Layout>, std::optional<c10::Device>, std::optional<bool>, bool, std::optional<c10::MemoryFormat> > >, at::Tensor (at::Tensor const&, std::optional<c10::ScalarType>, std::optional<c10::Layout>, std::optional<c10::Device>, std::optional<bool>, bool, std::optional<c10::MemoryFormat>)>::call(c10::OperatorKernel*, c10::DispatchKeySet, at::Tensor const&, std::optional<c10::ScalarType>, std::optional<c10::Layout>, std::optional<c10::Device>, std::optional<bool>, bool, std::optional<c10::MemoryFormat>) [0x2aed68b] in libtorch_cpu.so
=========         Host Frame: at::_ops::_to_copy::redispatch(c10::DispatchKeySet, at::Tensor const&, std::optional<c10::ScalarType>, std::optional<c10::Layout>, std::optional<c10::Device>, std::optional<bool>, bool, std::optional<c10::MemoryFormat>) [0x21c34d1] in libtorch_cpu.so
=========         Host Frame: c10::impl::wrap_kernel_functor_unboxed_<c10::impl::detail::WrapFunctionIntoFunctor_<c10::CompileTimeFunctionPointer<at::Tensor (at::Tensor const&, std::optional<c10::ScalarType>, std::optional<c10::Layout>, std::optional<c10::Device>, std::optional<bool>, bool, std::optional<c10::MemoryFormat>), &at::(anonymous namespace)::_to_copy>, at::Tensor, c10::guts::typelist::typelist<at::Tensor const&, std::optional<c10::ScalarType>, std::optional<c10::Layout>, std::optional<c10::Device>, std::optional<bool>, bool, std::optional<c10::MemoryFormat> > >, at::Tensor (at::Tensor const&, std::optional<c10::ScalarType>, std::optional<c10::Layout>, std::optional<c10::Device>, std::optional<bool>, bool, std::optional<c10::MemoryFormat>)>::call(c10::OperatorKernel*, c10::DispatchKeySet, at::Tensor const&, std::optional<c10::ScalarType>, std::optional<c10::Layout>, std::optional<c10::Device>, std::optional<bool>, bool, std::optional<c10::MemoryFormat>) [0x28ba68a] in libtorch_cpu.so
=========         Host Frame: at::_ops::_to_copy::redispatch(c10::DispatchKeySet, at::Tensor const&, std::optional<c10::ScalarType>, std::optional<c10::Layout>, std::optional<c10::Device>, std::optional<bool>, bool, std::optional<c10::MemoryFormat>) [0x21c34d1] in libtorch_cpu.so
=========         Host Frame: torch::autograd::VariableType::(anonymous namespace)::_to_copy(c10::DispatchKeySet, at::Tensor const&, std::optional<c10::ScalarType>, std::optional<c10::Layout>, std::optional<c10::Device>, std::optional<bool>, bool, std::optional<c10::MemoryFormat>) [0x49975db] in libtorch_cpu.so
=========         Host Frame: c10::impl::wrap_kernel_functor_unboxed_<c10::impl::detail::WrapFunctionIntoFunctor_<c10::CompileTimeFunctionPointer<at::Tensor (c10::DispatchKeySet, at::Tensor const&, std::optional<c10::ScalarType>, std::optional<c10::Layout>, std::optional<c10::Device>, std::optional<bool>, bool, std::optional<c10::MemoryFormat>), &torch::autograd::VariableType::(anonymous namespace)::_to_copy>, at::Tensor, c10::guts::typelist::typelist<c10::DispatchKeySet, at::Tensor const&, std::optional<c10::ScalarType>, std::optional<c10::Layout>, std::optional<c10::Device>, std::optional<bool>, bool, std::optional<c10::MemoryFormat> > >, at::Tensor (c10::DispatchKeySet, at::Tensor const&, std::optional<c10::ScalarType>, std::optional<c10::Layout>, std::optional<c10::Device>, std::optional<bool>, bool, std::optional<c10::MemoryFormat>)>::call(c10::OperatorKernel*, c10::DispatchKeySet, at::Tensor const&, std::optional<c10::ScalarType>, std::optional<c10::Layout>, std::optional<c10::Device>, std::optional<bool>, bool, std::optional<c10::MemoryFormat>) [0x4997a3e] in libtorch_cpu.so
=========         Host Frame: at::_ops::_to_copy::call(at::Tensor const&, std::optional<c10::ScalarType>, std::optional<c10::Layout>, std::optional<c10::Device>, std::optional<bool>, bool, std::optional<c10::MemoryFormat>) [0x2264f7c] in libtorch_cpu.so
=========         Host Frame: at::native::to(at::Tensor const&, std::optional<c10::ScalarType>, std::optional<c10::Layout>, std::optional<c10::Device>, std::optional<bool>, bool, bool, std::optional<c10::MemoryFormat>) [0x1d104fd] in libtorch_cpu.so
=========         Host Frame: c10::impl::wrap_kernel_functor_unboxed_<c10::impl::detail::WrapFunctionIntoFunctor_<c10::CompileTimeFunctionPointer<at::Tensor (at::Tensor const&, std::optional<c10::ScalarType>, std::optional<c10::Layout>, std::optional<c10::Device>, std::optional<bool>, bool, bool, std::optional<c10::MemoryFormat>), &at::(anonymous namespace)::(anonymous namespace)::wrapper_CompositeImplicitAutograd_dtype_layout_to>, at::Tensor, c10::guts::typelist::typelist<at::Tensor const&, std::optional<c10::ScalarType>, std::optional<c10::Layout>, std::optional<c10::Device>, std::optional<bool>, bool, bool, std::optional<c10::MemoryFormat> > >, at::Tensor (at::Tensor const&, std::optional<c10::ScalarType>, std::optional<c10::Layout>, std::optional<c10::Device>, std::optional<bool>, bool, bool, std::optional<c10::MemoryFormat>)>::call(c10::OperatorKernel*, c10::DispatchKeySet, at::Tensor const&, std::optional<c10::ScalarType>, std::optional<c10::Layout>, std::optional<c10::Device>, std::optional<bool>, bool, bool, std::optional<c10::MemoryFormat>) [0x2be4c41] in libtorch_cpu.so
=========         Host Frame: at::_ops::to_dtype_layout::call(at::Tensor const&, std::optional<c10::ScalarType>, std::optional<c10::Layout>, std::optional<c10::Device>, std::optional<bool>, bool, bool, std::optional<c10::MemoryFormat>) [0x23fbe16] in libtorch_cpu.so
=========         Host Frame: at::Tensor::to(c10::TensorOptions, bool, bool, std::optional<c10::MemoryFormat>) const [0x4354c8] in libtorch_python.so
=========         Host Frame: torch::autograd::dispatch_to(at::Tensor const&, c10::Device, bool, bool, std::optional<c10::MemoryFormat>) [0x3d7920] in libtorch_python.so
=========         Host Frame: torch::autograd::THPVariable_cpu(_object*, _object*, _object*) [0x3d7b1d] in libtorch_python.so
=========         Host Frame:  [0x151347] in python
=========         Host Frame: PyObject_Vectorcall [0x149934] in python
=========         Host Frame: _PyEval_EvalFrameDefault [0x1d6f08] in python
=========         Host Frame: PyEval_EvalCode [0x1d544a] in python
=========         Host Frame:  [0x2085a1] in python
=========         Host Frame:  [0x2b5032] in python
=========         Host Frame: _PyRun_SimpleFileObject [0x2b4d99] in python
=========         Host Frame: _PyRun_AnyFileObject [0x2b4bce] in python
=========         Host Frame: Py_RunMain [0x2bcc34] in python
=========         Host Frame: Py_BytesMain [0x2bc71c] in python
=========         Host Frame:  [0x2a1c9] in libc.so.6
=========         Host Frame: __libc_start_main [0x2a28a] in libc.so.6
=========         Host Frame: _start [0x257bc4] in python
=========         Host Frame: validate in compare_baselines.py:117
=========         Host Frame: main in study.py:94
========= 
========= Host API memory access error at host access to 0xb11c8c000 of size 264192 bytes
=========     Uninitialized access at 0xb11c8c0e0 on access by cudaMemcpy source
=========     Saved host backtrace up to driver entry point at error
=========         Host Frame:  [0x481c0] in libcudart.so.12
=========         Host Frame:  [0x17057] in libcudart.so.12
=========         Host Frame: cudaMemcpyAsync [0x768a0] in libcudart.so.12
=========         Host Frame: at::native::copy_kernel_cuda(at::TensorIterator&, bool) [0x16a984b] in libtorch_cuda.so
=========         Host Frame: at::native::copy_impl(at::Tensor&, at::Tensor const&, bool) [clone .isra.0] [0x1a2f8a2] in libtorch_cpu.so
=========         Host Frame: at::native::copy_(at::Tensor&, at::Tensor const&, bool) [0x1a31186] in libtorch_cpu.so
=========         Host Frame: at::_ops::copy_::call(at::Tensor&, at::Tensor const&, bool) [0x26e73d6] in libtorch_cpu.so
=========         Host Frame: at::native::_to_copy(at::Tensor const&, std::optional<c10::ScalarType>, std::optional<c10::Layout>, std::optional<c10::Device>, std::optional<bool>, bool, std::optional<c10::MemoryFormat>) [0x1d12ab2] in libtorch_cpu.so
=========         Host Frame: c10::impl::wrap_kernel_functor_unboxed_<c10::impl::detail::WrapFunctionIntoFunctor_<c10::CompileTimeFunctionPointer<at::Tensor (at::Tensor const&, std::optional<c10::ScalarType>, std::optional<c10::Layout>, std::optional<c10::Device>, std::optional<bool>, bool, std::optional<c10::MemoryFormat>), &at::(anonymous namespace)::(anonymous namespace)::wrapper_CompositeExplicitAutograd___to_copy>, at::Tensor, c10::guts::typelist::typelist<at::Tensor const&, std::optional<c10::ScalarType>, std::optional<c10::Layout>, std::optional<c10::Device>, std::optional<bool>, bool, std::optional<c10::MemoryFormat> > >, at::Tensor (at::Tensor const&, std::optional<c10::ScalarType>, std::optional<c10::Layout>, std::optional<c10::Device>, std::optional<bool>, bool, std::optional<c10::MemoryFormat>)>::call(c10::OperatorKernel*, c10::DispatchKeySet, at::Tensor const&, std::optional<c10::ScalarType>, std::optional<c10::Layout>, std::optional<c10::Device>, std::optional<bool>, bool, std::optional<c10::MemoryFormat>) [0x2aed68b] in libtorch_cpu.so
=========         Host Frame: at::_ops::_to_copy::redispatch(c10::DispatchKeySet, at::Tensor const&, std::optional<c10::ScalarType>, std::optional<c10::Layout>, std::optional<c10::Device>, std::optional<bool>, bool, std::optional<c10::MemoryFormat>) [0x21c34d1] in libtorch_cpu.so
=========         Host Frame: c10::impl::wrap_kernel_functor_unboxed_<c10::impl::detail::WrapFunctionIntoFunctor_<c10::CompileTimeFunctionPointer<at::Tensor (at::Tensor const&, std::optional<c10::ScalarType>, std::optional<c10::Layout>, std::optional<c10::Device>, std::optional<bool>, bool, std::optional<c10::MemoryFormat>), &at::(anonymous namespace)::_to_copy>, at::Tensor, c10::guts::typelist::typelist<at::Tensor const&, std::optional<c10::ScalarType>, std::optional<c10::Layout>, std::optional<c10::Device>, std::optional<bool>, bool, std::optional<c10::MemoryFormat> > >, at::Tensor (at::Tensor const&, std::optional<c10::ScalarType>, std::optional<c10::Layout>, std::optional<c10::Device>, std::optional<bool>, bool, std::optional<c10::MemoryFormat>)>::call(c10::OperatorKernel*, c10::DispatchKeySet, at::Tensor const&, std::optional<c10::ScalarType>, std::optional<c10::Layout>, std::optional<c10::Device>, std::optional<bool>, bool, std::optional<c10::MemoryFormat>) [0x28ba68a] in libtorch_cpu.so
=========         Host Frame: at::_ops::_to_copy::redispatch(c10::DispatchKeySet, at::Tensor const&, std::optional<c10::ScalarType>, std::optional<c10::Layout>, std::optional<c10::Device>, std::optional<bool>, bool, std::optional<c10::MemoryFormat>) [0x21c34d1] in libtorch_cpu.so
=========         Host Frame: torch::autograd::VariableType::(anonymous namespace)::_to_copy(c10::DispatchKeySet, at::Tensor const&, std::optional<c10::ScalarType>, std::optional<c10::Layout>, std::optional<c10::Device>, std::optional<bool>, bool, std::optional<c10::MemoryFormat>) [0x49975db] in libtorch_cpu.so
=========         Host Frame: c10::impl::wrap_kernel_functor_unboxed_<c10::impl::detail::WrapFunctionIntoFunctor_<c10::CompileTimeFunctionPointer<at::Tensor (c10::DispatchKeySet, at::Tensor const&, std::optional<c10::ScalarType>, std::optional<c10::Layout>, std::optional<c10::Device>, std::optional<bool>, bool, std::optional<c10::MemoryFormat>), &torch::autograd::VariableType::(anonymous namespace)::_to_copy>, at::Tensor, c10::guts::typelist::typelist<c10::DispatchKeySet, at::Tensor const&, std::optional<c10::ScalarType>, std::optional<c10::Layout>, std::optional<c10::Device>, std::optional<bool>, bool, std::optional<c10::MemoryFormat> > >, at::Tensor (c10::DispatchKeySet, at::Tensor const&, std::optional<c10::ScalarType>, std::optional<c10::Layout>, std::optional<c10::Device>, std::optional<bool>, bool, std::optional<c10::MemoryFormat>)>::call(c10::OperatorKernel*, c10::DispatchKeySet, at::Tensor const&, std::optional<c10::ScalarType>, std::optional<c10::Layout>, std::optional<c10::Device>, std::optional<bool>, bool, std::optional<c10::MemoryFormat>) [0x4997a3e] in libtorch_cpu.so
=========         Host Frame: at::_ops::_to_copy::call(at::Tensor const&, std::optional<c10::ScalarType>, std::optional<c10::Layout>, std::optional<c10::Device>, std::optional<bool>, bool, std::optional<c10::MemoryFormat>) [0x2264f7c] in libtorch_cpu.so
=========         Host Frame: at::native::to(at::Tensor const&, std::optional<c10::ScalarType>, std::optional<c10::Layout>, std::optional<c10::Device>, std::optional<bool>, bool, bool, std::optional<c10::MemoryFormat>) [0x1d104fd] in libtorch_cpu.so
=========         Host Frame: c10::impl::wrap_kernel_functor_unboxed_<c10::impl::detail::WrapFunctionIntoFunctor_<c10::CompileTimeFunctionPointer<at::Tensor (at::Tensor const&, std::optional<c10::ScalarType>, std::optional<c10::Layout>, std::optional<c10::Device>, std::optional<bool>, bool, bool, std::optional<c10::MemoryFormat>), &at::(anonymous namespace)::(anonymous namespace)::wrapper_CompositeImplicitAutograd_dtype_layout_to>, at::Tensor, c10::guts::typelist::typelist<at::Tensor const&, std::optional<c10::ScalarType>, std::optional<c10::Layout>, std::optional<c10::Device>, std::optional<bool>, bool, bool, std::optional<c10::MemoryFormat> > >, at::Tensor (at::Tensor const&, std::optional<c10::ScalarType>, std::optional<c10::Layout>, std::optional<c10::Device>, std::optional<bool>, bool, bool, std::optional<c10::MemoryFormat>)>::call(c10::OperatorKernel*, c10::DispatchKeySet, at::Tensor const&, std::optional<c10::ScalarType>, std::optional<c10::Layout>, std::optional<c10::Device>, std::optional<bool>, bool, bool, std::optional<c10::MemoryFormat>) [0x2be4c41] in libtorch_cpu.so
=========         Host Frame: at::_ops::to_dtype_layout::call(at::Tensor const&, std::optional<c10::ScalarType>, std::optional<c10::Layout>, std::optional<c10::Device>, std::optional<bool>, bool, bool, std::optional<c10::MemoryFormat>) [0x23fbe16] in libtorch_cpu.so
=========         Host Frame: at::Tensor::to(c10::TensorOptions, bool, bool, std::optional<c10::MemoryFormat>) const [0x4354c8] in libtorch_python.so
=========         Host Frame: torch::autograd::dispatch_to(at::Tensor const&, c10::Device, bool, bool, std::optional<c10::MemoryFormat>) [0x3d7920] in libtorch_python.so
=========         Host Frame: torch::autograd::THPVariable_cpu(_object*, _object*, _object*) [0x3d7b1d] in libtorch_python.so
=========         Host Frame:  [0x151347] in python
=========         Host Frame: PyObject_Vectorcall [0x149934] in python
=========         Host Frame: _PyEval_EvalFrameDefault [0x1d6f08] in python
=========         Host Frame: PyEval_EvalCode [0x1d544a] in python
=========         Host Frame:  [0x2085a1] in python
=========         Host Frame:  [0x2b5032] in python
=========         Host Frame: _PyRun_SimpleFileObject [0x2b4d99] in python
=========         Host Frame: _PyRun_AnyFileObject [0x2b4bce] in python
=========         Host Frame: Py_RunMain [0x2bcc34] in python
=========         Host Frame: Py_BytesMain [0x2bc71c] in python
=========         Host Frame:  [0x2a1c9] in libc.so.6
=========         Host Frame: __libc_start_main [0x2a28a] in libc.so.6
=========         Host Frame: _start [0x257bc4] in python
=========         Host Frame: validate in compare_baselines.py:117
=========         Host Frame: main in study.py:94
========= 
========= Host API memory access error at host access to 0xb11c8c000 of size 264192 bytes
=========     Uninitialized access at 0xb11c8c100 on access by cudaMemcpy source
=========     Saved host backtrace up to driver entry point at error
=========         Host Frame:  [0x481c0] in libcudart.so.12
=========         Host Frame:  [0x17057] in libcudart.so.12
=========         Host Frame: cudaMemcpyAsync [0x768a0] in libcudart.so.12
=========         Host Frame: at::native::copy_kernel_cuda(at::TensorIterator&, bool) [0x16a984b] in libtorch_cuda.so
=========         Host Frame: at::native::copy_impl(at::Tensor&, at::Tensor const&, bool) [clone .isra.0] [0x1a2f8a2] in libtorch_cpu.so
=========         Host Frame: at::native::copy_(at::Tensor&, at::Tensor const&, bool) [0x1a31186] in libtorch_cpu.so
=========         Host Frame: at::_ops::copy_::call(at::Tensor&, at::Tensor const&, bool) [0x26e73d6] in libtorch_cpu.so
=========         Host Frame: at::native::_to_copy(at::Tensor const&, std::optional<c10::ScalarType>, std::optional<c10::Layout>, std::optional<c10::Device>, std::optional<bool>, bool, std::optional<c10::MemoryFormat>) [0x1d12ab2] in libtorch_cpu.so
=========         Host Frame: c10::impl::wrap_kernel_functor_unboxed_<c10::impl::detail::WrapFunctionIntoFunctor_<c10::CompileTimeFunctionPointer<at::Tensor (at::Tensor const&, std::optional<c10::ScalarType>, std::optional<c10::Layout>, std::optional<c10::Device>, std::optional<bool>, bool, std::optional<c10::MemoryFormat>), &at::(anonymous namespace)::(anonymous namespace)::wrapper_CompositeExplicitAutograd___to_copy>, at::Tensor, c10::guts::typelist::typelist<at::Tensor const&, std::optional<c10::ScalarType>, std::optional<c10::Layout>, std::optional<c10::Device>, std::optional<bool>, bool, std::optional<c10::MemoryFormat> > >, at::Tensor (at::Tensor const&, std::optional<c10::ScalarType>, std::optional<c10::Layout>, std::optional<c10::Device>, std::optional<bool>, bool, std::optional<c10::MemoryFormat>)>::call(c10::OperatorKernel*, c10::DispatchKeySet, at::Tensor const&, std::optional<c10::ScalarType>, std::optional<c10::Layout>, std::optional<c10::Device>, std::optional<bool>, bool, std::optional<c10::MemoryFormat>) [0x2aed68b] in libtorch_cpu.so
=========         Host Frame: at::_ops::_to_copy::redispatch(c10::DispatchKeySet, at::Tensor const&, std::optional<c10::ScalarType>, std::optional<c10::Layout>, std::optional<c10::Device>, std::optional<bool>, bool, std::optional<c10::MemoryFormat>) [0x21c34d1] in libtorch_cpu.so
=========         Host Frame: c10::impl::wrap_kernel_functor_unboxed_<c10::impl::detail::WrapFunctionIntoFunctor_<c10::CompileTimeFunctionPointer<at::Tensor (at::Tensor const&, std::optional<c10::ScalarType>, std::optional<c10::Layout>, std::optional<c10::Device>, std::optional<bool>, bool, std::optional<c10::MemoryFormat>), &at::(anonymous namespace)::_to_copy>, at::Tensor, c10::guts::typelist::typelist<at::Tensor const&, std::optional<c10::ScalarType>, std::optional<c10::Layout>, std::optional<c10::Device>, std::optional<bool>, bool, std::optional<c10::MemoryFormat> > >, at::Tensor (at::Tensor const&, std::optional<c10::ScalarType>, std::optional<c10::Layout>, std::optional<c10::Device>, std::optional<bool>, bool, std::optional<c10::MemoryFormat>)>::call(c10::OperatorKernel*, c10::DispatchKeySet, at::Tensor const&, std::optional<c10::ScalarType>, std::optional<c10::Layout>, std::optional<c10::Device>, std::optional<bool>, bool, std::optional<c10::MemoryFormat>) [0x28ba68a] in libtorch_cpu.so
=========         Host Frame: at::_ops::_to_copy::redispatch(c10::DispatchKeySet, at::Tensor const&, std::optional<c10::ScalarType>, std::optional<c10::Layout>, std::optional<c10::Device>, std::optional<bool>, bool, std::optional<c10::MemoryFormat>) [0x21c34d1] in libtorch_cpu.so
=========         Host Frame: torch::autograd::VariableType::(anonymous namespace)::_to_copy(c10::DispatchKeySet, at::Tensor const&, std::optional<c10::ScalarType>, std::optional<c10::Layout>, std::optional<c10::Device>, std::optional<bool>, bool, std::optional<c10::MemoryFormat>) [0x49975db] in libtorch_cpu.so
=========         Host Frame: c10::impl::wrap_kernel_functor_unboxed_<c10::impl::detail::WrapFunctionIntoFunctor_<c10::CompileTimeFunctionPointer<at::Tensor (c10::DispatchKeySet, at::Tensor const&, std::optional<c10::ScalarType>, std::optional<c10::Layout>, std::optional<c10::Device>, std::optional<bool>, bool, std::optional<c10::MemoryFormat>), &torch::autograd::VariableType::(anonymous namespace)::_to_copy>, at::Tensor, c10::guts::typelist::typelist<c10::DispatchKeySet, at::Tensor const&, std::optional<c10::ScalarType>, std::optional<c10::Layout>, std::optional<c10::Device>, std::optional<bool>, bool, std::optional<c10::MemoryFormat> > >, at::Tensor (c10::DispatchKeySet, at::Tensor const&, std::optional<c10::ScalarType>, std::optional<c10::Layout>, std::optional<c10::Device>, std::optional<bool>, bool, std::optional<c10::MemoryFormat>)>::call(c10::OperatorKernel*, c10::DispatchKeySet, at::Tensor const&, std::optional<c10::ScalarType>, std::optional<c10::Layout>, std::optional<c10::Device>, std::optional<bool>, bool, std::optional<c10::MemoryFormat>) [0x4997a3e] in libtorch_cpu.so
=========         Host Frame: at::_ops::_to_copy::call(at::Tensor const&, std::optional<c10::ScalarType>, std::optional<c10::Layout>, std::optional<c10::Device>, std::optional<bool>, bool, std::optional<c10::MemoryFormat>) [0x2264f7c] in libtorch_cpu.so
=========         Host Frame: at::native::to(at::Tensor const&, std::optional<c10::ScalarType>, std::optional<c10::Layout>, std::optional<c10::Device>, std::optional<bool>, bool, bool, std::optional<c10::MemoryFormat>) [0x1d104fd] in libtorch_cpu.so
=========         Host Frame: c10::impl::wrap_kernel_functor_unboxed_<c10::impl::detail::WrapFunctionIntoFunctor_<c10::CompileTimeFunctionPointer<at::Tensor (at::Tensor const&, std::optional<c10::ScalarType>, std::optional<c10::Layout>, std::optional<c10::Device>, std::optional<bool>, bool, bool, std::optional<c10::MemoryFormat>), &at::(anonymous namespace)::(anonymous namespace)::wrapper_CompositeImplicitAutograd_dtype_layout_to>, at::Tensor, c10::guts::typelist::typelist<at::Tensor const&, std::optional<c10::ScalarType>, std::optional<c10::Layout>, std::optional<c10::Device>, std::optional<bool>, bool, bool, std::optional<c10::MemoryFormat> > >, at::Tensor (at::Tensor const&, std::optional<c10::ScalarType>, std::optional<c10::Layout>, std::optional<c10::Device>, std::optional<bool>, bool, bool, std::optional<c10::MemoryFormat>)>::call(c10::OperatorKernel*, c10::DispatchKeySet, at::Tensor const&, std::optional<c10::ScalarType>, std::optional<c10::Layout>, std::optional<c10::Device>, std::optional<bool>, bool, bool, std::optional<c10::MemoryFormat>) [0x2be4c41] in libtorch_cpu.so
=========         Host Frame: at::_ops::to_dtype_layout::call(at::Tensor const&, std::optional<c10::ScalarType>, std::optional<c10::Layout>, std::optional<c10::Device>, std::optional<bool>, bool, bool, std::optional<c10::MemoryFormat>) [0x23fbe16] in libtorch_cpu.so
=========         Host Frame: at::Tensor::to(c10::TensorOptions, bool, bool, std::optional<c10::MemoryFormat>) const [0x4354c8] in libtorch_python.so
=========         Host Frame: torch::autograd::dispatch_to(at::Tensor const&, c10::Device, bool, bool, std::optional<c10::MemoryFormat>) [0x3d7920] in libtorch_python.so
=========         Host Frame: torch::autograd::THPVariable_cpu(_object*, _object*, _object*) [0x3d7b1d] in libtorch_python.so
=========         Host Frame:  [0x151347] in python
=========         Host Frame: PyObject_Vectorcall [0x149934] in python
=========         Host Frame: _PyEval_EvalFrameDefault [0x1d6f08] in python
=========         Host Frame: PyEval_EvalCode [0x1d544a] in python
=========         Host Frame:  [0x2085a1] in python
=========         Host Frame:  [0x2b5032] in python
=========         Host Frame: _PyRun_SimpleFileObject [0x2b4d99] in python
=========         Host Frame: _PyRun_AnyFileObject [0x2b4bce] in python
=========         Host Frame: Py_RunMain [0x2bcc34] in python
=========         Host Frame: Py_BytesMain [0x2bc71c] in python
=========         Host Frame:  [0x2a1c9] in libc.so.6
=========         Host Frame: __libc_start_main [0x2a28a] in libc.so.6
=========         Host Frame: _start [0x257bc4] in python
=========         Host Frame: validate in compare_baselines.py:117
=========         Host Frame: main in study.py:94
========= 
========= Host API memory access error at host access to 0xb11c8c000 of size 264192 bytes
=========     Uninitialized access at 0xb11c8c120 on access by cudaMemcpy source
=========     Saved host backtrace up to driver entry point at error
=========         Host Frame:  [0x481c0] in libcudart.so.12
=========         Host Frame:  [0x17057] in libcudart.so.12
=========         Host Frame: cudaMemcpyAsync [0x768a0] in libcudart.so.12
=========         Host Frame: at::native::copy_kernel_cuda(at::TensorIterator&, bool) [0x16a984b] in libtorch_cuda.so
=========         Host Frame: at::native::copy_impl(at::Tensor&, at::Tensor const&, bool) [clone .isra.0] [0x1a2f8a2] in libtorch_cpu.so
=========         Host Frame: at::native::copy_(at::Tensor&, at::Tensor const&, bool) [0x1a31186] in libtorch_cpu.so
=========         Host Frame: at::_ops::copy_::call(at::Tensor&, at::Tensor const&, bool) [0x26e73d6] in libtorch_cpu.so
=========         Host Frame: at::native::_to_copy(at::Tensor const&, std::optional<c10::ScalarType>, std::optional<c10::Layout>, std::optional<c10::Device>, std::optional<bool>, bool, std::optional<c10::MemoryFormat>) [0x1d12ab2] in libtorch_cpu.so
=========         Host Frame: c10::impl::wrap_kernel_functor_unboxed_<c10::impl::detail::WrapFunctionIntoFunctor_<c10::CompileTimeFunctionPointer<at::Tensor (at::Tensor const&, std::optional<c10::ScalarType>, std::optional<c10::Layout>, std::optional<c10::Device>, std::optional<bool>, bool, std::optional<c10::MemoryFormat>), &at::(anonymous namespace)::(anonymous namespace)::wrapper_CompositeExplicitAutograd___to_copy>, at::Tensor, c10::guts::typelist::typelist<at::Tensor const&, std::optional<c10::ScalarType>, std::optional<c10::Layout>, std::optional<c10::Device>, std::optional<bool>, bool, std::optional<c10::MemoryFormat> > >, at::Tensor (at::Tensor const&, std::optional<c10::ScalarType>, std::optional<c10::Layout>, std::optional<c10::Device>, std::optional<bool>, bool, std::optional<c10::MemoryFormat>)>::call(c10::OperatorKernel*, c10::DispatchKeySet, at::Tensor const&, std::optional<c10::ScalarType>, std::optional<c10::Layout>, std::optional<c10::Device>, std::optional<bool>, bool, std::optional<c10::MemoryFormat>) [0x2aed68b] in libtorch_cpu.so
=========         Host Frame: at::_ops::_to_copy::redispatch(c10::DispatchKeySet, at::Tensor const&, std::optional<c10::ScalarType>, std::optional<c10::Layout>, std::optional<c10::Device>, std::optional<bool>, bool, std::optional<c10::MemoryFormat>) [0x21c34d1] in libtorch_cpu.so
=========         Host Frame: c10::impl::wrap_kernel_functor_unboxed_<c10::impl::detail::WrapFunctionIntoFunctor_<c10::CompileTimeFunctionPointer<at::Tensor (at::Tensor const&, std::optional<c10::ScalarType>, std::optional<c10::Layout>, std::optional<c10::Device>, std::optional<bool>, bool, std::optional<c10::MemoryFormat>), &at::(anonymous namespace)::_to_copy>, at::Tensor, c10::guts::typelist::typelist<at::Tensor const&, std::optional<c10::ScalarType>, std::optional<c10::Layout>, std::optional<c10::Device>, std::optional<bool>, bool, std::optional<c10::MemoryFormat> > >, at::Tensor (at::Tensor const&, std::optional<c10::ScalarType>, std::optional<c10::Layout>, std::optional<c10::Device>, std::optional<bool>, bool, std::optional<c10::MemoryFormat>)>::call(c10::OperatorKernel*, c10::DispatchKeySet, at::Tensor const&, std::optional<c10::ScalarType>, std::optional<c10::Layout>, std::optional<c10::Device>, std::optional<bool>, bool, std::optional<c10::MemoryFormat>) [0x28ba68a] in libtorch_cpu.so
=========         Host Frame: at::_ops::_to_copy::redispatch(c10::DispatchKeySet, at::Tensor const&, std::optional<c10::ScalarType>, std::optional<c10::Layout>, std::optional<c10::Device>, std::optional<bool>, bool, std::optional<c10::MemoryFormat>) [0x21c34d1] in libtorch_cpu.so
=========         Host Frame: torch::autograd::VariableType::(anonymous namespace)::_to_copy(c10::DispatchKeySet, at::Tensor const&, std::optional<c10::ScalarType>, std::optional<c10::Layout>, std::optional<c10::Device>, std::optional<bool>, bool, std::optional<c10::MemoryFormat>) [0x49975db] in libtorch_cpu.so
=========         Host Frame: c10::impl::wrap_kernel_functor_unboxed_<c10::impl::detail::WrapFunctionIntoFunctor_<c10::CompileTimeFunctionPointer<at::Tensor (c10::DispatchKeySet, at::Tensor const&, std::optional<c10::ScalarType>, std::optional<c10::Layout>, std::optional<c10::Device>, std::optional<bool>, bool, std::optional<c10::MemoryFormat>), &torch::autograd::VariableType::(anonymous namespace)::_to_copy>, at::Tensor, c10::guts::typelist::typelist<c10::DispatchKeySet, at::Tensor const&, std::optional<c10::ScalarType>, std::optional<c10::Layout>, std::optional<c10::Device>, std::optional<bool>, bool, std::optional<c10::MemoryFormat> > >, at::Tensor (c10::DispatchKeySet, at::Tensor const&, std::optional<c10::ScalarType>, std::optional<c10::Layout>, std::optional<c10::Device>, std::optional<bool>, bool, std::optional<c10::MemoryFormat>)>::call(c10::OperatorKernel*, c10::DispatchKeySet, at::Tensor const&, std::optional<c10::ScalarType>, std::optional<c10::Layout>, std::optional<c10::Device>, std::optional<bool>, bool, std::optional<c10::MemoryFormat>) [0x4997a3e] in libtorch_cpu.so
=========         Host Frame: at::_ops::_to_copy::call(at::Tensor const&, std::optional<c10::ScalarType>, std::optional<c10::Layout>, std::optional<c10::Device>, std::optional<bool>, bool, std::optional<c10::MemoryFormat>) [0x2264f7c] in libtorch_cpu.so
=========         Host Frame: at::native::to(at::Tensor const&, std::optional<c10::ScalarType>, std::optional<c10::Layout>, std::optional<c10::Device>, std::optional<bool>, bool, bool, std::optional<c10::MemoryFormat>) [0x1d104fd] in libtorch_cpu.so
=========         Host Frame: c10::impl::wrap_kernel_functor_unboxed_<c10::impl::detail::WrapFunctionIntoFunctor_<c10::CompileTimeFunctionPointer<at::Tensor (at::Tensor const&, std::optional<c10::ScalarType>, std::optional<c10::Layout>, std::optional<c10::Device>, std::optional<bool>, bool, bool, std::optional<c10::MemoryFormat>), &at::(anonymous namespace)::(anonymous namespace)::wrapper_CompositeImplicitAutograd_dtype_layout_to>, at::Tensor, c10::guts::typelist::typelist<at::Tensor const&, std::optional<c10::ScalarType>, std::optional<c10::Layout>, std::optional<c10::Device>, std::optional<bool>, bool, bool, std::optional<c10::MemoryFormat> > >, at::Tensor (at::Tensor const&, std::optional<c10::ScalarType>, std::optional<c10::Layout>, std::optional<c10::Device>, std::optional<bool>, bool, bool, std::optional<c10::MemoryFormat>)>::call(c10::OperatorKernel*, c10::DispatchKeySet, at::Tensor const&, std::optional<c10::ScalarType>, std::optional<c10::Layout>, std::optional<c10::Device>, std::optional<bool>, bool, bool, std::optional<c10::MemoryFormat>) [0x2be4c41] in libtorch_cpu.so
=========         Host Frame: at::_ops::to_dtype_layout::call(at::Tensor const&, std::optional<c10::ScalarType>, std::optional<c10::Layout>, std::optional<c10::Device>, std::optional<bool>, bool, bool, std::optional<c10::MemoryFormat>) [0x23fbe16] in libtorch_cpu.so
=========         Host Frame: at::Tensor::to(c10::TensorOptions, bool, bool, std::optional<c10::MemoryFormat>) const [0x4354c8] in libtorch_python.so
=========         Host Frame: torch::autograd::dispatch_to(at::Tensor const&, c10::Device, bool, bool, std::optional<c10::MemoryFormat>) [0x3d7920] in libtorch_python.so
=========         Host Frame: torch::autograd::THPVariable_cpu(_object*, _object*, _object*) [0x3d7b1d] in libtorch_python.so
=========         Host Frame:  [0x151347] in python
=========         Host Frame: PyObject_Vectorcall [0x149934] in python
=========         Host Frame: _PyEval_EvalFrameDefault [0x1d6f08] in python
=========         Host Frame: PyEval_EvalCode [0x1d544a] in python
=========         Host Frame:  [0x2085a1] in python
=========         Host Frame:  [0x2b5032] in python
=========         Host Frame: _PyRun_SimpleFileObject [0x2b4d99] in python
=========         Host Frame: _PyRun_AnyFileObject [0x2b4bce] in python
=========         Host Frame: Py_RunMain [0x2bcc34] in python
=========         Host Frame: Py_BytesMain [0x2bc71c] in python
=========         Host Frame:  [0x2a1c9] in libc.so.6
=========         Host Frame: __libc_start_main [0x2a28a] in libc.so.6
=========         Host Frame: _start [0x257bc4] in python
=========         Host Frame: validate in compare_baselines.py:117
=========         Host Frame: main in study.py:94
========= 
========= Host API memory access error at host access to 0xb11c8c000 of size 264192 bytes
=========     Uninitialized access at 0xb11c8c140 on access by cudaMemcpy source
=========     Saved host backtrace up to driver entry point at error
=========         Host Frame:  [0x481c0] in libcudart.so.12
=========         Host Frame:  [0x17057] in libcudart.so.12
=========         Host Frame: cudaMemcpyAsync [0x768a0] in libcudart.so.12
=========         Host Frame: at::native::copy_kernel_cuda(at::TensorIterator&, bool) [0x16a984b] in libtorch_cuda.so
=========         Host Frame: at::native::copy_impl(at::Tensor&, at::Tensor const&, bool) [clone .isra.0] [0x1a2f8a2] in libtorch_cpu.so
=========         Host Frame: at::native::copy_(at::Tensor&, at::Tensor const&, bool) [0x1a31186] in libtorch_cpu.so
=========         Host Frame: at::_ops::copy_::call(at::Tensor&, at::Tensor const&, bool) [0x26e73d6] in libtorch_cpu.so
=========         Host Frame: at::native::_to_copy(at::Tensor const&, std::optional<c10::ScalarType>, std::optional<c10::Layout>, std::optional<c10::Device>, std::optional<bool>, bool, std::optional<c10::MemoryFormat>) [0x1d12ab2] in libtorch_cpu.so
=========         Host Frame: c10::impl::wrap_kernel_functor_unboxed_<c10::impl::detail::WrapFunctionIntoFunctor_<c10::CompileTimeFunctionPointer<at::Tensor (at::Tensor const&, std::optional<c10::ScalarType>, std::optional<c10::Layout>, std::optional<c10::Device>, std::optional<bool>, bool, std::optional<c10::MemoryFormat>), &at::(anonymous namespace)::(anonymous namespace)::wrapper_CompositeExplicitAutograd___to_copy>, at::Tensor, c10::guts::typelist::typelist<at::Tensor const&, std::optional<c10::ScalarType>, std::optional<c10::Layout>, std::optional<c10::Device>, std::optional<bool>, bool, std::optional<c10::MemoryFormat> > >, at::Tensor (at::Tensor const&, std::optional<c10::ScalarType>, std::optional<c10::Layout>, std::optional<c10::Device>, std::optional<bool>, bool, std::optional<c10::MemoryFormat>)>::call(c10::OperatorKernel*, c10::DispatchKeySet, at::Tensor const&, std::optional<c10::ScalarType>, std::optional<c10::Layout>, std::optional<c10::Device>, std::optional<bool>, bool, std::optional<c10::MemoryFormat>) [0x2aed68b] in libtorch_cpu.so
=========         Host Frame: at::_ops::_to_copy::redispatch(c10::DispatchKeySet, at::Tensor const&, std::optional<c10::ScalarType>, std::optional<c10::Layout>, std::optional<c10::Device>, std::optional<bool>, bool, std::optional<c10::MemoryFormat>) [0x21c34d1] in libtorch_cpu.so
=========         Host Frame: c10::impl::wrap_kernel_functor_unboxed_<c10::impl::detail::WrapFunctionIntoFunctor_<c10::CompileTimeFunctionPointer<at::Tensor (at::Tensor const&, std::optional<c10::ScalarType>, std::optional<c10::Layout>, std::optional<c10::Device>, std::optional<bool>, bool, std::optional<c10::MemoryFormat>), &at::(anonymous namespace)::_to_copy>, at::Tensor, c10::guts::typelist::typelist<at::Tensor const&, std::optional<c10::ScalarType>, std::optional<c10::Layout>, std::optional<c10::Device>, std::optional<bool>, bool, std::optional<c10::MemoryFormat> > >, at::Tensor (at::Tensor const&, std::optional<c10::ScalarType>, std::optional<c10::Layout>, std::optional<c10::Device>, std::optional<bool>, bool, std::optional<c10::MemoryFormat>)>::call(c10::OperatorKernel*, c10::DispatchKeySet, at::Tensor const&, std::optional<c10::ScalarType>, std::optional<c10::Layout>, std::optional<c10::Device>, std::optional<bool>, bool, std::optional<c10::MemoryFormat>) [0x28ba68a] in libtorch_cpu.so
=========         Host Frame: at::_ops::_to_copy::redispatch(c10::DispatchKeySet, at::Tensor const&, std::optional<c10::ScalarType>, std::optional<c10::Layout>, std::optional<c10::Device>, std::optional<bool>, bool, std::optional<c10::MemoryFormat>) [0x21c34d1] in libtorch_cpu.so
=========         Host Frame: torch::autograd::VariableType::(anonymous namespace)::_to_copy(c10::DispatchKeySet, at::Tensor const&, std::optional<c10::ScalarType>, std::optional<c10::Layout>, std::optional<c10::Device>, std::optional<bool>, bool, std::optional<c10::MemoryFormat>) [0x49975db] in libtorch_cpu.so
=========         Host Frame: c10::impl::wrap_kernel_functor_unboxed_<c10::impl::detail::WrapFunctionIntoFunctor_<c10::CompileTimeFunctionPointer<at::Tensor (c10::DispatchKeySet, at::Tensor const&, std::optional<c10::ScalarType>, std::optional<c10::Layout>, std::optional<c10::Device>, std::optional<bool>, bool, std::optional<c10::MemoryFormat>), &torch::autograd::VariableType::(anonymous namespace)::_to_copy>, at::Tensor, c10::guts::typelist::typelist<c10::DispatchKeySet, at::Tensor const&, std::optional<c10::ScalarType>, std::optional<c10::Layout>, std::optional<c10::Device>, std::optional<bool>, bool, std::optional<c10::MemoryFormat> > >, at::Tensor (c10::DispatchKeySet, at::Tensor const&, std::optional<c10::ScalarType>, std::optional<c10::Layout>, std::optional<c10::Device>, std::optional<bool>, bool, std::optional<c10::MemoryFormat>)>::call(c10::OperatorKernel*, c10::DispatchKeySet, at::Tensor const&, std::optional<c10::ScalarType>, std::optional<c10::Layout>, std::optional<c10::Device>, std::optional<bool>, bool, std::optional<c10::MemoryFormat>) [0x4997a3e] in libtorch_cpu.so
=========         Host Frame: at::_ops::_to_copy::call(at::Tensor const&, std::optional<c10::ScalarType>, std::optional<c10::Layout>, std::optional<c10::Device>, std::optional<bool>, bool, std::optional<c10::MemoryFormat>) [0x2264f7c] in libtorch_cpu.so
=========         Host Frame: at::native::to(at::Tensor const&, std::optional<c10::ScalarType>, std::optional<c10::Layout>, std::optional<c10::Device>, std::optional<bool>, bool, bool, std::optional<c10::MemoryFormat>) [0x1d104fd] in libtorch_cpu.so
=========         Host Frame: c10::impl::wrap_kernel_functor_unboxed_<c10::impl::detail::WrapFunctionIntoFunctor_<c10::CompileTimeFunctionPointer<at::Tensor (at::Tensor const&, std::optional<c10::ScalarType>, std::optional<c10::Layout>, std::optional<c10::Device>, std::optional<bool>, bool, bool, std::optional<c10::MemoryFormat>), &at::(anonymous namespace)::(anonymous namespace)::wrapper_CompositeImplicitAutograd_dtype_layout_to>, at::Tensor, c10::guts::typelist::typelist<at::Tensor const&, std::optional<c10::ScalarType>, std::optional<c10::Layout>, std::optional<c10::Device>, std::optional<bool>, bool, bool, std::optional<c10::MemoryFormat> > >, at::Tensor (at::Tensor const&, std::optional<c10::ScalarType>, std::optional<c10::Layout>, std::optional<c10::Device>, std::optional<bool>, bool, bool, std::optional<c10::MemoryFormat>)>::call(c10::OperatorKernel*, c10::DispatchKeySet, at::Tensor const&, std::optional<c10::ScalarType>, std::optional<c10::Layout>, std::optional<c10::Device>, std::optional<bool>, bool, bool, std::optional<c10::MemoryFormat>) [0x2be4c41] in libtorch_cpu.so
=========         Host Frame: at::_ops::to_dtype_layout::call(at::Tensor const&, std::optional<c10::ScalarType>, std::optional<c10::Layout>, std::optional<c10::Device>, std::optional<bool>, bool, bool, std::optional<c10::MemoryFormat>) [0x23fbe16] in libtorch_cpu.so
=========         Host Frame: at::Tensor::to(c10::TensorOptions, bool, bool, std::optional<c10::MemoryFormat>) const [0x4354c8] in libtorch_python.so
=========         Host Frame: torch::autograd::dispatch_to(at::Tensor const&, c10::Device, bool, bool, std::optional<c10::MemoryFormat>) [0x3d7920] in libtorch_python.so
=========         Host Frame: torch::autograd::THPVariable_cpu(_object*, _object*, _object*) [0x3d7b1d] in libtorch_python.so
=========         Host Frame:  [0x151347] in python
=========         Host Frame: PyObject_Vectorcall [0x149934] in python
=========         Host Frame: _PyEval_EvalFrameDefault [0x1d6f08] in python
=========         Host Frame: PyEval_EvalCode [0x1d544a] in python
=========         Host Frame:  [0x2085a1] in python
=========         Host Frame:  [0x2b5032] in python
=========         Host Frame: _PyRun_SimpleFileObject [0x2b4d99] in python
=========         Host Frame: _PyRun_AnyFileObject [0x2b4bce] in python
=========         Host Frame: Py_RunMain [0x2bcc34] in python
=========         Host Frame: Py_BytesMain [0x2bc71c] in python
=========         Host Frame:  [0x2a1c9] in libc.so.6
=========         Host Frame: __libc_start_main [0x2a28a] in libc.so.6
=========         Host Frame: _start [0x257bc4] in python
=========         Host Frame: validate in compare_baselines.py:117
=========         Host Frame: main in study.py:94
========= 
========= Host API memory access error at host access to 0xb11c8c000 of size 264192 bytes
=========     Uninitialized access at 0xb11c8c160 on access by cudaMemcpy source
=========     Saved host backtrace up to driver entry point at error
=========         Host Frame:  [0x481c0] in libcudart.so.12
=========         Host Frame:  [0x17057] in libcudart.so.12
=========         Host Frame: cudaMemcpyAsync [0x768a0] in libcudart.so.12
=========         Host Frame: at::native::copy_kernel_cuda(at::TensorIterator&, bool) [0x16a984b] in libtorch_cuda.so
=========         Host Frame: at::native::copy_impl(at::Tensor&, at::Tensor const&, bool) [clone .isra.0] [0x1a2f8a2] in libtorch_cpu.so
=========         Host Frame: at::native::copy_(at::Tensor&, at::Tensor const&, bool) [0x1a31186] in libtorch_cpu.so
=========         Host Frame: at::_ops::copy_::call(at::Tensor&, at::Tensor const&, bool) [0x26e73d6] in libtorch_cpu.so
=========         Host Frame: at::native::_to_copy(at::Tensor const&, std::optional<c10::ScalarType>, std::optional<c10::Layout>, std::optional<c10::Device>, std::optional<bool>, bool, std::optional<c10::MemoryFormat>) [0x1d12ab2] in libtorch_cpu.so
=========         Host Frame: c10::impl::wrap_kernel_functor_unboxed_<c10::impl::detail::WrapFunctionIntoFunctor_<c10::CompileTimeFunctionPointer<at::Tensor (at::Tensor const&, std::optional<c10::ScalarType>, std::optional<c10::Layout>, std::optional<c10::Device>, std::optional<bool>, bool, std::optional<c10::MemoryFormat>), &at::(anonymous namespace)::(anonymous namespace)::wrapper_CompositeExplicitAutograd___to_copy>, at::Tensor, c10::guts::typelist::typelist<at::Tensor const&, std::optional<c10::ScalarType>, std::optional<c10::Layout>, std::optional<c10::Device>, std::optional<bool>, bool, std::optional<c10::MemoryFormat> > >, at::Tensor (at::Tensor const&, std::optional<c10::ScalarType>, std::optional<c10::Layout>, std::optional<c10::Device>, std::optional<bool>, bool, std::optional<c10::MemoryFormat>)>::call(c10::OperatorKernel*, c10::DispatchKeySet, at::Tensor const&, std::optional<c10::ScalarType>, std::optional<c10::Layout>, std::optional<c10::Device>, std::optional<bool>, bool, std::optional<c10::MemoryFormat>) [0x2aed68b] in libtorch_cpu.so
=========         Host Frame: at::_ops::_to_copy::redispatch(c10::DispatchKeySet, at::Tensor const&, std::optional<c10::ScalarType>, std::optional<c10::Layout>, std::optional<c10::Device>, std::optional<bool>, bool, std::optional<c10::MemoryFormat>) [0x21c34d1] in libtorch_cpu.so
=========         Host Frame: c10::impl::wrap_kernel_functor_unboxed_<c10::impl::detail::WrapFunctionIntoFunctor_<c10::CompileTimeFunctionPointer<at::Tensor (at::Tensor const&, std::optional<c10::ScalarType>, std::optional<c10::Layout>, std::optional<c10::Device>, std::optional<bool>, bool, std::optional<c10::MemoryFormat>), &at::(anonymous namespace)::_to_copy>, at::Tensor, c10::guts::typelist::typelist<at::Tensor const&, std::optional<c10::ScalarType>, std::optional<c10::Layout>, std::optional<c10::Device>, std::optional<bool>, bool, std::optional<c10::MemoryFormat> > >, at::Tensor (at::Tensor const&, std::optional<c10::ScalarType>, std::optional<c10::Layout>, std::optional<c10::Device>, std::optional<bool>, bool, std::optional<c10::MemoryFormat>)>::call(c10::OperatorKernel*, c10::DispatchKeySet, at::Tensor const&, std::optional<c10::ScalarType>, std::optional<c10::Layout>, std::optional<c10::Device>, std::optional<bool>, bool, std::optional<c10::MemoryFormat>) [0x28ba68a] in libtorch_cpu.so
=========         Host Frame: at::_ops::_to_copy::redispatch(c10::DispatchKeySet, at::Tensor const&, std::optional<c10::ScalarType>, std::optional<c10::Layout>, std::optional<c10::Device>, std::optional<bool>, bool, std::optional<c10::MemoryFormat>) [0x21c34d1] in libtorch_cpu.so
=========         Host Frame: torch::autograd::VariableType::(anonymous namespace)::_to_copy(c10::DispatchKeySet, at::Tensor const&, std::optional<c10::ScalarType>, std::optional<c10::Layout>, std::optional<c10::Device>, std::optional<bool>, bool, std::optional<c10::MemoryFormat>) [0x49975db] in libtorch_cpu.so
=========         Host Frame: c10::impl::wrap_kernel_functor_unboxed_<c10::impl::detail::WrapFunctionIntoFunctor_<c10::CompileTimeFunctionPointer<at::Tensor (c10::DispatchKeySet, at::Tensor const&, std::optional<c10::ScalarType>, std::optional<c10::Layout>, std::optional<c10::Device>, std::optional<bool>, bool, std::optional<c10::MemoryFormat>), &torch::autograd::VariableType::(anonymous namespace)::_to_copy>, at::Tensor, c10::guts::typelist::typelist<c10::DispatchKeySet, at::Tensor const&, std::optional<c10::ScalarType>, std::optional<c10::Layout>, std::optional<c10::Device>, std::optional<bool>, bool, std::optional<c10::MemoryFormat> > >, at::Tensor (c10::DispatchKeySet, at::Tensor const&, std::optional<c10::ScalarType>, std::optional<c10::Layout>, std::optional<c10::Device>, std::optional<bool>, bool, std::optional<c10::MemoryFormat>)>::call(c10::OperatorKernel*, c10::DispatchKeySet, at::Tensor const&, std::optional<c10::ScalarType>, std::optional<c10::Layout>, std::optional<c10::Device>, std::optional<bool>, bool, std::optional<c10::MemoryFormat>) [0x4997a3e] in libtorch_cpu.so
=========         Host Frame: at::_ops::_to_copy::call(at::Tensor const&, std::optional<c10::ScalarType>, std::optional<c10::Layout>, std::optional<c10::Device>, std::optional<bool>, bool, std::optional<c10::MemoryFormat>) [0x2264f7c] in libtorch_cpu.so
=========         Host Frame: at::native::to(at::Tensor const&, std::optional<c10::ScalarType>, std::optional<c10::Layout>, std::optional<c10::Device>, std::optional<bool>, bool, bool, std::optional<c10::MemoryFormat>) [0x1d104fd] in libtorch_cpu.so
=========         Host Frame: c10::impl::wrap_kernel_functor_unboxed_<c10::impl::detail::WrapFunctionIntoFunctor_<c10::CompileTimeFunctionPointer<at::Tensor (at::Tensor const&, std::optional<c10::ScalarType>, std::optional<c10::Layout>, std::optional<c10::Device>, std::optional<bool>, bool, bool, std::optional<c10::MemoryFormat>), &at::(anonymous namespace)::(anonymous namespace)::wrapper_CompositeImplicitAutograd_dtype_layout_to>, at::Tensor, c10::guts::typelist::typelist<at::Tensor const&, std::optional<c10::ScalarType>, std::optional<c10::Layout>, std::optional<c10::Device>, std::optional<bool>, bool, bool, std::optional<c10::MemoryFormat> > >, at::Tensor (at::Tensor const&, std::optional<c10::ScalarType>, std::optional<c10::Layout>, std::optional<c10::Device>, std::optional<bool>, bool, bool, std::optional<c10::MemoryFormat>)>::call(c10::OperatorKernel*, c10::DispatchKeySet, at::Tensor const&, std::optional<c10::ScalarType>, std::optional<c10::Layout>, std::optional<c10::Device>, std::optional<bool>, bool, bool, std::optional<c10::MemoryFormat>) [0x2be4c41] in libtorch_cpu.so
=========         Host Frame: at::_ops::to_dtype_layout::call(at::Tensor const&, std::optional<c10::ScalarType>, std::optional<c10::Layout>, std::optional<c10::Device>, std::optional<bool>, bool, bool, std::optional<c10::MemoryFormat>) [0x23fbe16] in libtorch_cpu.so
=========         Host Frame: at::Tensor::to(c10::TensorOptions, bool, bool, std::optional<c10::MemoryFormat>) const [0x4354c8] in libtorch_python.so
=========         Host Frame: torch::autograd::dispatch_to(at::Tensor const&, c10::Device, bool, bool, std::optional<c10::MemoryFormat>) [0x3d7920] in libtorch_python.so
=========         Host Frame: torch::autograd::THPVariable_cpu(_object*, _object*, _object*) [0x3d7b1d] in libtorch_python.so
=========         Host Frame:  [0x151347] in python
=========         Host Frame: PyObject_Vectorcall [0x149934] in python
=========         Host Frame: _PyEval_EvalFrameDefault [0x1d6f08] in python
=========         Host Frame: PyEval_EvalCode [0x1d544a] in python
=========         Host Frame:  [0x2085a1] in python
=========         Host Frame:  [0x2b5032] in python
=========         Host Frame: _PyRun_SimpleFileObject [0x2b4d99] in python
=========         Host Frame: _PyRun_AnyFileObject [0x2b4bce] in python
=========         Host Frame: Py_RunMain [0x2bcc34] in python
=========         Host Frame: Py_BytesMain [0x2bc71c] in python
=========         Host Frame:  [0x2a1c9] in libc.so.6
=========         Host Frame: __libc_start_main [0x2a28a] in libc.so.6
=========         Host Frame: _start [0x257bc4] in python
=========         Host Frame: validate in compare_baselines.py:117
=========         Host Frame: main in study.py:94
========= 
========= Host API memory access error at host access to 0xb11c8c000 of size 264192 bytes
=========     Uninitialized access at 0xb11c8c180 on access by cudaMemcpy source
=========     Saved host backtrace up to driver entry point at error
=========         Host Frame:  [0x481c0] in libcudart.so.12
=========         Host Frame:  [0x17057] in libcudart.so.12
=========         Host Frame: cudaMemcpyAsync [0x768a0] in libcudart.so.12
=========         Host Frame: at::native::copy_kernel_cuda(at::TensorIterator&, bool) [0x16a984b] in libtorch_cuda.so
=========         Host Frame: at::native::copy_impl(at::Tensor&, at::Tensor const&, bool) [clone .isra.0] [0x1a2f8a2] in libtorch_cpu.so
=========         Host Frame: at::native::copy_(at::Tensor&, at::Tensor const&, bool) [0x1a31186] in libtorch_cpu.so
=========         Host Frame: at::_ops::copy_::call(at::Tensor&, at::Tensor const&, bool) [0x26e73d6] in libtorch_cpu.so
=========         Host Frame: at::native::_to_copy(at::Tensor const&, std::optional<c10::ScalarType>, std::optional<c10::Layout>, std::optional<c10::Device>, std::optional<bool>, bool, std::optional<c10::MemoryFormat>) [0x1d12ab2] in libtorch_cpu.so
=========         Host Frame: c10::impl::wrap_kernel_functor_unboxed_<c10::impl::detail::WrapFunctionIntoFunctor_<c10::CompileTimeFunctionPointer<at::Tensor (at::Tensor const&, std::optional<c10::ScalarType>, std::optional<c10::Layout>, std::optional<c10::Device>, std::optional<bool>, bool, std::optional<c10::MemoryFormat>), &at::(anonymous namespace)::(anonymous namespace)::wrapper_CompositeExplicitAutograd___to_copy>, at::Tensor, c10::guts::typelist::typelist<at::Tensor const&, std::optional<c10::ScalarType>, std::optional<c10::Layout>, std::optional<c10::Device>, std::optional<bool>, bool, std::optional<c10::MemoryFormat> > >, at::Tensor (at::Tensor const&, std::optional<c10::ScalarType>, std::optional<c10::Layout>, std::optional<c10::Device>, std::optional<bool>, bool, std::optional<c10::MemoryFormat>)>::call(c10::OperatorKernel*, c10::DispatchKeySet, at::Tensor const&, std::optional<c10::ScalarType>, std::optional<c10::Layout>, std::optional<c10::Device>, std::optional<bool>, bool, std::optional<c10::MemoryFormat>) [0x2aed68b] in libtorch_cpu.so
=========         Host Frame: at::_ops::_to_copy::redispatch(c10::DispatchKeySet, at::Tensor const&, std::optional<c10::ScalarType>, std::optional<c10::Layout>, std::optional<c10::Device>, std::optional<bool>, bool, std::optional<c10::MemoryFormat>) [0x21c34d1] in libtorch_cpu.so
=========         Host Frame: c10::impl::wrap_kernel_functor_unboxed_<c10::impl::detail::WrapFunctionIntoFunctor_<c10::CompileTimeFunctionPointer<at::Tensor (at::Tensor const&, std::optional<c10::ScalarType>, std::optional<c10::Layout>, std::optional<c10::Device>, std::optional<bool>, bool, std::optional<c10::MemoryFormat>), &at::(anonymous namespace)::_to_copy>, at::Tensor, c10::guts::typelist::typelist<at::Tensor const&, std::optional<c10::ScalarType>, std::optional<c10::Layout>, std::optional<c10::Device>, std::optional<bool>, bool, std::optional<c10::MemoryFormat> > >, at::Tensor (at::Tensor const&, std::optional<c10::ScalarType>, std::optional<c10::Layout>, std::optional<c10::Device>, std::optional<bool>, bool, std::optional<c10::MemoryFormat>)>::call(c10::OperatorKernel*, c10::DispatchKeySet, at::Tensor const&, std::optional<c10::ScalarType>, std::optional<c10::Layout>, std::optional<c10::Device>, std::optional<bool>, bool, std::optional<c10::MemoryFormat>) [0x28ba68a] in libtorch_cpu.so
=========         Host Frame: at::_ops::_to_copy::redispatch(c10::DispatchKeySet, at::Tensor const&, std::optional<c10::ScalarType>, std::optional<c10::Layout>, std::optional<c10::Device>, std::optional<bool>, bool, std::optional<c10::MemoryFormat>) [0x21c34d1] in libtorch_cpu.so
=========         Host Frame: torch::autograd::VariableType::(anonymous namespace)::_to_copy(c10::DispatchKeySet, at::Tensor const&, std::optional<c10::ScalarType>, std::optional<c10::Layout>, std::optional<c10::Device>, std::optional<bool>, bool, std::optional<c10::MemoryFormat>) [0x49975db] in libtorch_cpu.so
=========         Host Frame: c10::impl::wrap_kernel_functor_unboxed_<c10::impl::detail::WrapFunctionIntoFunctor_<c10::CompileTimeFunctionPointer<at::Tensor (c10::DispatchKeySet, at::Tensor const&, std::optional<c10::ScalarType>, std::optional<c10::Layout>, std::optional<c10::Device>, std::optional<bool>, bool, std::optional<c10::MemoryFormat>), &torch::autograd::VariableType::(anonymous namespace)::_to_copy>, at::Tensor, c10::guts::typelist::typelist<c10::DispatchKeySet, at::Tensor const&, std::optional<c10::ScalarType>, std::optional<c10::Layout>, std::optional<c10::Device>, std::optional<bool>, bool, std::optional<c10::MemoryFormat> > >, at::Tensor (c10::DispatchKeySet, at::Tensor const&, std::optional<c10::ScalarType>, std::optional<c10::Layout>, std::optional<c10::Device>, std::optional<bool>, bool, std::optional<c10::MemoryFormat>)>::call(c10::OperatorKernel*, c10::DispatchKeySet, at::Tensor const&, std::optional<c10::ScalarType>, std::optional<c10::Layout>, std::optional<c10::Device>, std::optional<bool>, bool, std::optional<c10::MemoryFormat>) [0x4997a3e] in libtorch_cpu.so
=========         Host Frame: at::_ops::_to_copy::call(at::Tensor const&, std::optional<c10::ScalarType>, std::optional<c10::Layout>, std::optional<c10::Device>, std::optional<bool>, bool, std::optional<c10::MemoryFormat>) [0x2264f7c] in libtorch_cpu.so
=========         Host Frame: at::native::to(at::Tensor const&, std::optional<c10::ScalarType>, std::optional<c10::Layout>, std::optional<c10::Device>, std::optional<bool>, bool, bool, std::optional<c10::MemoryFormat>) [0x1d104fd] in libtorch_cpu.so
=========         Host Frame: c10::impl::wrap_kernel_functor_unboxed_<c10::impl::detail::WrapFunctionIntoFunctor_<c10::CompileTimeFunctionPointer<at::Tensor (at::Tensor const&, std::optional<c10::ScalarType>, std::optional<c10::Layout>, std::optional<c10::Device>, std::optional<bool>, bool, bool, std::optional<c10::MemoryFormat>), &at::(anonymous namespace)::(anonymous namespace)::wrapper_CompositeImplicitAutograd_dtype_layout_to>, at::Tensor, c10::guts::typelist::typelist<at::Tensor const&, std::optional<c10::ScalarType>, std::optional<c10::Layout>, std::optional<c10::Device>, std::optional<bool>, bool, bool, std::optional<c10::MemoryFormat> > >, at::Tensor (at::Tensor const&, std::optional<c10::ScalarType>, std::optional<c10::Layout>, std::optional<c10::Device>, std::optional<bool>, bool, bool, std::optional<c10::MemoryFormat>)>::call(c10::OperatorKernel*, c10::DispatchKeySet, at::Tensor const&, std::optional<c10::ScalarType>, std::optional<c10::Layout>, std::optional<c10::Device>, std::optional<bool>, bool, bool, std::optional<c10::MemoryFormat>) [0x2be4c41] in libtorch_cpu.so
=========         Host Frame: at::_ops::to_dtype_layout::call(at::Tensor const&, std::optional<c10::ScalarType>, std::optional<c10::Layout>, std::optional<c10::Device>, std::optional<bool>, bool, bool, std::optional<c10::MemoryFormat>) [0x23fbe16] in libtorch_cpu.so
=========         Host Frame: at::Tensor::to(c10::TensorOptions, bool, bool, std::optional<c10::MemoryFormat>) const [0x4354c8] in libtorch_python.so
=========         Host Frame: torch::autograd::dispatch_to(at::Tensor const&, c10::Device, bool, bool, std::optional<c10::MemoryFormat>) [0x3d7920] in libtorch_python.so
=========         Host Frame: torch::autograd::THPVariable_cpu(_object*, _object*, _object*) [0x3d7b1d] in libtorch_python.so
=========         Host Frame:  [0x151347] in python
=========         Host Frame: PyObject_Vectorcall [0x149934] in python
=========         Host Frame: _PyEval_EvalFrameDefault [0x1d6f08] in python
=========         Host Frame: PyEval_EvalCode [0x1d544a] in python
=========         Host Frame:  [0x2085a1] in python
=========         Host Frame:  [0x2b5032] in python
=========         Host Frame: _PyRun_SimpleFileObject [0x2b4d99] in python
=========         Host Frame: _PyRun_AnyFileObject [0x2b4bce] in python
=========         Host Frame: Py_RunMain [0x2bcc34] in python
=========         Host Frame: Py_BytesMain [0x2bc71c] in python
=========         Host Frame:  [0x2a1c9] in libc.so.6
=========         Host Frame: __libc_start_main [0x2a28a] in libc.so.6
=========         Host Frame: _start [0x257bc4] in python
=========         Host Frame: validate in compare_baselines.py:117
=========         Host Frame: main in study.py:94
========= 
========= Host API memory access error at host access to 0xb11c8c000 of size 264192 bytes
=========     Uninitialized access at 0xb11c8c1a0 on access by cudaMemcpy source
=========     Saved host backtrace up to driver entry point at error
=========         Host Frame:  [0x481c0] in libcudart.so.12
=========         Host Frame:  [0x17057] in libcudart.so.12
=========         Host Frame: cudaMemcpyAsync [0x768a0] in libcudart.so.12
=========         Host Frame: at::native::copy_kernel_cuda(at::TensorIterator&, bool) [0x16a984b] in libtorch_cuda.so
=========         Host Frame: at::native::copy_impl(at::Tensor&, at::Tensor const&, bool) [clone .isra.0] [0x1a2f8a2] in libtorch_cpu.so
=========         Host Frame: at::native::copy_(at::Tensor&, at::Tensor const&, bool) [0x1a31186] in libtorch_cpu.so
=========         Host Frame: at::_ops::copy_::call(at::Tensor&, at::Tensor const&, bool) [0x26e73d6] in libtorch_cpu.so
=========         Host Frame: at::native::_to_copy(at::Tensor const&, std::optional<c10::ScalarType>, std::optional<c10::Layout>, std::optional<c10::Device>, std::optional<bool>, bool, std::optional<c10::MemoryFormat>) [0x1d12ab2] in libtorch_cpu.so
=========         Host Frame: c10::impl::wrap_kernel_functor_unboxed_<c10::impl::detail::WrapFunctionIntoFunctor_<c10::CompileTimeFunctionPointer<at::Tensor (at::Tensor const&, std::optional<c10::ScalarType>, std::optional<c10::Layout>, std::optional<c10::Device>, std::optional<bool>, bool, std::optional<c10::MemoryFormat>), &at::(anonymous namespace)::(anonymous namespace)::wrapper_CompositeExplicitAutograd___to_copy>, at::Tensor, c10::guts::typelist::typelist<at::Tensor const&, std::optional<c10::ScalarType>, std::optional<c10::Layout>, std::optional<c10::Device>, std::optional<bool>, bool, std::optional<c10::MemoryFormat> > >, at::Tensor (at::Tensor const&, std::optional<c10::ScalarType>, std::optional<c10::Layout>, std::optional<c10::Device>, std::optional<bool>, bool, std::optional<c10::MemoryFormat>)>::call(c10::OperatorKernel*, c10::DispatchKeySet, at::Tensor const&, std::optional<c10::ScalarType>, std::optional<c10::Layout>, std::optional<c10::Device>, std::optional<bool>, bool, std::optional<c10::MemoryFormat>) [0x2aed68b] in libtorch_cpu.so
=========         Host Frame: at::_ops::_to_copy::redispatch(c10::DispatchKeySet, at::Tensor const&, std::optional<c10::ScalarType>, std::optional<c10::Layout>, std::optional<c10::Device>, std::optional<bool>, bool, std::optional<c10::MemoryFormat>) [0x21c34d1] in libtorch_cpu.so
=========         Host Frame: c10::impl::wrap_kernel_functor_unboxed_<c10::impl::detail::WrapFunctionIntoFunctor_<c10::CompileTimeFunctionPointer<at::Tensor (at::Tensor const&, std::optional<c10::ScalarType>, std::optional<c10::Layout>, std::optional<c10::Device>, std::optional<bool>, bool, std::optional<c10::MemoryFormat>), &at::(anonymous namespace)::_to_copy>, at::Tensor, c10::guts::typelist::typelist<at::Tensor const&, std::optional<c10::ScalarType>, std::optional<c10::Layout>, std::optional<c10::Device>, std::optional<bool>, bool, std::optional<c10::MemoryFormat> > >, at::Tensor (at::Tensor const&, std::optional<c10::ScalarType>, std::optional<c10::Layout>, std::optional<c10::Device>, std::optional<bool>, bool, std::optional<c10::MemoryFormat>)>::call(c10::OperatorKernel*, c10::DispatchKeySet, at::Tensor const&, std::optional<c10::ScalarType>, std::optional<c10::Layout>, std::optional<c10::Device>, std::optional<bool>, bool, std::optional<c10::MemoryFormat>) [0x28ba68a] in libtorch_cpu.so
=========         Host Frame: at::_ops::_to_copy::redispatch(c10::DispatchKeySet, at::Tensor const&, std::optional<c10::ScalarType>, std::optional<c10::Layout>, std::optional<c10::Device>, std::optional<bool>, bool, std::optional<c10::MemoryFormat>) [0x21c34d1] in libtorch_cpu.so
=========         Host Frame: torch::autograd::VariableType::(anonymous namespace)::_to_copy(c10::DispatchKeySet, at::Tensor const&, std::optional<c10::ScalarType>, std::optional<c10::Layout>, std::optional<c10::Device>, std::optional<bool>, bool, std::optional<c10::MemoryFormat>) [0x49975db] in libtorch_cpu.so
=========         Host Frame: c10::impl::wrap_kernel_functor_unboxed_<c10::impl::detail::WrapFunctionIntoFunctor_<c10::CompileTimeFunctionPointer<at::Tensor (c10::DispatchKeySet, at::Tensor const&, std::optional<c10::ScalarType>, std::optional<c10::Layout>, std::optional<c10::Device>, std::optional<bool>, bool, std::optional<c10::MemoryFormat>), &torch::autograd::VariableType::(anonymous namespace)::_to_copy>, at::Tensor, c10::guts::typelist::typelist<c10::DispatchKeySet, at::Tensor const&, std::optional<c10::ScalarType>, std::optional<c10::Layout>, std::optional<c10::Device>, std::optional<bool>, bool, std::optional<c10::MemoryFormat> > >, at::Tensor (c10::DispatchKeySet, at::Tensor const&, std::optional<c10::ScalarType>, std::optional<c10::Layout>, std::optional<c10::Device>, std::optional<bool>, bool, std::optional<c10::MemoryFormat>)>::call(c10::OperatorKernel*, c10::DispatchKeySet, at::Tensor const&, std::optional<c10::ScalarType>, std::optional<c10::Layout>, std::optional<c10::Device>, std::optional<bool>, bool, std::optional<c10::MemoryFormat>) [0x4997a3e] in libtorch_cpu.so
=========         Host Frame: at::_ops::_to_copy::call(at::Tensor const&, std::optional<c10::ScalarType>, std::optional<c10::Layout>, std::optional<c10::Device>, std::optional<bool>, bool, std::optional<c10::MemoryFormat>) [0x2264f7c] in libtorch_cpu.so
=========         Host Frame: at::native::to(at::Tensor const&, std::optional<c10::ScalarType>, std::optional<c10::Layout>, std::optional<c10::Device>, std::optional<bool>, bool, bool, std::optional<c10::MemoryFormat>) [0x1d104fd] in libtorch_cpu.so
=========         Host Frame: c10::impl::wrap_kernel_functor_unboxed_<c10::impl::detail::WrapFunctionIntoFunctor_<c10::CompileTimeFunctionPointer<at::Tensor (at::Tensor const&, std::optional<c10::ScalarType>, std::optional<c10::Layout>, std::optional<c10::Device>, std::optional<bool>, bool, bool, std::optional<c10::MemoryFormat>), &at::(anonymous namespace)::(anonymous namespace)::wrapper_CompositeImplicitAutograd_dtype_layout_to>, at::Tensor, c10::guts::typelist::typelist<at::Tensor const&, std::optional<c10::ScalarType>, std::optional<c10::Layout>, std::optional<c10::Device>, std::optional<bool>, bool, bool, std::optional<c10::MemoryFormat> > >, at::Tensor (at::Tensor const&, std::optional<c10::ScalarType>, std::optional<c10::Layout>, std::optional<c10::Device>, std::optional<bool>, bool, bool, std::optional<c10::MemoryFormat>)>::call(c10::OperatorKernel*, c10::DispatchKeySet, at::Tensor const&, std::optional<c10::ScalarType>, std::optional<c10::Layout>, std::optional<c10::Device>, std::optional<bool>, bool, bool, std::optional<c10::MemoryFormat>) [0x2be4c41] in libtorch_cpu.so
=========         Host Frame: at::_ops::to_dtype_layout::call(at::Tensor const&, std::optional<c10::ScalarType>, std::optional<c10::Layout>, std::optional<c10::Device>, std::optional<bool>, bool, bool, std::optional<c10::MemoryFormat>) [0x23fbe16] in libtorch_cpu.so
=========         Host Frame: at::Tensor::to(c10::TensorOptions, bool, bool, std::optional<c10::MemoryFormat>) const [0x4354c8] in libtorch_python.so
=========         Host Frame: torch::autograd::dispatch_to(at::Tensor const&, c10::Device, bool, bool, std::optional<c10::MemoryFormat>) [0x3d7920] in libtorch_python.so
=========         Host Frame: torch::autograd::THPVariable_cpu(_object*, _object*, _object*) [0x3d7b1d] in libtorch_python.so
=========         Host Frame:  [0x151347] in python
=========         Host Frame: PyObject_Vectorcall [0x149934] in python
=========         Host Frame: _PyEval_EvalFrameDefault [0x1d6f08] in python
=========         Host Frame: PyEval_EvalCode [0x1d544a] in python
=========         Host Frame:  [0x2085a1] in python
=========         Host Frame:  [0x2b5032] in python
=========         Host Frame: _PyRun_SimpleFileObject [0x2b4d99] in python
=========         Host Frame: _PyRun_AnyFileObject [0x2b4bce] in python
=========         Host Frame: Py_RunMain [0x2bcc34] in python
=========         Host Frame: Py_BytesMain [0x2bc71c] in python
=========         Host Frame:  [0x2a1c9] in libc.so.6
=========         Host Frame: __libc_start_main [0x2a28a] in libc.so.6
=========         Host Frame: _start [0x257bc4] in python
=========         Host Frame: validate in compare_baselines.py:117
=========         Host Frame: main in study.py:94
========= 
========= Host API memory access error at host access to 0xb11c8c000 of size 264192 bytes
=========     Uninitialized access at 0xb11c8c1c0 on access by cudaMemcpy source
=========     Saved host backtrace up to driver entry point at error
=========         Host Frame:  [0x481c0] in libcudart.so.12
=========         Host Frame:  [0x17057] in libcudart.so.12
=========         Host Frame: cudaMemcpyAsync [0x768a0] in libcudart.so.12
=========         Host Frame: at::native::copy_kernel_cuda(at::TensorIterator&, bool) [0x16a984b] in libtorch_cuda.so
=========         Host Frame: at::native::copy_impl(at::Tensor&, at::Tensor const&, bool) [clone .isra.0] [0x1a2f8a2] in libtorch_cpu.so
=========         Host Frame: at::native::copy_(at::Tensor&, at::Tensor const&, bool) [0x1a31186] in libtorch_cpu.so
=========         Host Frame: at::_ops::copy_::call(at::Tensor&, at::Tensor const&, bool) [0x26e73d6] in libtorch_cpu.so
=========         Host Frame: at::native::_to_copy(at::Tensor const&, std::optional<c10::ScalarType>, std::optional<c10::Layout>, std::optional<c10::Device>, std::optional<bool>, bool, std::optional<c10::MemoryFormat>) [0x1d12ab2] in libtorch_cpu.so
=========         Host Frame: c10::impl::wrap_kernel_functor_unboxed_<c10::impl::detail::WrapFunctionIntoFunctor_<c10::CompileTimeFunctionPointer<at::Tensor (at::Tensor const&, std::optional<c10::ScalarType>, std::optional<c10::Layout>, std::optional<c10::Device>, std::optional<bool>, bool, std::optional<c10::MemoryFormat>), &at::(anonymous namespace)::(anonymous namespace)::wrapper_CompositeExplicitAutograd___to_copy>, at::Tensor, c10::guts::typelist::typelist<at::Tensor const&, std::optional<c10::ScalarType>, std::optional<c10::Layout>, std::optional<c10::Device>, std::optional<bool>, bool, std::optional<c10::MemoryFormat> > >, at::Tensor (at::Tensor const&, std::optional<c10::ScalarType>, std::optional<c10::Layout>, std::optional<c10::Device>, std::optional<bool>, bool, std::optional<c10::MemoryFormat>)>::call(c10::OperatorKernel*, c10::DispatchKeySet, at::Tensor const&, std::optional<c10::ScalarType>, std::optional<c10::Layout>, std::optional<c10::Device>, std::optional<bool>, bool, std::optional<c10::MemoryFormat>) [0x2aed68b] in libtorch_cpu.so
=========         Host Frame: at::_ops::_to_copy::redispatch(c10::DispatchKeySet, at::Tensor const&, std::optional<c10::ScalarType>, std::optional<c10::Layout>, std::optional<c10::Device>, std::optional<bool>, bool, std::optional<c10::MemoryFormat>) [0x21c34d1] in libtorch_cpu.so
=========         Host Frame: c10::impl::wrap_kernel_functor_unboxed_<c10::impl::detail::WrapFunctionIntoFunctor_<c10::CompileTimeFunctionPointer<at::Tensor (at::Tensor const&, std::optional<c10::ScalarType>, std::optional<c10::Layout>, std::optional<c10::Device>, std::optional<bool>, bool, std::optional<c10::MemoryFormat>), &at::(anonymous namespace)::_to_copy>, at::Tensor, c10::guts::typelist::typelist<at::Tensor const&, std::optional<c10::ScalarType>, std::optional<c10::Layout>, std::optional<c10::Device>, std::optional<bool>, bool, std::optional<c10::MemoryFormat> > >, at::Tensor (at::Tensor const&, std::optional<c10::ScalarType>, std::optional<c10::Layout>, std::optional<c10::Device>, std::optional<bool>, bool, std::optional<c10::MemoryFormat>)>::call(c10::OperatorKernel*, c10::DispatchKeySet, at::Tensor const&, std::optional<c10::ScalarType>, std::optional<c10::Layout>, std::optional<c10::Device>, std::optional<bool>, bool, std::optional<c10::MemoryFormat>) [0x28ba68a] in libtorch_cpu.so
=========         Host Frame: at::_ops::_to_copy::redispatch(c10::DispatchKeySet, at::Tensor const&, std::optional<c10::ScalarType>, std::optional<c10::Layout>, std::optional<c10::Device>, std::optional<bool>, bool, std::optional<c10::MemoryFormat>) [0x21c34d1] in libtorch_cpu.so
=========         Host Frame: torch::autograd::VariableType::(anonymous namespace)::_to_copy(c10::DispatchKeySet, at::Tensor const&, std::optional<c10::ScalarType>, std::optional<c10::Layout>, std::optional<c10::Device>, std::optional<bool>, bool, std::optional<c10::MemoryFormat>) [0x49975db] in libtorch_cpu.so
=========         Host Frame: c10::impl::wrap_kernel_functor_unboxed_<c10::impl::detail::WrapFunctionIntoFunctor_<c10::CompileTimeFunctionPointer<at::Tensor (c10::DispatchKeySet, at::Tensor const&, std::optional<c10::ScalarType>, std::optional<c10::Layout>, std::optional<c10::Device>, std::optional<bool>, bool, std::optional<c10::MemoryFormat>), &torch::autograd::VariableType::(anonymous namespace)::_to_copy>, at::Tensor, c10::guts::typelist::typelist<c10::DispatchKeySet, at::Tensor const&, std::optional<c10::ScalarType>, std::optional<c10::Layout>, std::optional<c10::Device>, std::optional<bool>, bool, std::optional<c10::MemoryFormat> > >, at::Tensor (c10::DispatchKeySet, at::Tensor const&, std::optional<c10::ScalarType>, std::optional<c10::Layout>, std::optional<c10::Device>, std::optional<bool>, bool, std::optional<c10::MemoryFormat>)>::call(c10::OperatorKernel*, c10::DispatchKeySet, at::Tensor const&, std::optional<c10::ScalarType>, std::optional<c10::Layout>, std::optional<c10::Device>, std::optional<bool>, bool, std::optional<c10::MemoryFormat>) [0x4997a3e] in libtorch_cpu.so
=========         Host Frame: at::_ops::_to_copy::call(at::Tensor const&, std::optional<c10::ScalarType>, std::optional<c10::Layout>, std::optional<c10::Device>, std::optional<bool>, bool, std::optional<c10::MemoryFormat>) [0x2264f7c] in libtorch_cpu.so
=========         Host Frame: at::native::to(at::Tensor const&, std::optional<c10::ScalarType>, std::optional<c10::Layout>, std::optional<c10::Device>, std::optional<bool>, bool, bool, std::optional<c10::MemoryFormat>) [0x1d104fd] in libtorch_cpu.so
=========         Host Frame: c10::impl::wrap_kernel_functor_unboxed_<c10::impl::detail::WrapFunctionIntoFunctor_<c10::CompileTimeFunctionPointer<at::Tensor (at::Tensor const&, std::optional<c10::ScalarType>, std::optional<c10::Layout>, std::optional<c10::Device>, std::optional<bool>, bool, bool, std::optional<c10::MemoryFormat>), &at::(anonymous namespace)::(anonymous namespace)::wrapper_CompositeImplicitAutograd_dtype_layout_to>, at::Tensor, c10::guts::typelist::typelist<at::Tensor const&, std::optional<c10::ScalarType>, std::optional<c10::Layout>, std::optional<c10::Device>, std::optional<bool>, bool, bool, std::optional<c10::MemoryFormat> > >, at::Tensor (at::Tensor const&, std::optional<c10::ScalarType>, std::optional<c10::Layout>, std::optional<c10::Device>, std::optional<bool>, bool, bool, std::optional<c10::MemoryFormat>)>::call(c10::OperatorKernel*, c10::DispatchKeySet, at::Tensor const&, std::optional<c10::ScalarType>, std::optional<c10::Layout>, std::optional<c10::Device>, std::optional<bool>, bool, bool, std::optional<c10::MemoryFormat>) [0x2be4c41] in libtorch_cpu.so
=========         Host Frame: at::_ops::to_dtype_layout::call(at::Tensor const&, std::optional<c10::ScalarType>, std::optional<c10::Layout>, std::optional<c10::Device>, std::optional<bool>, bool, bool, std::optional<c10::MemoryFormat>) [0x23fbe16] in libtorch_cpu.so
=========         Host Frame: at::Tensor::to(c10::TensorOptions, bool, bool, std::optional<c10::MemoryFormat>) const [0x4354c8] in libtorch_python.so
=========         Host Frame: torch::autograd::dispatch_to(at::Tensor const&, c10::Device, bool, bool, std::optional<c10::MemoryFormat>) [0x3d7920] in libtorch_python.so
=========         Host Frame: torch::autograd::THPVariable_cpu(_object*, _object*, _object*) [0x3d7b1d] in libtorch_python.so
=========         Host Frame:  [0x151347] in python
=========         Host Frame: PyObject_Vectorcall [0x149934] in python
=========         Host Frame: _PyEval_EvalFrameDefault [0x1d6f08] in python
=========         Host Frame: PyEval_EvalCode [0x1d544a] in python
=========         Host Frame:  [0x2085a1] in python
=========         Host Frame:  [0x2b5032] in python
=========         Host Frame: _PyRun_SimpleFileObject [0x2b4d99] in python
=========         Host Frame: _PyRun_AnyFileObject [0x2b4bce] in python
=========         Host Frame: Py_RunMain [0x2bcc34] in python
=========         Host Frame: Py_BytesMain [0x2bc71c] in python
=========         Host Frame:  [0x2a1c9] in libc.so.6
=========         Host Frame: __libc_start_main [0x2a28a] in libc.so.6
=========         Host Frame: _start [0x257bc4] in python
=========         Host Frame: validate in compare_baselines.py:117
=========         Host Frame: main in study.py:94
========= 
========= Host API memory access error at host access to 0xb11c8c000 of size 264192 bytes
=========     Uninitialized access at 0xb11c8c1e0 on access by cudaMemcpy source
=========     Saved host backtrace up to driver entry point at error
=========         Host Frame:  [0x481c0] in libcudart.so.12
=========         Host Frame:  [0x17057] in libcudart.so.12
=========         Host Frame: cudaMemcpyAsync [0x768a0] in libcudart.so.12
=========         Host Frame: at::native::copy_kernel_cuda(at::TensorIterator&, bool) [0x16a984b] in libtorch_cuda.so
=========         Host Frame: at::native::copy_impl(at::Tensor&, at::Tensor const&, bool) [clone .isra.0] [0x1a2f8a2] in libtorch_cpu.so
=========         Host Frame: at::native::copy_(at::Tensor&, at::Tensor const&, bool) [0x1a31186] in libtorch_cpu.so
=========         Host Frame: at::_ops::copy_::call(at::Tensor&, at::Tensor const&, bool) [0x26e73d6] in libtorch_cpu.so
=========         Host Frame: at::native::_to_copy(at::Tensor const&, std::optional<c10::ScalarType>, std::optional<c10::Layout>, std::optional<c10::Device>, std::optional<bool>, bool, std::optional<c10::MemoryFormat>) [0x1d12ab2] in libtorch_cpu.so
=========         Host Frame: c10::impl::wrap_kernel_functor_unboxed_<c10::impl::detail::WrapFunctionIntoFunctor_<c10::CompileTimeFunctionPointer<at::Tensor (at::Tensor const&, std::optional<c10::ScalarType>, std::optional<c10::Layout>, std::optional<c10::Device>, std::optional<bool>, bool, std::optional<c10::MemoryFormat>), &at::(anonymous namespace)::(anonymous namespace)::wrapper_CompositeExplicitAutograd___to_copy>, at::Tensor, c10::guts::typelist::typelist<at::Tensor const&, std::optional<c10::ScalarType>, std::optional<c10::Layout>, std::optional<c10::Device>, std::optional<bool>, bool, std::optional<c10::MemoryFormat> > >, at::Tensor (at::Tensor const&, std::optional<c10::ScalarType>, std::optional<c10::Layout>, std::optional<c10::Device>, std::optional<bool>, bool, std::optional<c10::MemoryFormat>)>::call(c10::OperatorKernel*, c10::DispatchKeySet, at::Tensor const&, std::optional<c10::ScalarType>, std::optional<c10::Layout>, std::optional<c10::Device>, std::optional<bool>, bool, std::optional<c10::MemoryFormat>) [0x2aed68b] in libtorch_cpu.so
=========         Host Frame: at::_ops::_to_copy::redispatch(c10::DispatchKeySet, at::Tensor const&, std::optional<c10::ScalarType>, std::optional<c10::Layout>, std::optional<c10::Device>, std::optional<bool>, bool, std::optional<c10::MemoryFormat>) [0x21c34d1] in libtorch_cpu.so
=========         Host Frame: c10::impl::wrap_kernel_functor_unboxed_<c10::impl::detail::WrapFunctionIntoFunctor_<c10::CompileTimeFunctionPointer<at::Tensor (at::Tensor const&, std::optional<c10::ScalarType>, std::optional<c10::Layout>, std::optional<c10::Device>, std::optional<bool>, bool, std::optional<c10::MemoryFormat>), &at::(anonymous namespace)::_to_copy>, at::Tensor, c10::guts::typelist::typelist<at::Tensor const&, std::optional<c10::ScalarType>, std::optional<c10::Layout>, std::optional<c10::Device>, std::optional<bool>, bool, std::optional<c10::MemoryFormat> > >, at::Tensor (at::Tensor const&, std::optional<c10::ScalarType>, std::optional<c10::Layout>, std::optional<c10::Device>, std::optional<bool>, bool, std::optional<c10::MemoryFormat>)>::call(c10::OperatorKernel*, c10::DispatchKeySet, at::Tensor const&, std::optional<c10::ScalarType>, std::optional<c10::Layout>, std::optional<c10::Device>, std::optional<bool>, bool, std::optional<c10::MemoryFormat>) [0x28ba68a] in libtorch_cpu.so
=========         Host Frame: at::_ops::_to_copy::redispatch(c10::DispatchKeySet, at::Tensor const&, std::optional<c10::ScalarType>, std::optional<c10::Layout>, std::optional<c10::Device>, std::optional<bool>, bool, std::optional<c10::MemoryFormat>) [0x21c34d1] in libtorch_cpu.so
=========         Host Frame: torch::autograd::VariableType::(anonymous namespace)::_to_copy(c10::DispatchKeySet, at::Tensor const&, std::optional<c10::ScalarType>, std::optional<c10::Layout>, std::optional<c10::Device>, std::optional<bool>, bool, std::optional<c10::MemoryFormat>) [0x49975db] in libtorch_cpu.so
=========         Host Frame: c10::impl::wrap_kernel_functor_unboxed_<c10::impl::detail::WrapFunctionIntoFunctor_<c10::CompileTimeFunctionPointer<at::Tensor (c10::DispatchKeySet, at::Tensor const&, std::optional<c10::ScalarType>, std::optional<c10::Layout>, std::optional<c10::Device>, std::optional<bool>, bool, std::optional<c10::MemoryFormat>), &torch::autograd::VariableType::(anonymous namespace)::_to_copy>, at::Tensor, c10::guts::typelist::typelist<c10::DispatchKeySet, at::Tensor const&, std::optional<c10::ScalarType>, std::optional<c10::Layout>, std::optional<c10::Device>, std::optional<bool>, bool, std::optional<c10::MemoryFormat> > >, at::Tensor (c10::DispatchKeySet, at::Tensor const&, std::optional<c10::ScalarType>, std::optional<c10::Layout>, std::optional<c10::Device>, std::optional<bool>, bool, std::optional<c10::MemoryFormat>)>::call(c10::OperatorKernel*, c10::DispatchKeySet, at::Tensor const&, std::optional<c10::ScalarType>, std::optional<c10::Layout>, std::optional<c10::Device>, std::optional<bool>, bool, std::optional<c10::MemoryFormat>) [0x4997a3e] in libtorch_cpu.so
=========         Host Frame: at::_ops::_to_copy::call(at::Tensor const&, std::optional<c10::ScalarType>, std::optional<c10::Layout>, std::optional<c10::Device>, std::optional<bool>, bool, std::optional<c10::MemoryFormat>) [0x2264f7c] in libtorch_cpu.so
=========         Host Frame: at::native::to(at::Tensor const&, std::optional<c10::ScalarType>, std::optional<c10::Layout>, std::optional<c10::Device>, std::optional<bool>, bool, bool, std::optional<c10::MemoryFormat>) [0x1d104fd] in libtorch_cpu.so
=========         Host Frame: c10::impl::wrap_kernel_functor_unboxed_<c10::impl::detail::WrapFunctionIntoFunctor_<c10::CompileTimeFunctionPointer<at::Tensor (at::Tensor const&, std::optional<c10::ScalarType>, std::optional<c10::Layout>, std::optional<c10::Device>, std::optional<bool>, bool, bool, std::optional<c10::MemoryFormat>), &at::(anonymous namespace)::(anonymous namespace)::wrapper_CompositeImplicitAutograd_dtype_layout_to>, at::Tensor, c10::guts::typelist::typelist<at::Tensor const&, std::optional<c10::ScalarType>, std::optional<c10::Layout>, std::optional<c10::Device>, std::optional<bool>, bool, bool, std::optional<c10::MemoryFormat> > >, at::Tensor (at::Tensor const&, std::optional<c10::ScalarType>, std::optional<c10::Layout>, std::optional<c10::Device>, std::optional<bool>, bool, bool, std::optional<c10::MemoryFormat>)>::call(c10::OperatorKernel*, c10::DispatchKeySet, at::Tensor const&, std::optional<c10::ScalarType>, std::optional<c10::Layout>, std::optional<c10::Device>, std::optional<bool>, bool, bool, std::optional<c10::MemoryFormat>) [0x2be4c41] in libtorch_cpu.so
=========         Host Frame: at::_ops::to_dtype_layout::call(at::Tensor const&, std::optional<c10::ScalarType>, std::optional<c10::Layout>, std::optional<c10::Device>, std::optional<bool>, bool, bool, std::optional<c10::MemoryFormat>) [0x23fbe16] in libtorch_cpu.so
=========         Host Frame: at::Tensor::to(c10::TensorOptions, bool, bool, std::optional<c10::MemoryFormat>) const [0x4354c8] in libtorch_python.so
=========         Host Frame: torch::autograd::dispatch_to(at::Tensor const&, c10::Device, bool, bool, std::optional<c10::MemoryFormat>) [0x3d7920] in libtorch_python.so
=========         Host Frame: torch::autograd::THPVariable_cpu(_object*, _object*, _object*) [0x3d7b1d] in libtorch_python.so
=========         Host Frame:  [0x151347] in python
=========         Host Frame: PyObject_Vectorcall [0x149934] in python
=========         Host Frame: _PyEval_EvalFrameDefault [0x1d6f08] in python
=========         Host Frame: PyEval_EvalCode [0x1d544a] in python
=========         Host Frame:  [0x2085a1] in python
=========         Host Frame:  [0x2b5032] in python
=========         Host Frame: _PyRun_SimpleFileObject [0x2b4d99] in python
=========         Host Frame: _PyRun_AnyFileObject [0x2b4bce] in python
=========         Host Frame: Py_RunMain [0x2bcc34] in python
=========         Host Frame: Py_BytesMain [0x2bc71c] in python
=========         Host Frame:  [0x2a1c9] in libc.so.6
=========         Host Frame: __libc_start_main [0x2a28a] in libc.so.6
=========         Host Frame: _start [0x257bc4] in python
=========         Host Frame: validate in compare_baselines.py:117
=========         Host Frame: main in study.py:94
========= 
========= Host API memory access error at host access to 0xb11c8c000 of size 264192 bytes
=========     Uninitialized access at 0xb11c8c200 on access by cudaMemcpy source
=========     Saved host backtrace up to driver entry point at error
=========         Host Frame:  [0x481c0] in libcudart.so.12
=========         Host Frame:  [0x17057] in libcudart.so.12
=========         Host Frame: cudaMemcpyAsync [0x768a0] in libcudart.so.12
=========         Host Frame: at::native::copy_kernel_cuda(at::TensorIterator&, bool) [0x16a984b] in libtorch_cuda.so
=========         Host Frame: at::native::copy_impl(at::Tensor&, at::Tensor const&, bool) [clone .isra.0] [0x1a2f8a2] in libtorch_cpu.so
=========         Host Frame: at::native::copy_(at::Tensor&, at::Tensor const&, bool) [0x1a31186] in libtorch_cpu.so
=========         Host Frame: at::_ops::copy_::call(at::Tensor&, at::Tensor const&, bool) [0x26e73d6] in libtorch_cpu.so
=========         Host Frame: at::native::_to_copy(at::Tensor const&, std::optional<c10::ScalarType>, std::optional<c10::Layout>, std::optional<c10::Device>, std::optional<bool>, bool, std::optional<c10::MemoryFormat>) [0x1d12ab2] in libtorch_cpu.so
=========         Host Frame: c10::impl::wrap_kernel_functor_unboxed_<c10::impl::detail::WrapFunctionIntoFunctor_<c10::CompileTimeFunctionPointer<at::Tensor (at::Tensor const&, std::optional<c10::ScalarType>, std::optional<c10::Layout>, std::optional<c10::Device>, std::optional<bool>, bool, std::optional<c10::MemoryFormat>), &at::(anonymous namespace)::(anonymous namespace)::wrapper_CompositeExplicitAutograd___to_copy>, at::Tensor, c10::guts::typelist::typelist<at::Tensor const&, std::optional<c10::ScalarType>, std::optional<c10::Layout>, std::optional<c10::Device>, std::optional<bool>, bool, std::optional<c10::MemoryFormat> > >, at::Tensor (at::Tensor const&, std::optional<c10::ScalarType>, std::optional<c10::Layout>, std::optional<c10::Device>, std::optional<bool>, bool, std::optional<c10::MemoryFormat>)>::call(c10::OperatorKernel*, c10::DispatchKeySet, at::Tensor const&, std::optional<c10::ScalarType>, std::optional<c10::Layout>, std::optional<c10::Device>, std::optional<bool>, bool, std::optional<c10::MemoryFormat>) [0x2aed68b] in libtorch_cpu.so
=========         Host Frame: at::_ops::_to_copy::redispatch(c10::DispatchKeySet, at::Tensor const&, std::optional<c10::ScalarType>, std::optional<c10::Layout>, std::optional<c10::Device>, std::optional<bool>, bool, std::optional<c10::MemoryFormat>) [0x21c34d1] in libtorch_cpu.so
=========         Host Frame: c10::impl::wrap_kernel_functor_unboxed_<c10::impl::detail::WrapFunctionIntoFunctor_<c10::CompileTimeFunctionPointer<at::Tensor (at::Tensor const&, std::optional<c10::ScalarType>, std::optional<c10::Layout>, std::optional<c10::Device>, std::optional<bool>, bool, std::optional<c10::MemoryFormat>), &at::(anonymous namespace)::_to_copy>, at::Tensor, c10::guts::typelist::typelist<at::Tensor const&, std::optional<c10::ScalarType>, std::optional<c10::Layout>, std::optional<c10::Device>, std::optional<bool>, bool, std::optional<c10::MemoryFormat> > >, at::Tensor (at::Tensor const&, std::optional<c10::ScalarType>, std::optional<c10::Layout>, std::optional<c10::Device>, std::optional<bool>, bool, std::optional<c10::MemoryFormat>)>::call(c10::OperatorKernel*, c10::DispatchKeySet, at::Tensor const&, std::optional<c10::ScalarType>, std::optional<c10::Layout>, std::optional<c10::Device>, std::optional<bool>, bool, std::optional<c10::MemoryFormat>) [0x28ba68a] in libtorch_cpu.so
=========         Host Frame: at::_ops::_to_copy::redispatch(c10::DispatchKeySet, at::Tensor const&, std::optional<c10::ScalarType>, std::optional<c10::Layout>, std::optional<c10::Device>, std::optional<bool>, bool, std::optional<c10::MemoryFormat>) [0x21c34d1] in libtorch_cpu.so
=========         Host Frame: torch::autograd::VariableType::(anonymous namespace)::_to_copy(c10::DispatchKeySet, at::Tensor const&, std::optional<c10::ScalarType>, std::optional<c10::Layout>, std::optional<c10::Device>, std::optional<bool>, bool, std::optional<c10::MemoryFormat>) [0x49975db] in libtorch_cpu.so
=========         Host Frame: c10::impl::wrap_kernel_functor_unboxed_<c10::impl::detail::WrapFunctionIntoFunctor_<c10::CompileTimeFunctionPointer<at::Tensor (c10::DispatchKeySet, at::Tensor const&, std::optional<c10::ScalarType>, std::optional<c10::Layout>, std::optional<c10::Device>, std::optional<bool>, bool, std::optional<c10::MemoryFormat>), &torch::autograd::VariableType::(anonymous namespace)::_to_copy>, at::Tensor, c10::guts::typelist::typelist<c10::DispatchKeySet, at::Tensor const&, std::optional<c10::ScalarType>, std::optional<c10::Layout>, std::optional<c10::Device>, std::optional<bool>, bool, std::optional<c10::MemoryFormat> > >, at::Tensor (c10::DispatchKeySet, at::Tensor const&, std::optional<c10::ScalarType>, std::optional<c10::Layout>, std::optional<c10::Device>, std::optional<bool>, bool, std::optional<c10::MemoryFormat>)>::call(c10::OperatorKernel*, c10::DispatchKeySet, at::Tensor const&, std::optional<c10::ScalarType>, std::optional<c10::Layout>, std::optional<c10::Device>, std::optional<bool>, bool, std::optional<c10::MemoryFormat>) [0x4997a3e] in libtorch_cpu.so
=========         Host Frame: at::_ops::_to_copy::call(at::Tensor const&, std::optional<c10::ScalarType>, std::optional<c10::Layout>, std::optional<c10::Device>, std::optional<bool>, bool, std::optional<c10::MemoryFormat>) [0x2264f7c] in libtorch_cpu.so
=========         Host Frame: at::native::to(at::Tensor const&, std::optional<c10::ScalarType>, std::optional<c10::Layout>, std::optional<c10::Device>, std::optional<bool>, bool, bool, std::optional<c10::MemoryFormat>) [0x1d104fd] in libtorch_cpu.so
=========         Host Frame: c10::impl::wrap_kernel_functor_unboxed_<c10::impl::detail::WrapFunctionIntoFunctor_<c10::CompileTimeFunctionPointer<at::Tensor (at::Tensor const&, std::optional<c10::ScalarType>, std::optional<c10::Layout>, std::optional<c10::Device>, std::optional<bool>, bool, bool, std::optional<c10::MemoryFormat>), &at::(anonymous namespace)::(anonymous namespace)::wrapper_CompositeImplicitAutograd_dtype_layout_to>, at::Tensor, c10::guts::typelist::typelist<at::Tensor const&, std::optional<c10::ScalarType>, std::optional<c10::Layout>, std::optional<c10::Device>, std::optional<bool>, bool, bool, std::optional<c10::MemoryFormat> > >, at::Tensor (at::Tensor const&, std::optional<c10::ScalarType>, std::optional<c10::Layout>, std::optional<c10::Device>, std::optional<bool>, bool, bool, std::optional<c10::MemoryFormat>)>::call(c10::OperatorKernel*, c10::DispatchKeySet, at::Tensor const&, std::optional<c10::ScalarType>, std::optional<c10::Layout>, std::optional<c10::Device>, std::optional<bool>, bool, bool, std::optional<c10::MemoryFormat>) [0x2be4c41] in libtorch_cpu.so
=========         Host Frame: at::_ops::to_dtype_layout::call(at::Tensor const&, std::optional<c10::ScalarType>, std::optional<c10::Layout>, std::optional<c10::Device>, std::optional<bool>, bool, bool, std::optional<c10::MemoryFormat>) [0x23fbe16] in libtorch_cpu.so
=========         Host Frame: at::Tensor::to(c10::TensorOptions, bool, bool, std::optional<c10::MemoryFormat>) const [0x4354c8] in libtorch_python.so
=========         Host Frame: torch::autograd::dispatch_to(at::Tensor const&, c10::Device, bool, bool, std::optional<c10::MemoryFormat>) [0x3d7920] in libtorch_python.so
=========         Host Frame: torch::autograd::THPVariable_cpu(_object*, _object*, _object*) [0x3d7b1d] in libtorch_python.so
=========         Host Frame:  [0x151347] in python
=========         Host Frame: PyObject_Vectorcall [0x149934] in python
=========         Host Frame: _PyEval_EvalFrameDefault [0x1d6f08] in python
=========         Host Frame: PyEval_EvalCode [0x1d544a] in python
=========         Host Frame:  [0x2085a1] in python
=========         Host Frame:  [0x2b5032] in python
=========         Host Frame: _PyRun_SimpleFileObject [0x2b4d99] in python
=========         Host Frame: _PyRun_AnyFileObject [0x2b4bce] in python
=========         Host Frame: Py_RunMain [0x2bcc34] in python
=========         Host Frame: Py_BytesMain [0x2bc71c] in python
=========         Host Frame:  [0x2a1c9] in libc.so.6
=========         Host Frame: __libc_start_main [0x2a28a] in libc.so.6
=========         Host Frame: _start [0x257bc4] in python
=========         Host Frame: validate in compare_baselines.py:117
=========         Host Frame: main in study.py:94
========= 
========= Host API memory access error at host access to 0xb11c8c000 of size 264192 bytes
=========     Uninitialized access at 0xb11c8c220 on access by cudaMemcpy source
=========     Saved host backtrace up to driver entry point at error
=========         Host Frame:  [0x481c0] in libcudart.so.12
=========         Host Frame:  [0x17057] in libcudart.so.12
=========         Host Frame: cudaMemcpyAsync [0x768a0] in libcudart.so.12
=========         Host Frame: at::native::copy_kernel_cuda(at::TensorIterator&, bool) [0x16a984b] in libtorch_cuda.so
=========         Host Frame: at::native::copy_impl(at::Tensor&, at::Tensor const&, bool) [clone .isra.0] [0x1a2f8a2] in libtorch_cpu.so
=========         Host Frame: at::native::copy_(at::Tensor&, at::Tensor const&, bool) [0x1a31186] in libtorch_cpu.so
=========         Host Frame: at::_ops::copy_::call(at::Tensor&, at::Tensor const&, bool) [0x26e73d6] in libtorch_cpu.so
=========         Host Frame: at::native::_to_copy(at::Tensor const&, std::optional<c10::ScalarType>, std::optional<c10::Layout>, std::optional<c10::Device>, std::optional<bool>, bool, std::optional<c10::MemoryFormat>) [0x1d12ab2] in libtorch_cpu.so
=========         Host Frame: c10::impl::wrap_kernel_functor_unboxed_<c10::impl::detail::WrapFunctionIntoFunctor_<c10::CompileTimeFunctionPointer<at::Tensor (at::Tensor const&, std::optional<c10::ScalarType>, std::optional<c10::Layout>, std::optional<c10::Device>, std::optional<bool>, bool, std::optional<c10::MemoryFormat>), &at::(anonymous namespace)::(anonymous namespace)::wrapper_CompositeExplicitAutograd___to_copy>, at::Tensor, c10::guts::typelist::typelist<at::Tensor const&, std::optional<c10::ScalarType>, std::optional<c10::Layout>, std::optional<c10::Device>, std::optional<bool>, bool, std::optional<c10::MemoryFormat> > >, at::Tensor (at::Tensor const&, std::optional<c10::ScalarType>, std::optional<c10::Layout>, std::optional<c10::Device>, std::optional<bool>, bool, std::optional<c10::MemoryFormat>)>::call(c10::OperatorKernel*, c10::DispatchKeySet, at::Tensor const&, std::optional<c10::ScalarType>, std::optional<c10::Layout>, std::optional<c10::Device>, std::optional<bool>, bool, std::optional<c10::MemoryFormat>) [0x2aed68b] in libtorch_cpu.so
=========         Host Frame: at::_ops::_to_copy::redispatch(c10::DispatchKeySet, at::Tensor const&, std::optional<c10::ScalarType>, std::optional<c10::Layout>, std::optional<c10::Device>, std::optional<bool>, bool, std::optional<c10::MemoryFormat>) [0x21c34d1] in libtorch_cpu.so
=========         Host Frame: c10::impl::wrap_kernel_functor_unboxed_<c10::impl::detail::WrapFunctionIntoFunctor_<c10::CompileTimeFunctionPointer<at::Tensor (at::Tensor const&, std::optional<c10::ScalarType>, std::optional<c10::Layout>, std::optional<c10::Device>, std::optional<bool>, bool, std::optional<c10::MemoryFormat>), &at::(anonymous namespace)::_to_copy>, at::Tensor, c10::guts::typelist::typelist<at::Tensor const&, std::optional<c10::ScalarType>, std::optional<c10::Layout>, std::optional<c10::Device>, std::optional<bool>, bool, std::optional<c10::MemoryFormat> > >, at::Tensor (at::Tensor const&, std::optional<c10::ScalarType>, std::optional<c10::Layout>, std::optional<c10::Device>, std::optional<bool>, bool, std::optional<c10::MemoryFormat>)>::call(c10::OperatorKernel*, c10::DispatchKeySet, at::Tensor const&, std::optional<c10::ScalarType>, std::optional<c10::Layout>, std::optional<c10::Device>, std::optional<bool>, bool, std::optional<c10::MemoryFormat>) [0x28ba68a] in libtorch_cpu.so
=========         Host Frame: at::_ops::_to_copy::redispatch(c10::DispatchKeySet, at::Tensor const&, std::optional<c10::ScalarType>, std::optional<c10::Layout>, std::optional<c10::Device>, std::optional<bool>, bool, std::optional<c10::MemoryFormat>) [0x21c34d1] in libtorch_cpu.so
=========         Host Frame: torch::autograd::VariableType::(anonymous namespace)::_to_copy(c10::DispatchKeySet, at::Tensor const&, std::optional<c10::ScalarType>, std::optional<c10::Layout>, std::optional<c10::Device>, std::optional<bool>, bool, std::optional<c10::MemoryFormat>) [0x49975db] in libtorch_cpu.so
=========         Host Frame: c10::impl::wrap_kernel_functor_unboxed_<c10::impl::detail::WrapFunctionIntoFunctor_<c10::CompileTimeFunctionPointer<at::Tensor (c10::DispatchKeySet, at::Tensor const&, std::optional<c10::ScalarType>, std::optional<c10::Layout>, std::optional<c10::Device>, std::optional<bool>, bool, std::optional<c10::MemoryFormat>), &torch::autograd::VariableType::(anonymous namespace)::_to_copy>, at::Tensor, c10::guts::typelist::typelist<c10::DispatchKeySet, at::Tensor const&, std::optional<c10::ScalarType>, std::optional<c10::Layout>, std::optional<c10::Device>, std::optional<bool>, bool, std::optional<c10::MemoryFormat> > >, at::Tensor (c10::DispatchKeySet, at::Tensor const&, std::optional<c10::ScalarType>, std::optional<c10::Layout>, std::optional<c10::Device>, std::optional<bool>, bool, std::optional<c10::MemoryFormat>)>::call(c10::OperatorKernel*, c10::DispatchKeySet, at::Tensor const&, std::optional<c10::ScalarType>, std::optional<c10::Layout>, std::optional<c10::Device>, std::optional<bool>, bool, std::optional<c10::MemoryFormat>) [0x4997a3e] in libtorch_cpu.so
=========         Host Frame: at::_ops::_to_copy::call(at::Tensor const&, std::optional<c10::ScalarType>, std::optional<c10::Layout>, std::optional<c10::Device>, std::optional<bool>, bool, std::optional<c10::MemoryFormat>) [0x2264f7c] in libtorch_cpu.so
=========         Host Frame: at::native::to(at::Tensor const&, std::optional<c10::ScalarType>, std::optional<c10::Layout>, std::optional<c10::Device>, std::optional<bool>, bool, bool, std::optional<c10::MemoryFormat>) [0x1d104fd] in libtorch_cpu.so
=========         Host Frame: c10::impl::wrap_kernel_functor_unboxed_<c10::impl::detail::WrapFunctionIntoFunctor_<c10::CompileTimeFunctionPointer<at::Tensor (at::Tensor const&, std::optional<c10::ScalarType>, std::optional<c10::Layout>, std::optional<c10::Device>, std::optional<bool>, bool, bool, std::optional<c10::MemoryFormat>), &at::(anonymous namespace)::(anonymous namespace)::wrapper_CompositeImplicitAutograd_dtype_layout_to>, at::Tensor, c10::guts::typelist::typelist<at::Tensor const&, std::optional<c10::ScalarType>, std::optional<c10::Layout>, std::optional<c10::Device>, std::optional<bool>, bool, bool, std::optional<c10::MemoryFormat> > >, at::Tensor (at::Tensor const&, std::optional<c10::ScalarType>, std::optional<c10::Layout>, std::optional<c10::Device>, std::optional<bool>, bool, bool, std::optional<c10::MemoryFormat>)>::call(c10::OperatorKernel*, c10::DispatchKeySet, at::Tensor const&, std::optional<c10::ScalarType>, std::optional<c10::Layout>, std::optional<c10::Device>, std::optional<bool>, bool, bool, std::optional<c10::MemoryFormat>) [0x2be4c41] in libtorch_cpu.so
=========         Host Frame: at::_ops::to_dtype_layout::call(at::Tensor const&, std::optional<c10::ScalarType>, std::optional<c10::Layout>, std::optional<c10::Device>, std::optional<bool>, bool, bool, std::optional<c10::MemoryFormat>) [0x23fbe16] in libtorch_cpu.so
=========         Host Frame: at::Tensor::to(c10::TensorOptions, bool, bool, std::optional<c10::MemoryFormat>) const [0x4354c8] in libtorch_python.so
=========         Host Frame: torch::autograd::dispatch_to(at::Tensor const&, c10::Device, bool, bool, std::optional<c10::MemoryFormat>) [0x3d7920] in libtorch_python.so
=========         Host Frame: torch::autograd::THPVariable_cpu(_object*, _object*, _object*) [0x3d7b1d] in libtorch_python.so
=========         Host Frame:  [0x151347] in python
=========         Host Frame: PyObject_Vectorcall [0x149934] in python
=========         Host Frame: _PyEval_EvalFrameDefault [0x1d6f08] in python
=========         Host Frame: PyEval_EvalCode [0x1d544a] in python
=========         Host Frame:  [0x2085a1] in python
=========         Host Frame:  [0x2b5032] in python
=========         Host Frame: _PyRun_SimpleFileObject [0x2b4d99] in python
=========         Host Frame: _PyRun_AnyFileObject [0x2b4bce] in python
=========         Host Frame: Py_RunMain [0x2bcc34] in python
=========         Host Frame: Py_BytesMain [0x2bc71c] in python
=========         Host Frame:  [0x2a1c9] in libc.so.6
=========         Host Frame: __libc_start_main [0x2a28a] in libc.so.6
=========         Host Frame: _start [0x257bc4] in python
=========         Host Frame: validate in compare_baselines.py:117
=========         Host Frame: main in study.py:94
========= 
========= Host API memory access error at host access to 0xb11c8c000 of size 264192 bytes
=========     Uninitialized access at 0xb11c8c240 on access by cudaMemcpy source
=========     Saved host backtrace up to driver entry point at error
=========         Host Frame:  [0x481c0] in libcudart.so.12
=========         Host Frame:  [0x17057] in libcudart.so.12
=========         Host Frame: cudaMemcpyAsync [0x768a0] in libcudart.so.12
=========         Host Frame: at::native::copy_kernel_cuda(at::TensorIterator&, bool) [0x16a984b] in libtorch_cuda.so
=========         Host Frame: at::native::copy_impl(at::Tensor&, at::Tensor const&, bool) [clone .isra.0] [0x1a2f8a2] in libtorch_cpu.so
=========         Host Frame: at::native::copy_(at::Tensor&, at::Tensor const&, bool) [0x1a31186] in libtorch_cpu.so
=========         Host Frame: at::_ops::copy_::call(at::Tensor&, at::Tensor const&, bool) [0x26e73d6] in libtorch_cpu.so
=========         Host Frame: at::native::_to_copy(at::Tensor const&, std::optional<c10::ScalarType>, std::optional<c10::Layout>, std::optional<c10::Device>, std::optional<bool>, bool, std::optional<c10::MemoryFormat>) [0x1d12ab2] in libtorch_cpu.so
=========         Host Frame: c10::impl::wrap_kernel_functor_unboxed_<c10::impl::detail::WrapFunctionIntoFunctor_<c10::CompileTimeFunctionPointer<at::Tensor (at::Tensor const&, std::optional<c10::ScalarType>, std::optional<c10::Layout>, std::optional<c10::Device>, std::optional<bool>, bool, std::optional<c10::MemoryFormat>), &at::(anonymous namespace)::(anonymous namespace)::wrapper_CompositeExplicitAutograd___to_copy>, at::Tensor, c10::guts::typelist::typelist<at::Tensor const&, std::optional<c10::ScalarType>, std::optional<c10::Layout>, std::optional<c10::Device>, std::optional<bool>, bool, std::optional<c10::MemoryFormat> > >, at::Tensor (at::Tensor const&, std::optional<c10::ScalarType>, std::optional<c10::Layout>, std::optional<c10::Device>, std::optional<bool>, bool, std::optional<c10::MemoryFormat>)>::call(c10::OperatorKernel*, c10::DispatchKeySet, at::Tensor const&, std::optional<c10::ScalarType>, std::optional<c10::Layout>, std::optional<c10::Device>, std::optional<bool>, bool, std::optional<c10::MemoryFormat>) [0x2aed68b] in libtorch_cpu.so
=========         Host Frame: at::_ops::_to_copy::redispatch(c10::DispatchKeySet, at::Tensor const&, std::optional<c10::ScalarType>, std::optional<c10::Layout>, std::optional<c10::Device>, std::optional<bool>, bool, std::optional<c10::MemoryFormat>) [0x21c34d1] in libtorch_cpu.so
=========         Host Frame: c10::impl::wrap_kernel_functor_unboxed_<c10::impl::detail::WrapFunctionIntoFunctor_<c10::CompileTimeFunctionPointer<at::Tensor (at::Tensor const&, std::optional<c10::ScalarType>, std::optional<c10::Layout>, std::optional<c10::Device>, std::optional<bool>, bool, std::optional<c10::MemoryFormat>), &at::(anonymous namespace)::_to_copy>, at::Tensor, c10::guts::typelist::typelist<at::Tensor const&, std::optional<c10::ScalarType>, std::optional<c10::Layout>, std::optional<c10::Device>, std::optional<bool>, bool, std::optional<c10::MemoryFormat> > >, at::Tensor (at::Tensor const&, std::optional<c10::ScalarType>, std::optional<c10::Layout>, std::optional<c10::Device>, std::optional<bool>, bool, std::optional<c10::MemoryFormat>)>::call(c10::OperatorKernel*, c10::DispatchKeySet, at::Tensor const&, std::optional<c10::ScalarType>, std::optional<c10::Layout>, std::optional<c10::Device>, std::optional<bool>, bool, std::optional<c10::MemoryFormat>) [0x28ba68a] in libtorch_cpu.so
=========         Host Frame: at::_ops::_to_copy::redispatch(c10::DispatchKeySet, at::Tensor const&, std::optional<c10::ScalarType>, std::optional<c10::Layout>, std::optional<c10::Device>, std::optional<bool>, bool, std::optional<c10::MemoryFormat>) [0x21c34d1] in libtorch_cpu.so
=========         Host Frame: torch::autograd::VariableType::(anonymous namespace)::_to_copy(c10::DispatchKeySet, at::Tensor const&, std::optional<c10::ScalarType>, std::optional<c10::Layout>, std::optional<c10::Device>, std::optional<bool>, bool, std::optional<c10::MemoryFormat>) [0x49975db] in libtorch_cpu.so
=========         Host Frame: c10::impl::wrap_kernel_functor_unboxed_<c10::impl::detail::WrapFunctionIntoFunctor_<c10::CompileTimeFunctionPointer<at::Tensor (c10::DispatchKeySet, at::Tensor const&, std::optional<c10::ScalarType>, std::optional<c10::Layout>, std::optional<c10::Device>, std::optional<bool>, bool, std::optional<c10::MemoryFormat>), &torch::autograd::VariableType::(anonymous namespace)::_to_copy>, at::Tensor, c10::guts::typelist::typelist<c10::DispatchKeySet, at::Tensor const&, std::optional<c10::ScalarType>, std::optional<c10::Layout>, std::optional<c10::Device>, std::optional<bool>, bool, std::optional<c10::MemoryFormat> > >, at::Tensor (c10::DispatchKeySet, at::Tensor const&, std::optional<c10::ScalarType>, std::optional<c10::Layout>, std::optional<c10::Device>, std::optional<bool>, bool, std::optional<c10::MemoryFormat>)>::call(c10::OperatorKernel*, c10::DispatchKeySet, at::Tensor const&, std::optional<c10::ScalarType>, std::optional<c10::Layout>, std::optional<c10::Device>, std::optional<bool>, bool, std::optional<c10::MemoryFormat>) [0x4997a3e] in libtorch_cpu.so
=========         Host Frame: at::_ops::_to_copy::call(at::Tensor const&, std::optional<c10::ScalarType>, std::optional<c10::Layout>, std::optional<c10::Device>, std::optional<bool>, bool, std::optional<c10::MemoryFormat>) [0x2264f7c] in libtorch_cpu.so
=========         Host Frame: at::native::to(at::Tensor const&, std::optional<c10::ScalarType>, std::optional<c10::Layout>, std::optional<c10::Device>, std::optional<bool>, bool, bool, std::optional<c10::MemoryFormat>) [0x1d104fd] in libtorch_cpu.so
=========         Host Frame: c10::impl::wrap_kernel_functor_unboxed_<c10::impl::detail::WrapFunctionIntoFunctor_<c10::CompileTimeFunctionPointer<at::Tensor (at::Tensor const&, std::optional<c10::ScalarType>, std::optional<c10::Layout>, std::optional<c10::Device>, std::optional<bool>, bool, bool, std::optional<c10::MemoryFormat>), &at::(anonymous namespace)::(anonymous namespace)::wrapper_CompositeImplicitAutograd_dtype_layout_to>, at::Tensor, c10::guts::typelist::typelist<at::Tensor const&, std::optional<c10::ScalarType>, std::optional<c10::Layout>, std::optional<c10::Device>, std::optional<bool>, bool, bool, std::optional<c10::MemoryFormat> > >, at::Tensor (at::Tensor const&, std::optional<c10::ScalarType>, std::optional<c10::Layout>, std::optional<c10::Device>, std::optional<bool>, bool, bool, std::optional<c10::MemoryFormat>)>::call(c10::OperatorKernel*, c10::DispatchKeySet, at::Tensor const&, std::optional<c10::ScalarType>, std::optional<c10::Layout>, std::optional<c10::Device>, std::optional<bool>, bool, bool, std::optional<c10::MemoryFormat>) [0x2be4c41] in libtorch_cpu.so
=========         Host Frame: at::_ops::to_dtype_layout::call(at::Tensor const&, std::optional<c10::ScalarType>, std::optional<c10::Layout>, std::optional<c10::Device>, std::optional<bool>, bool, bool, std::optional<c10::MemoryFormat>) [0x23fbe16] in libtorch_cpu.so
=========         Host Frame: at::Tensor::to(c10::TensorOptions, bool, bool, std::optional<c10::MemoryFormat>) const [0x4354c8] in libtorch_python.so
=========         Host Frame: torch::autograd::dispatch_to(at::Tensor const&, c10::Device, bool, bool, std::optional<c10::MemoryFormat>) [0x3d7920] in libtorch_python.so
=========         Host Frame: torch::autograd::THPVariable_cpu(_object*, _object*, _object*) [0x3d7b1d] in libtorch_python.so
=========         Host Frame:  [0x151347] in python
=========         Host Frame: PyObject_Vectorcall [0x149934] in python
=========         Host Frame: _PyEval_EvalFrameDefault [0x1d6f08] in python
=========         Host Frame: PyEval_EvalCode [0x1d544a] in python
=========         Host Frame:  [0x2085a1] in python
=========         Host Frame:  [0x2b5032] in python
=========         Host Frame: _PyRun_SimpleFileObject [0x2b4d99] in python
=========         Host Frame: _PyRun_AnyFileObject [0x2b4bce] in python
=========         Host Frame: Py_RunMain [0x2bcc34] in python
=========         Host Frame: Py_BytesMain [0x2bc71c] in python
=========         Host Frame:  [0x2a1c9] in libc.so.6
=========         Host Frame: __libc_start_main [0x2a28a] in libc.so.6
=========         Host Frame: _start [0x257bc4] in python
=========         Host Frame: validate in compare_baselines.py:117
=========         Host Frame: main in study.py:94
========= 
========= Host API memory access error at host access to 0xb11c8c000 of size 264192 bytes
=========     Uninitialized access at 0xb11c8c260 on access by cudaMemcpy source
=========     Saved host backtrace up to driver entry point at error
=========         Host Frame:  [0x481c0] in libcudart.so.12
=========         Host Frame:  [0x17057] in libcudart.so.12
=========         Host Frame: cudaMemcpyAsync [0x768a0] in libcudart.so.12
=========         Host Frame: at::native::copy_kernel_cuda(at::TensorIterator&, bool) [0x16a984b] in libtorch_cuda.so
=========         Host Frame: at::native::copy_impl(at::Tensor&, at::Tensor const&, bool) [clone .isra.0] [0x1a2f8a2] in libtorch_cpu.so
=========         Host Frame: at::native::copy_(at::Tensor&, at::Tensor const&, bool) [0x1a31186] in libtorch_cpu.so
=========         Host Frame: at::_ops::copy_::call(at::Tensor&, at::Tensor const&, bool) [0x26e73d6] in libtorch_cpu.so
=========         Host Frame: at::native::_to_copy(at::Tensor const&, std::optional<c10::ScalarType>, std::optional<c10::Layout>, std::optional<c10::Device>, std::optional<bool>, bool, std::optional<c10::MemoryFormat>) [0x1d12ab2] in libtorch_cpu.so
=========         Host Frame: c10::impl::wrap_kernel_functor_unboxed_<c10::impl::detail::WrapFunctionIntoFunctor_<c10::CompileTimeFunctionPointer<at::Tensor (at::Tensor const&, std::optional<c10::ScalarType>, std::optional<c10::Layout>, std::optional<c10::Device>, std::optional<bool>, bool, std::optional<c10::MemoryFormat>), &at::(anonymous namespace)::(anonymous namespace)::wrapper_CompositeExplicitAutograd___to_copy>, at::Tensor, c10::guts::typelist::typelist<at::Tensor const&, std::optional<c10::ScalarType>, std::optional<c10::Layout>, std::optional<c10::Device>, std::optional<bool>, bool, std::optional<c10::MemoryFormat> > >, at::Tensor (at::Tensor const&, std::optional<c10::ScalarType>, std::optional<c10::Layout>, std::optional<c10::Device>, std::optional<bool>, bool, std::optional<c10::MemoryFormat>)>::call(c10::OperatorKernel*, c10::DispatchKeySet, at::Tensor const&, std::optional<c10::ScalarType>, std::optional<c10::Layout>, std::optional<c10::Device>, std::optional<bool>, bool, std::optional<c10::MemoryFormat>) [0x2aed68b] in libtorch_cpu.so
=========         Host Frame: at::_ops::_to_copy::redispatch(c10::DispatchKeySet, at::Tensor const&, std::optional<c10::ScalarType>, std::optional<c10::Layout>, std::optional<c10::Device>, std::optional<bool>, bool, std::optional<c10::MemoryFormat>) [0x21c34d1] in libtorch_cpu.so
=========         Host Frame: c10::impl::wrap_kernel_functor_unboxed_<c10::impl::detail::WrapFunctionIntoFunctor_<c10::CompileTimeFunctionPointer<at::Tensor (at::Tensor const&, std::optional<c10::ScalarType>, std::optional<c10::Layout>, std::optional<c10::Device>, std::optional<bool>, bool, std::optional<c10::MemoryFormat>), &at::(anonymous namespace)::_to_copy>, at::Tensor, c10::guts::typelist::typelist<at::Tensor const&, std::optional<c10::ScalarType>, std::optional<c10::Layout>, std::optional<c10::Device>, std::optional<bool>, bool, std::optional<c10::MemoryFormat> > >, at::Tensor (at::Tensor const&, std::optional<c10::ScalarType>, std::optional<c10::Layout>, std::optional<c10::Device>, std::optional<bool>, bool, std::optional<c10::MemoryFormat>)>::call(c10::OperatorKernel*, c10::DispatchKeySet, at::Tensor const&, std::optional<c10::ScalarType>, std::optional<c10::Layout>, std::optional<c10::Device>, std::optional<bool>, bool, std::optional<c10::MemoryFormat>) [0x28ba68a] in libtorch_cpu.so
=========         Host Frame: at::_ops::_to_copy::redispatch(c10::DispatchKeySet, at::Tensor const&, std::optional<c10::ScalarType>, std::optional<c10::Layout>, std::optional<c10::Device>, std::optional<bool>, bool, std::optional<c10::MemoryFormat>) [0x21c34d1] in libtorch_cpu.so
=========         Host Frame: torch::autograd::VariableType::(anonymous namespace)::_to_copy(c10::DispatchKeySet, at::Tensor const&, std::optional<c10::ScalarType>, std::optional<c10::Layout>, std::optional<c10::Device>, std::optional<bool>, bool, std::optional<c10::MemoryFormat>) [0x49975db] in libtorch_cpu.so
=========         Host Frame: c10::impl::wrap_kernel_functor_unboxed_<c10::impl::detail::WrapFunctionIntoFunctor_<c10::CompileTimeFunctionPointer<at::Tensor (c10::DispatchKeySet, at::Tensor const&, std::optional<c10::ScalarType>, std::optional<c10::Layout>, std::optional<c10::Device>, std::optional<bool>, bool, std::optional<c10::MemoryFormat>), &torch::autograd::VariableType::(anonymous namespace)::_to_copy>, at::Tensor, c10::guts::typelist::typelist<c10::DispatchKeySet, at::Tensor const&, std::optional<c10::ScalarType>, std::optional<c10::Layout>, std::optional<c10::Device>, std::optional<bool>, bool, std::optional<c10::MemoryFormat> > >, at::Tensor (c10::DispatchKeySet, at::Tensor const&, std::optional<c10::ScalarType>, std::optional<c10::Layout>, std::optional<c10::Device>, std::optional<bool>, bool, std::optional<c10::MemoryFormat>)>::call(c10::OperatorKernel*, c10::DispatchKeySet, at::Tensor const&, std::optional<c10::ScalarType>, std::optional<c10::Layout>, std::optional<c10::Device>, std::optional<bool>, bool, std::optional<c10::MemoryFormat>) [0x4997a3e] in libtorch_cpu.so
=========         Host Frame: at::_ops::_to_copy::call(at::Tensor const&, std::optional<c10::ScalarType>, std::optional<c10::Layout>, std::optional<c10::Device>, std::optional<bool>, bool, std::optional<c10::MemoryFormat>) [0x2264f7c] in libtorch_cpu.so
=========         Host Frame: at::native::to(at::Tensor const&, std::optional<c10::ScalarType>, std::optional<c10::Layout>, std::optional<c10::Device>, std::optional<bool>, bool, bool, std::optional<c10::MemoryFormat>) [0x1d104fd] in libtorch_cpu.so
=========         Host Frame: c10::impl::wrap_kernel_functor_unboxed_<c10::impl::detail::WrapFunctionIntoFunctor_<c10::CompileTimeFunctionPointer<at::Tensor (at::Tensor const&, std::optional<c10::ScalarType>, std::optional<c10::Layout>, std::optional<c10::Device>, std::optional<bool>, bool, bool, std::optional<c10::MemoryFormat>), &at::(anonymous namespace)::(anonymous namespace)::wrapper_CompositeImplicitAutograd_dtype_layout_to>, at::Tensor, c10::guts::typelist::typelist<at::Tensor const&, std::optional<c10::ScalarType>, std::optional<c10::Layout>, std::optional<c10::Device>, std::optional<bool>, bool, bool, std::optional<c10::MemoryFormat> > >, at::Tensor (at::Tensor const&, std::optional<c10::ScalarType>, std::optional<c10::Layout>, std::optional<c10::Device>, std::optional<bool>, bool, bool, std::optional<c10::MemoryFormat>)>::call(c10::OperatorKernel*, c10::DispatchKeySet, at::Tensor const&, std::optional<c10::ScalarType>, std::optional<c10::Layout>, std::optional<c10::Device>, std::optional<bool>, bool, bool, std::optional<c10::MemoryFormat>) [0x2be4c41] in libtorch_cpu.so
=========         Host Frame: at::_ops::to_dtype_layout::call(at::Tensor const&, std::optional<c10::ScalarType>, std::optional<c10::Layout>, std::optional<c10::Device>, std::optional<bool>, bool, bool, std::optional<c10::MemoryFormat>) [0x23fbe16] in libtorch_cpu.so
=========         Host Frame: at::Tensor::to(c10::TensorOptions, bool, bool, std::optional<c10::MemoryFormat>) const [0x4354c8] in libtorch_python.so
=========         Host Frame: torch::autograd::dispatch_to(at::Tensor const&, c10::Device, bool, bool, std::optional<c10::MemoryFormat>) [0x3d7920] in libtorch_python.so
=========         Host Frame: torch::autograd::THPVariable_cpu(_object*, _object*, _object*) [0x3d7b1d] in libtorch_python.so
=========         Host Frame:  [0x151347] in python
=========         Host Frame: PyObject_Vectorcall [0x149934] in python
=========         Host Frame: _PyEval_EvalFrameDefault [0x1d6f08] in python
=========         Host Frame: PyEval_EvalCode [0x1d544a] in python
=========         Host Frame:  [0x2085a1] in python
=========         Host Frame:  [0x2b5032] in python
=========         Host Frame: _PyRun_SimpleFileObject [0x2b4d99] in python
=========         Host Frame: _PyRun_AnyFileObject [0x2b4bce] in python
=========         Host Frame: Py_RunMain [0x2bcc34] in python
=========         Host Frame: Py_BytesMain [0x2bc71c] in python
=========         Host Frame:  [0x2a1c9] in libc.so.6
=========         Host Frame: __libc_start_main [0x2a28a] in libc.so.6
=========         Host Frame: _start [0x257bc4] in python
=========         Host Frame: validate in compare_baselines.py:117
=========         Host Frame: main in study.py:94
========= 
========= Host API memory access error at host access to 0xb11c8c000 of size 264192 bytes
=========     Uninitialized access at 0xb11c8c280 on access by cudaMemcpy source
=========     Saved host backtrace up to driver entry point at error
=========         Host Frame:  [0x481c0] in libcudart.so.12
=========         Host Frame:  [0x17057] in libcudart.so.12
=========         Host Frame: cudaMemcpyAsync [0x768a0] in libcudart.so.12
=========         Host Frame: at::native::copy_kernel_cuda(at::TensorIterator&, bool) [0x16a984b] in libtorch_cuda.so
=========         Host Frame: at::native::copy_impl(at::Tensor&, at::Tensor const&, bool) [clone .isra.0] [0x1a2f8a2] in libtorch_cpu.so
=========         Host Frame: at::native::copy_(at::Tensor&, at::Tensor const&, bool) [0x1a31186] in libtorch_cpu.so
=========         Host Frame: at::_ops::copy_::call(at::Tensor&, at::Tensor const&, bool) [0x26e73d6] in libtorch_cpu.so
=========         Host Frame: at::native::_to_copy(at::Tensor const&, std::optional<c10::ScalarType>, std::optional<c10::Layout>, std::optional<c10::Device>, std::optional<bool>, bool, std::optional<c10::MemoryFormat>) [0x1d12ab2] in libtorch_cpu.so
=========         Host Frame: c10::impl::wrap_kernel_functor_unboxed_<c10::impl::detail::WrapFunctionIntoFunctor_<c10::CompileTimeFunctionPointer<at::Tensor (at::Tensor const&, std::optional<c10::ScalarType>, std::optional<c10::Layout>, std::optional<c10::Device>, std::optional<bool>, bool, std::optional<c10::MemoryFormat>), &at::(anonymous namespace)::(anonymous namespace)::wrapper_CompositeExplicitAutograd___to_copy>, at::Tensor, c10::guts::typelist::typelist<at::Tensor const&, std::optional<c10::ScalarType>, std::optional<c10::Layout>, std::optional<c10::Device>, std::optional<bool>, bool, std::optional<c10::MemoryFormat> > >, at::Tensor (at::Tensor const&, std::optional<c10::ScalarType>, std::optional<c10::Layout>, std::optional<c10::Device>, std::optional<bool>, bool, std::optional<c10::MemoryFormat>)>::call(c10::OperatorKernel*, c10::DispatchKeySet, at::Tensor const&, std::optional<c10::ScalarType>, std::optional<c10::Layout>, std::optional<c10::Device>, std::optional<bool>, bool, std::optional<c10::MemoryFormat>) [0x2aed68b] in libtorch_cpu.so
=========         Host Frame: at::_ops::_to_copy::redispatch(c10::DispatchKeySet, at::Tensor const&, std::optional<c10::ScalarType>, std::optional<c10::Layout>, std::optional<c10::Device>, std::optional<bool>, bool, std::optional<c10::MemoryFormat>) [0x21c34d1] in libtorch_cpu.so
=========         Host Frame: c10::impl::wrap_kernel_functor_unboxed_<c10::impl::detail::WrapFunctionIntoFunctor_<c10::CompileTimeFunctionPointer<at::Tensor (at::Tensor const&, std::optional<c10::ScalarType>, std::optional<c10::Layout>, std::optional<c10::Device>, std::optional<bool>, bool, std::optional<c10::MemoryFormat>), &at::(anonymous namespace)::_to_copy>, at::Tensor, c10::guts::typelist::typelist<at::Tensor const&, std::optional<c10::ScalarType>, std::optional<c10::Layout>, std::optional<c10::Device>, std::optional<bool>, bool, std::optional<c10::MemoryFormat> > >, at::Tensor (at::Tensor const&, std::optional<c10::ScalarType>, std::optional<c10::Layout>, std::optional<c10::Device>, std::optional<bool>, bool, std::optional<c10::MemoryFormat>)>::call(c10::OperatorKernel*, c10::DispatchKeySet, at::Tensor const&, std::optional<c10::ScalarType>, std::optional<c10::Layout>, std::optional<c10::Device>, std::optional<bool>, bool, std::optional<c10::MemoryFormat>) [0x28ba68a] in libtorch_cpu.so
=========         Host Frame: at::_ops::_to_copy::redispatch(c10::DispatchKeySet, at::Tensor const&, std::optional<c10::ScalarType>, std::optional<c10::Layout>, std::optional<c10::Device>, std::optional<bool>, bool, std::optional<c10::MemoryFormat>) [0x21c34d1] in libtorch_cpu.so
=========         Host Frame: torch::autograd::VariableType::(anonymous namespace)::_to_copy(c10::DispatchKeySet, at::Tensor const&, std::optional<c10::ScalarType>, std::optional<c10::Layout>, std::optional<c10::Device>, std::optional<bool>, bool, std::optional<c10::MemoryFormat>) [0x49975db] in libtorch_cpu.so
=========         Host Frame: c10::impl::wrap_kernel_functor_unboxed_<c10::impl::detail::WrapFunctionIntoFunctor_<c10::CompileTimeFunctionPointer<at::Tensor (c10::DispatchKeySet, at::Tensor const&, std::optional<c10::ScalarType>, std::optional<c10::Layout>, std::optional<c10::Device>, std::optional<bool>, bool, std::optional<c10::MemoryFormat>), &torch::autograd::VariableType::(anonymous namespace)::_to_copy>, at::Tensor, c10::guts::typelist::typelist<c10::DispatchKeySet, at::Tensor const&, std::optional<c10::ScalarType>, std::optional<c10::Layout>, std::optional<c10::Device>, std::optional<bool>, bool, std::optional<c10::MemoryFormat> > >, at::Tensor (c10::DispatchKeySet, at::Tensor const&, std::optional<c10::ScalarType>, std::optional<c10::Layout>, std::optional<c10::Device>, std::optional<bool>, bool, std::optional<c10::MemoryFormat>)>::call(c10::OperatorKernel*, c10::DispatchKeySet, at::Tensor const&, std::optional<c10::ScalarType>, std::optional<c10::Layout>, std::optional<c10::Device>, std::optional<bool>, bool, std::optional<c10::MemoryFormat>) [0x4997a3e] in libtorch_cpu.so
=========         Host Frame: at::_ops::_to_copy::call(at::Tensor const&, std::optional<c10::ScalarType>, std::optional<c10::Layout>, std::optional<c10::Device>, std::optional<bool>, bool, std::optional<c10::MemoryFormat>) [0x2264f7c] in libtorch_cpu.so
=========         Host Frame: at::native::to(at::Tensor const&, std::optional<c10::ScalarType>, std::optional<c10::Layout>, std::optional<c10::Device>, std::optional<bool>, bool, bool, std::optional<c10::MemoryFormat>) [0x1d104fd] in libtorch_cpu.so
=========         Host Frame: c10::impl::wrap_kernel_functor_unboxed_<c10::impl::detail::WrapFunctionIntoFunctor_<c10::CompileTimeFunctionPointer<at::Tensor (at::Tensor const&, std::optional<c10::ScalarType>, std::optional<c10::Layout>, std::optional<c10::Device>, std::optional<bool>, bool, bool, std::optional<c10::MemoryFormat>), &at::(anonymous namespace)::(anonymous namespace)::wrapper_CompositeImplicitAutograd_dtype_layout_to>, at::Tensor, c10::guts::typelist::typelist<at::Tensor const&, std::optional<c10::ScalarType>, std::optional<c10::Layout>, std::optional<c10::Device>, std::optional<bool>, bool, bool, std::optional<c10::MemoryFormat> > >, at::Tensor (at::Tensor const&, std::optional<c10::ScalarType>, std::optional<c10::Layout>, std::optional<c10::Device>, std::optional<bool>, bool, bool, std::optional<c10::MemoryFormat>)>::call(c10::OperatorKernel*, c10::DispatchKeySet, at::Tensor const&, std::optional<c10::ScalarType>, std::optional<c10::Layout>, std::optional<c10::Device>, std::optional<bool>, bool, bool, std::optional<c10::MemoryFormat>) [0x2be4c41] in libtorch_cpu.so
=========         Host Frame: at::_ops::to_dtype_layout::call(at::Tensor const&, std::optional<c10::ScalarType>, std::optional<c10::Layout>, std::optional<c10::Device>, std::optional<bool>, bool, bool, std::optional<c10::MemoryFormat>) [0x23fbe16] in libtorch_cpu.so
=========         Host Frame: at::Tensor::to(c10::TensorOptions, bool, bool, std::optional<c10::MemoryFormat>) const [0x4354c8] in libtorch_python.so
=========         Host Frame: torch::autograd::dispatch_to(at::Tensor const&, c10::Device, bool, bool, std::optional<c10::MemoryFormat>) [0x3d7920] in libtorch_python.so
=========         Host Frame: torch::autograd::THPVariable_cpu(_object*, _object*, _object*) [0x3d7b1d] in libtorch_python.so
=========         Host Frame:  [0x151347] in python
=========         Host Frame: PyObject_Vectorcall [0x149934] in python
=========         Host Frame: _PyEval_EvalFrameDefault [0x1d6f08] in python
=========         Host Frame: PyEval_EvalCode [0x1d544a] in python
=========         Host Frame:  [0x2085a1] in python
=========         Host Frame:  [0x2b5032] in python
=========         Host Frame: _PyRun_SimpleFileObject [0x2b4d99] in python
=========         Host Frame: _PyRun_AnyFileObject [0x2b4bce] in python
=========         Host Frame: Py_RunMain [0x2bcc34] in python
=========         Host Frame: Py_BytesMain [0x2bc71c] in python
=========         Host Frame:  [0x2a1c9] in libc.so.6
=========         Host Frame: __libc_start_main [0x2a28a] in libc.so.6
=========         Host Frame: _start [0x257bc4] in python
=========         Host Frame: validate in compare_baselines.py:117
=========         Host Frame: main in study.py:94
========= 
========= Host API memory access error at host access to 0xb11c8c000 of size 264192 bytes
=========     Uninitialized access at 0xb11c8c2a0 on access by cudaMemcpy source
=========     Saved host backtrace up to driver entry point at error
=========         Host Frame:  [0x481c0] in libcudart.so.12
=========         Host Frame:  [0x17057] in libcudart.so.12
=========         Host Frame: cudaMemcpyAsync [0x768a0] in libcudart.so.12
=========         Host Frame: at::native::copy_kernel_cuda(at::TensorIterator&, bool) [0x16a984b] in libtorch_cuda.so
=========         Host Frame: at::native::copy_impl(at::Tensor&, at::Tensor const&, bool) [clone .isra.0] [0x1a2f8a2] in libtorch_cpu.so
=========         Host Frame: at::native::copy_(at::Tensor&, at::Tensor const&, bool) [0x1a31186] in libtorch_cpu.so
=========         Host Frame: at::_ops::copy_::call(at::Tensor&, at::Tensor const&, bool) [0x26e73d6] in libtorch_cpu.so
=========         Host Frame: at::native::_to_copy(at::Tensor const&, std::optional<c10::ScalarType>, std::optional<c10::Layout>, std::optional<c10::Device>, std::optional<bool>, bool, std::optional<c10::MemoryFormat>) [0x1d12ab2] in libtorch_cpu.so
=========         Host Frame: c10::impl::wrap_kernel_functor_unboxed_<c10::impl::detail::WrapFunctionIntoFunctor_<c10::CompileTimeFunctionPointer<at::Tensor (at::Tensor const&, std::optional<c10::ScalarType>, std::optional<c10::Layout>, std::optional<c10::Device>, std::optional<bool>, bool, std::optional<c10::MemoryFormat>), &at::(anonymous namespace)::(anonymous namespace)::wrapper_CompositeExplicitAutograd___to_copy>, at::Tensor, c10::guts::typelist::typelist<at::Tensor const&, std::optional<c10::ScalarType>, std::optional<c10::Layout>, std::optional<c10::Device>, std::optional<bool>, bool, std::optional<c10::MemoryFormat> > >, at::Tensor (at::Tensor const&, std::optional<c10::ScalarType>, std::optional<c10::Layout>, std::optional<c10::Device>, std::optional<bool>, bool, std::optional<c10::MemoryFormat>)>::call(c10::OperatorKernel*, c10::DispatchKeySet, at::Tensor const&, std::optional<c10::ScalarType>, std::optional<c10::Layout>, std::optional<c10::Device>, std::optional<bool>, bool, std::optional<c10::MemoryFormat>) [0x2aed68b] in libtorch_cpu.so
=========         Host Frame: at::_ops::_to_copy::redispatch(c10::DispatchKeySet, at::Tensor const&, std::optional<c10::ScalarType>, std::optional<c10::Layout>, std::optional<c10::Device>, std::optional<bool>, bool, std::optional<c10::MemoryFormat>) [0x21c34d1] in libtorch_cpu.so
=========         Host Frame: c10::impl::wrap_kernel_functor_unboxed_<c10::impl::detail::WrapFunctionIntoFunctor_<c10::CompileTimeFunctionPointer<at::Tensor (at::Tensor const&, std::optional<c10::ScalarType>, std::optional<c10::Layout>, std::optional<c10::Device>, std::optional<bool>, bool, std::optional<c10::MemoryFormat>), &at::(anonymous namespace)::_to_copy>, at::Tensor, c10::guts::typelist::typelist<at::Tensor const&, std::optional<c10::ScalarType>, std::optional<c10::Layout>, std::optional<c10::Device>, std::optional<bool>, bool, std::optional<c10::MemoryFormat> > >, at::Tensor (at::Tensor const&, std::optional<c10::ScalarType>, std::optional<c10::Layout>, std::optional<c10::Device>, std::optional<bool>, bool, std::optional<c10::MemoryFormat>)>::call(c10::OperatorKernel*, c10::DispatchKeySet, at::Tensor const&, std::optional<c10::ScalarType>, std::optional<c10::Layout>, std::optional<c10::Device>, std::optional<bool>, bool, std::optional<c10::MemoryFormat>) [0x28ba68a] in libtorch_cpu.so
=========         Host Frame: at::_ops::_to_copy::redispatch(c10::DispatchKeySet, at::Tensor const&, std::optional<c10::ScalarType>, std::optional<c10::Layout>, std::optional<c10::Device>, std::optional<bool>, bool, std::optional<c10::MemoryFormat>) [0x21c34d1] in libtorch_cpu.so
=========         Host Frame: torch::autograd::VariableType::(anonymous namespace)::_to_copy(c10::DispatchKeySet, at::Tensor const&, std::optional<c10::ScalarType>, std::optional<c10::Layout>, std::optional<c10::Device>, std::optional<bool>, bool, std::optional<c10::MemoryFormat>) [0x49975db] in libtorch_cpu.so
=========         Host Frame: c10::impl::wrap_kernel_functor_unboxed_<c10::impl::detail::WrapFunctionIntoFunctor_<c10::CompileTimeFunctionPointer<at::Tensor (c10::DispatchKeySet, at::Tensor const&, std::optional<c10::ScalarType>, std::optional<c10::Layout>, std::optional<c10::Device>, std::optional<bool>, bool, std::optional<c10::MemoryFormat>), &torch::autograd::VariableType::(anonymous namespace)::_to_copy>, at::Tensor, c10::guts::typelist::typelist<c10::DispatchKeySet, at::Tensor const&, std::optional<c10::ScalarType>, std::optional<c10::Layout>, std::optional<c10::Device>, std::optional<bool>, bool, std::optional<c10::MemoryFormat> > >, at::Tensor (c10::DispatchKeySet, at::Tensor const&, std::optional<c10::ScalarType>, std::optional<c10::Layout>, std::optional<c10::Device>, std::optional<bool>, bool, std::optional<c10::MemoryFormat>)>::call(c10::OperatorKernel*, c10::DispatchKeySet, at::Tensor const&, std::optional<c10::ScalarType>, std::optional<c10::Layout>, std::optional<c10::Device>, std::optional<bool>, bool, std::optional<c10::MemoryFormat>) [0x4997a3e] in libtorch_cpu.so
=========         Host Frame: at::_ops::_to_copy::call(at::Tensor const&, std::optional<c10::ScalarType>, std::optional<c10::Layout>, std::optional<c10::Device>, std::optional<bool>, bool, std::optional<c10::MemoryFormat>) [0x2264f7c] in libtorch_cpu.so
=========         Host Frame: at::native::to(at::Tensor const&, std::optional<c10::ScalarType>, std::optional<c10::Layout>, std::optional<c10::Device>, std::optional<bool>, bool, bool, std::optional<c10::MemoryFormat>) [0x1d104fd] in libtorch_cpu.so
=========         Host Frame: c10::impl::wrap_kernel_functor_unboxed_<c10::impl::detail::WrapFunctionIntoFunctor_<c10::CompileTimeFunctionPointer<at::Tensor (at::Tensor const&, std::optional<c10::ScalarType>, std::optional<c10::Layout>, std::optional<c10::Device>, std::optional<bool>, bool, bool, std::optional<c10::MemoryFormat>), &at::(anonymous namespace)::(anonymous namespace)::wrapper_CompositeImplicitAutograd_dtype_layout_to>, at::Tensor, c10::guts::typelist::typelist<at::Tensor const&, std::optional<c10::ScalarType>, std::optional<c10::Layout>, std::optional<c10::Device>, std::optional<bool>, bool, bool, std::optional<c10::MemoryFormat> > >, at::Tensor (at::Tensor const&, std::optional<c10::ScalarType>, std::optional<c10::Layout>, std::optional<c10::Device>, std::optional<bool>, bool, bool, std::optional<c10::MemoryFormat>)>::call(c10::OperatorKernel*, c10::DispatchKeySet, at::Tensor const&, std::optional<c10::ScalarType>, std::optional<c10::Layout>, std::optional<c10::Device>, std::optional<bool>, bool, bool, std::optional<c10::MemoryFormat>) [0x2be4c41] in libtorch_cpu.so
=========         Host Frame: at::_ops::to_dtype_layout::call(at::Tensor const&, std::optional<c10::ScalarType>, std::optional<c10::Layout>, std::optional<c10::Device>, std::optional<bool>, bool, bool, std::optional<c10::MemoryFormat>) [0x23fbe16] in libtorch_cpu.so
=========         Host Frame: at::Tensor::to(c10::TensorOptions, bool, bool, std::optional<c10::MemoryFormat>) const [0x4354c8] in libtorch_python.so
=========         Host Frame: torch::autograd::dispatch_to(at::Tensor const&, c10::Device, bool, bool, std::optional<c10::MemoryFormat>) [0x3d7920] in libtorch_python.so
=========         Host Frame: torch::autograd::THPVariable_cpu(_object*, _object*, _object*) [0x3d7b1d] in libtorch_python.so
=========         Host Frame:  [0x151347] in python
=========         Host Frame: PyObject_Vectorcall [0x149934] in python
=========         Host Frame: _PyEval_EvalFrameDefault [0x1d6f08] in python
=========         Host Frame: PyEval_EvalCode [0x1d544a] in python
=========         Host Frame:  [0x2085a1] in python
=========         Host Frame:  [0x2b5032] in python
=========         Host Frame: _PyRun_SimpleFileObject [0x2b4d99] in python
=========         Host Frame: _PyRun_AnyFileObject [0x2b4bce] in python
=========         Host Frame: Py_RunMain [0x2bcc34] in python
=========         Host Frame: Py_BytesMain [0x2bc71c] in python
=========         Host Frame:  [0x2a1c9] in libc.so.6
=========         Host Frame: __libc_start_main [0x2a28a] in libc.so.6
=========         Host Frame: _start [0x257bc4] in python
=========         Host Frame: validate in compare_baselines.py:117
=========         Host Frame: main in study.py:94
========= 
========= Host API memory access error at host access to 0xb11c8c000 of size 264192 bytes
=========     Uninitialized access at 0xb11c8c2c0 on access by cudaMemcpy source
=========     Saved host backtrace up to driver entry point at error
=========         Host Frame:  [0x481c0] in libcudart.so.12
=========         Host Frame:  [0x17057] in libcudart.so.12
=========         Host Frame: cudaMemcpyAsync [0x768a0] in libcudart.so.12
=========         Host Frame: at::native::copy_kernel_cuda(at::TensorIterator&, bool) [0x16a984b] in libtorch_cuda.so
=========         Host Frame: at::native::copy_impl(at::Tensor&, at::Tensor const&, bool) [clone .isra.0] [0x1a2f8a2] in libtorch_cpu.so
=========         Host Frame: at::native::copy_(at::Tensor&, at::Tensor const&, bool) [0x1a31186] in libtorch_cpu.so
=========         Host Frame: at::_ops::copy_::call(at::Tensor&, at::Tensor const&, bool) [0x26e73d6] in libtorch_cpu.so
=========         Host Frame: at::native::_to_copy(at::Tensor const&, std::optional<c10::ScalarType>, std::optional<c10::Layout>, std::optional<c10::Device>, std::optional<bool>, bool, std::optional<c10::MemoryFormat>) [0x1d12ab2] in libtorch_cpu.so
=========         Host Frame: c10::impl::wrap_kernel_functor_unboxed_<c10::impl::detail::WrapFunctionIntoFunctor_<c10::CompileTimeFunctionPointer<at::Tensor (at::Tensor const&, std::optional<c10::ScalarType>, std::optional<c10::Layout>, std::optional<c10::Device>, std::optional<bool>, bool, std::optional<c10::MemoryFormat>), &at::(anonymous namespace)::(anonymous namespace)::wrapper_CompositeExplicitAutograd___to_copy>, at::Tensor, c10::guts::typelist::typelist<at::Tensor const&, std::optional<c10::ScalarType>, std::optional<c10::Layout>, std::optional<c10::Device>, std::optional<bool>, bool, std::optional<c10::MemoryFormat> > >, at::Tensor (at::Tensor const&, std::optional<c10::ScalarType>, std::optional<c10::Layout>, std::optional<c10::Device>, std::optional<bool>, bool, std::optional<c10::MemoryFormat>)>::call(c10::OperatorKernel*, c10::DispatchKeySet, at::Tensor const&, std::optional<c10::ScalarType>, std::optional<c10::Layout>, std::optional<c10::Device>, std::optional<bool>, bool, std::optional<c10::MemoryFormat>) [0x2aed68b] in libtorch_cpu.so
=========         Host Frame: at::_ops::_to_copy::redispatch(c10::DispatchKeySet, at::Tensor const&, std::optional<c10::ScalarType>, std::optional<c10::Layout>, std::optional<c10::Device>, std::optional<bool>, bool, std::optional<c10::MemoryFormat>) [0x21c34d1] in libtorch_cpu.so
=========         Host Frame: c10::impl::wrap_kernel_functor_unboxed_<c10::impl::detail::WrapFunctionIntoFunctor_<c10::CompileTimeFunctionPointer<at::Tensor (at::Tensor const&, std::optional<c10::ScalarType>, std::optional<c10::Layout>, std::optional<c10::Device>, std::optional<bool>, bool, std::optional<c10::MemoryFormat>), &at::(anonymous namespace)::_to_copy>, at::Tensor, c10::guts::typelist::typelist<at::Tensor const&, std::optional<c10::ScalarType>, std::optional<c10::Layout>, std::optional<c10::Device>, std::optional<bool>, bool, std::optional<c10::MemoryFormat> > >, at::Tensor (at::Tensor const&, std::optional<c10::ScalarType>, std::optional<c10::Layout>, std::optional<c10::Device>, std::optional<bool>, bool, std::optional<c10::MemoryFormat>)>::call(c10::OperatorKernel*, c10::DispatchKeySet, at::Tensor const&, std::optional<c10::ScalarType>, std::optional<c10::Layout>, std::optional<c10::Device>, std::optional<bool>, bool, std::optional<c10::MemoryFormat>) [0x28ba68a] in libtorch_cpu.so
=========         Host Frame: at::_ops::_to_copy::redispatch(c10::DispatchKeySet, at::Tensor const&, std::optional<c10::ScalarType>, std::optional<c10::Layout>, std::optional<c10::Device>, std::optional<bool>, bool, std::optional<c10::MemoryFormat>) [0x21c34d1] in libtorch_cpu.so
=========         Host Frame: torch::autograd::VariableType::(anonymous namespace)::_to_copy(c10::DispatchKeySet, at::Tensor const&, std::optional<c10::ScalarType>, std::optional<c10::Layout>, std::optional<c10::Device>, std::optional<bool>, bool, std::optional<c10::MemoryFormat>) [0x49975db] in libtorch_cpu.so
=========         Host Frame: c10::impl::wrap_kernel_functor_unboxed_<c10::impl::detail::WrapFunctionIntoFunctor_<c10::CompileTimeFunctionPointer<at::Tensor (c10::DispatchKeySet, at::Tensor const&, std::optional<c10::ScalarType>, std::optional<c10::Layout>, std::optional<c10::Device>, std::optional<bool>, bool, std::optional<c10::MemoryFormat>), &torch::autograd::VariableType::(anonymous namespace)::_to_copy>, at::Tensor, c10::guts::typelist::typelist<c10::DispatchKeySet, at::Tensor const&, std::optional<c10::ScalarType>, std::optional<c10::Layout>, std::optional<c10::Device>, std::optional<bool>, bool, std::optional<c10::MemoryFormat> > >, at::Tensor (c10::DispatchKeySet, at::Tensor const&, std::optional<c10::ScalarType>, std::optional<c10::Layout>, std::optional<c10::Device>, std::optional<bool>, bool, std::optional<c10::MemoryFormat>)>::call(c10::OperatorKernel*, c10::DispatchKeySet, at::Tensor const&, std::optional<c10::ScalarType>, std::optional<c10::Layout>, std::optional<c10::Device>, std::optional<bool>, bool, std::optional<c10::MemoryFormat>) [0x4997a3e] in libtorch_cpu.so
=========         Host Frame: at::_ops::_to_copy::call(at::Tensor const&, std::optional<c10::ScalarType>, std::optional<c10::Layout>, std::optional<c10::Device>, std::optional<bool>, bool, std::optional<c10::MemoryFormat>) [0x2264f7c] in libtorch_cpu.so
=========         Host Frame: at::native::to(at::Tensor const&, std::optional<c10::ScalarType>, std::optional<c10::Layout>, std::optional<c10::Device>, std::optional<bool>, bool, bool, std::optional<c10::MemoryFormat>) [0x1d104fd] in libtorch_cpu.so
=========         Host Frame: c10::impl::wrap_kernel_functor_unboxed_<c10::impl::detail::WrapFunctionIntoFunctor_<c10::CompileTimeFunctionPointer<at::Tensor (at::Tensor const&, std::optional<c10::ScalarType>, std::optional<c10::Layout>, std::optional<c10::Device>, std::optional<bool>, bool, bool, std::optional<c10::MemoryFormat>), &at::(anonymous namespace)::(anonymous namespace)::wrapper_CompositeImplicitAutograd_dtype_layout_to>, at::Tensor, c10::guts::typelist::typelist<at::Tensor const&, std::optional<c10::ScalarType>, std::optional<c10::Layout>, std::optional<c10::Device>, std::optional<bool>, bool, bool, std::optional<c10::MemoryFormat> > >, at::Tensor (at::Tensor const&, std::optional<c10::ScalarType>, std::optional<c10::Layout>, std::optional<c10::Device>, std::optional<bool>, bool, bool, std::optional<c10::MemoryFormat>)>::call(c10::OperatorKernel*, c10::DispatchKeySet, at::Tensor const&, std::optional<c10::ScalarType>, std::optional<c10::Layout>, std::optional<c10::Device>, std::optional<bool>, bool, bool, std::optional<c10::MemoryFormat>) [0x2be4c41] in libtorch_cpu.so
=========         Host Frame: at::_ops::to_dtype_layout::call(at::Tensor const&, std::optional<c10::ScalarType>, std::optional<c10::Layout>, std::optional<c10::Device>, std::optional<bool>, bool, bool, std::optional<c10::MemoryFormat>) [0x23fbe16] in libtorch_cpu.so
=========         Host Frame: at::Tensor::to(c10::TensorOptions, bool, bool, std::optional<c10::MemoryFormat>) const [0x4354c8] in libtorch_python.so
=========         Host Frame: torch::autograd::dispatch_to(at::Tensor const&, c10::Device, bool, bool, std::optional<c10::MemoryFormat>) [0x3d7920] in libtorch_python.so
=========         Host Frame: torch::autograd::THPVariable_cpu(_object*, _object*, _object*) [0x3d7b1d] in libtorch_python.so
=========         Host Frame:  [0x151347] in python
=========         Host Frame: PyObject_Vectorcall [0x149934] in python
=========         Host Frame: _PyEval_EvalFrameDefault [0x1d6f08] in python
=========         Host Frame: PyEval_EvalCode [0x1d544a] in python
=========         Host Frame:  [0x2085a1] in python
=========         Host Frame:  [0x2b5032] in python
=========         Host Frame: _PyRun_SimpleFileObject [0x2b4d99] in python
=========         Host Frame: _PyRun_AnyFileObject [0x2b4bce] in python
=========         Host Frame: Py_RunMain [0x2bcc34] in python
=========         Host Frame: Py_BytesMain [0x2bc71c] in python
=========         Host Frame:  [0x2a1c9] in libc.so.6
=========         Host Frame: __libc_start_main [0x2a28a] in libc.so.6
=========         Host Frame: _start [0x257bc4] in python
=========         Host Frame: validate in compare_baselines.py:117
=========         Host Frame: main in study.py:94
========= 
========= Host API memory access error at host access to 0xb11c8c000 of size 264192 bytes
=========     Uninitialized access at 0xb11c8c2e0 on access by cudaMemcpy source
=========     Saved host backtrace up to driver entry point at error
=========         Host Frame:  [0x481c0] in libcudart.so.12
=========         Host Frame:  [0x17057] in libcudart.so.12
=========         Host Frame: cudaMemcpyAsync [0x768a0] in libcudart.so.12
=========         Host Frame: at::native::copy_kernel_cuda(at::TensorIterator&, bool) [0x16a984b] in libtorch_cuda.so
=========         Host Frame: at::native::copy_impl(at::Tensor&, at::Tensor const&, bool) [clone .isra.0] [0x1a2f8a2] in libtorch_cpu.so
=========         Host Frame: at::native::copy_(at::Tensor&, at::Tensor const&, bool) [0x1a31186] in libtorch_cpu.so
=========         Host Frame: at::_ops::copy_::call(at::Tensor&, at::Tensor const&, bool) [0x26e73d6] in libtorch_cpu.so
=========         Host Frame: at::native::_to_copy(at::Tensor const&, std::optional<c10::ScalarType>, std::optional<c10::Layout>, std::optional<c10::Device>, std::optional<bool>, bool, std::optional<c10::MemoryFormat>) [0x1d12ab2] in libtorch_cpu.so
=========         Host Frame: c10::impl::wrap_kernel_functor_unboxed_<c10::impl::detail::WrapFunctionIntoFunctor_<c10::CompileTimeFunctionPointer<at::Tensor (at::Tensor const&, std::optional<c10::ScalarType>, std::optional<c10::Layout>, std::optional<c10::Device>, std::optional<bool>, bool, std::optional<c10::MemoryFormat>), &at::(anonymous namespace)::(anonymous namespace)::wrapper_CompositeExplicitAutograd___to_copy>, at::Tensor, c10::guts::typelist::typelist<at::Tensor const&, std::optional<c10::ScalarType>, std::optional<c10::Layout>, std::optional<c10::Device>, std::optional<bool>, bool, std::optional<c10::MemoryFormat> > >, at::Tensor (at::Tensor const&, std::optional<c10::ScalarType>, std::optional<c10::Layout>, std::optional<c10::Device>, std::optional<bool>, bool, std::optional<c10::MemoryFormat>)>::call(c10::OperatorKernel*, c10::DispatchKeySet, at::Tensor const&, std::optional<c10::ScalarType>, std::optional<c10::Layout>, std::optional<c10::Device>, std::optional<bool>, bool, std::optional<c10::MemoryFormat>) [0x2aed68b] in libtorch_cpu.so
=========         Host Frame: at::_ops::_to_copy::redispatch(c10::DispatchKeySet, at::Tensor const&, std::optional<c10::ScalarType>, std::optional<c10::Layout>, std::optional<c10::Device>, std::optional<bool>, bool, std::optional<c10::MemoryFormat>) [0x21c34d1] in libtorch_cpu.so
=========         Host Frame: c10::impl::wrap_kernel_functor_unboxed_<c10::impl::detail::WrapFunctionIntoFunctor_<c10::CompileTimeFunctionPointer<at::Tensor (at::Tensor const&, std::optional<c10::ScalarType>, std::optional<c10::Layout>, std::optional<c10::Device>, std::optional<bool>, bool, std::optional<c10::MemoryFormat>), &at::(anonymous namespace)::_to_copy>, at::Tensor, c10::guts::typelist::typelist<at::Tensor const&, std::optional<c10::ScalarType>, std::optional<c10::Layout>, std::optional<c10::Device>, std::optional<bool>, bool, std::optional<c10::MemoryFormat> > >, at::Tensor (at::Tensor const&, std::optional<c10::ScalarType>, std::optional<c10::Layout>, std::optional<c10::Device>, std::optional<bool>, bool, std::optional<c10::MemoryFormat>)>::call(c10::OperatorKernel*, c10::DispatchKeySet, at::Tensor const&, std::optional<c10::ScalarType>, std::optional<c10::Layout>, std::optional<c10::Device>, std::optional<bool>, bool, std::optional<c10::MemoryFormat>) [0x28ba68a] in libtorch_cpu.so
=========         Host Frame: at::_ops::_to_copy::redispatch(c10::DispatchKeySet, at::Tensor const&, std::optional<c10::ScalarType>, std::optional<c10::Layout>, std::optional<c10::Device>, std::optional<bool>, bool, std::optional<c10::MemoryFormat>) [0x21c34d1] in libtorch_cpu.so
=========         Host Frame: torch::autograd::VariableType::(anonymous namespace)::_to_copy(c10::DispatchKeySet, at::Tensor const&, std::optional<c10::ScalarType>, std::optional<c10::Layout>, std::optional<c10::Device>, std::optional<bool>, bool, std::optional<c10::MemoryFormat>) [0x49975db] in libtorch_cpu.so
=========         Host Frame: c10::impl::wrap_kernel_functor_unboxed_<c10::impl::detail::WrapFunctionIntoFunctor_<c10::CompileTimeFunctionPointer<at::Tensor (c10::DispatchKeySet, at::Tensor const&, std::optional<c10::ScalarType>, std::optional<c10::Layout>, std::optional<c10::Device>, std::optional<bool>, bool, std::optional<c10::MemoryFormat>), &torch::autograd::VariableType::(anonymous namespace)::_to_copy>, at::Tensor, c10::guts::typelist::typelist<c10::DispatchKeySet, at::Tensor const&, std::optional<c10::ScalarType>, std::optional<c10::Layout>, std::optional<c10::Device>, std::optional<bool>, bool, std::optional<c10::MemoryFormat> > >, at::Tensor (c10::DispatchKeySet, at::Tensor const&, std::optional<c10::ScalarType>, std::optional<c10::Layout>, std::optional<c10::Device>, std::optional<bool>, bool, std::optional<c10::MemoryFormat>)>::call(c10::OperatorKernel*, c10::DispatchKeySet, at::Tensor const&, std::optional<c10::ScalarType>, std::optional<c10::Layout>, std::optional<c10::Device>, std::optional<bool>, bool, std::optional<c10::MemoryFormat>) [0x4997a3e] in libtorch_cpu.so
=========         Host Frame: at::_ops::_to_copy::call(at::Tensor const&, std::optional<c10::ScalarType>, std::optional<c10::Layout>, std::optional<c10::Device>, std::optional<bool>, bool, std::optional<c10::MemoryFormat>) [0x2264f7c] in libtorch_cpu.so
=========         Host Frame: at::native::to(at::Tensor const&, std::optional<c10::ScalarType>, std::optional<c10::Layout>, std::optional<c10::Device>, std::optional<bool>, bool, bool, std::optional<c10::MemoryFormat>) [0x1d104fd] in libtorch_cpu.so
=========         Host Frame: c10::impl::wrap_kernel_functor_unboxed_<c10::impl::detail::WrapFunctionIntoFunctor_<c10::CompileTimeFunctionPointer<at::Tensor (at::Tensor const&, std::optional<c10::ScalarType>, std::optional<c10::Layout>, std::optional<c10::Device>, std::optional<bool>, bool, bool, std::optional<c10::MemoryFormat>), &at::(anonymous namespace)::(anonymous namespace)::wrapper_CompositeImplicitAutograd_dtype_layout_to>, at::Tensor, c10::guts::typelist::typelist<at::Tensor const&, std::optional<c10::ScalarType>, std::optional<c10::Layout>, std::optional<c10::Device>, std::optional<bool>, bool, bool, std::optional<c10::MemoryFormat> > >, at::Tensor (at::Tensor const&, std::optional<c10::ScalarType>, std::optional<c10::Layout>, std::optional<c10::Device>, std::optional<bool>, bool, bool, std::optional<c10::MemoryFormat>)>::call(c10::OperatorKernel*, c10::DispatchKeySet, at::Tensor const&, std::optional<c10::ScalarType>, std::optional<c10::Layout>, std::optional<c10::Device>, std::optional<bool>, bool, bool, std::optional<c10::MemoryFormat>) [0x2be4c41] in libtorch_cpu.so
=========         Host Frame: at::_ops::to_dtype_layout::call(at::Tensor const&, std::optional<c10::ScalarType>, std::optional<c10::Layout>, std::optional<c10::Device>, std::optional<bool>, bool, bool, std::optional<c10::MemoryFormat>) [0x23fbe16] in libtorch_cpu.so
=========         Host Frame: at::Tensor::to(c10::TensorOptions, bool, bool, std::optional<c10::MemoryFormat>) const [0x4354c8] in libtorch_python.so
=========         Host Frame: torch::autograd::dispatch_to(at::Tensor const&, c10::Device, bool, bool, std::optional<c10::MemoryFormat>) [0x3d7920] in libtorch_python.so
=========         Host Frame: torch::autograd::THPVariable_cpu(_object*, _object*, _object*) [0x3d7b1d] in libtorch_python.so
=========         Host Frame:  [0x151347] in python
=========         Host Frame: PyObject_Vectorcall [0x149934] in python
=========         Host Frame: _PyEval_EvalFrameDefault [0x1d6f08] in python
=========         Host Frame: PyEval_EvalCode [0x1d544a] in python
=========         Host Frame:  [0x2085a1] in python
=========         Host Frame:  [0x2b5032] in python
=========         Host Frame: _PyRun_SimpleFileObject [0x2b4d99] in python
=========         Host Frame: _PyRun_AnyFileObject [0x2b4bce] in python
=========         Host Frame: Py_RunMain [0x2bcc34] in python
=========         Host Frame: Py_BytesMain [0x2bc71c] in python
=========         Host Frame:  [0x2a1c9] in libc.so.6
=========         Host Frame: __libc_start_main [0x2a28a] in libc.so.6
=========         Host Frame: _start [0x257bc4] in python
=========         Host Frame: validate in compare_baselines.py:117
=========         Host Frame: main in study.py:94
========= 
========= Host API memory access error at host access to 0xb11c8c000 of size 264192 bytes
=========     Uninitialized access at 0xb11c8c300 on access by cudaMemcpy source
=========     Saved host backtrace up to driver entry point at error
=========         Host Frame:  [0x481c0] in libcudart.so.12
=========         Host Frame:  [0x17057] in libcudart.so.12
=========         Host Frame: cudaMemcpyAsync [0x768a0] in libcudart.so.12
=========         Host Frame: at::native::copy_kernel_cuda(at::TensorIterator&, bool) [0x16a984b] in libtorch_cuda.so
=========         Host Frame: at::native::copy_impl(at::Tensor&, at::Tensor const&, bool) [clone .isra.0] [0x1a2f8a2] in libtorch_cpu.so
=========         Host Frame: at::native::copy_(at::Tensor&, at::Tensor const&, bool) [0x1a31186] in libtorch_cpu.so
=========         Host Frame: at::_ops::copy_::call(at::Tensor&, at::Tensor const&, bool) [0x26e73d6] in libtorch_cpu.so
=========         Host Frame: at::native::_to_copy(at::Tensor const&, std::optional<c10::ScalarType>, std::optional<c10::Layout>, std::optional<c10::Device>, std::optional<bool>, bool, std::optional<c10::MemoryFormat>) [0x1d12ab2] in libtorch_cpu.so
=========         Host Frame: c10::impl::wrap_kernel_functor_unboxed_<c10::impl::detail::WrapFunctionIntoFunctor_<c10::CompileTimeFunctionPointer<at::Tensor (at::Tensor const&, std::optional<c10::ScalarType>, std::optional<c10::Layout>, std::optional<c10::Device>, std::optional<bool>, bool, std::optional<c10::MemoryFormat>), &at::(anonymous namespace)::(anonymous namespace)::wrapper_CompositeExplicitAutograd___to_copy>, at::Tensor, c10::guts::typelist::typelist<at::Tensor const&, std::optional<c10::ScalarType>, std::optional<c10::Layout>, std::optional<c10::Device>, std::optional<bool>, bool, std::optional<c10::MemoryFormat> > >, at::Tensor (at::Tensor const&, std::optional<c10::ScalarType>, std::optional<c10::Layout>, std::optional<c10::Device>, std::optional<bool>, bool, std::optional<c10::MemoryFormat>)>::call(c10::OperatorKernel*, c10::DispatchKeySet, at::Tensor const&, std::optional<c10::ScalarType>, std::optional<c10::Layout>, std::optional<c10::Device>, std::optional<bool>, bool, std::optional<c10::MemoryFormat>) [0x2aed68b] in libtorch_cpu.so
=========         Host Frame: at::_ops::_to_copy::redispatch(c10::DispatchKeySet, at::Tensor const&, std::optional<c10::ScalarType>, std::optional<c10::Layout>, std::optional<c10::Device>, std::optional<bool>, bool, std::optional<c10::MemoryFormat>) [0x21c34d1] in libtorch_cpu.so
=========         Host Frame: c10::impl::wrap_kernel_functor_unboxed_<c10::impl::detail::WrapFunctionIntoFunctor_<c10::CompileTimeFunctionPointer<at::Tensor (at::Tensor const&, std::optional<c10::ScalarType>, std::optional<c10::Layout>, std::optional<c10::Device>, std::optional<bool>, bool, std::optional<c10::MemoryFormat>), &at::(anonymous namespace)::_to_copy>, at::Tensor, c10::guts::typelist::typelist<at::Tensor const&, std::optional<c10::ScalarType>, std::optional<c10::Layout>, std::optional<c10::Device>, std::optional<bool>, bool, std::optional<c10::MemoryFormat> > >, at::Tensor (at::Tensor const&, std::optional<c10::ScalarType>, std::optional<c10::Layout>, std::optional<c10::Device>, std::optional<bool>, bool, std::optional<c10::MemoryFormat>)>::call(c10::OperatorKernel*, c10::DispatchKeySet, at::Tensor const&, std::optional<c10::ScalarType>, std::optional<c10::Layout>, std::optional<c10::Device>, std::optional<bool>, bool, std::optional<c10::MemoryFormat>) [0x28ba68a] in libtorch_cpu.so
=========         Host Frame: at::_ops::_to_copy::redispatch(c10::DispatchKeySet, at::Tensor const&, std::optional<c10::ScalarType>, std::optional<c10::Layout>, std::optional<c10::Device>, std::optional<bool>, bool, std::optional<c10::MemoryFormat>) [0x21c34d1] in libtorch_cpu.so
=========         Host Frame: torch::autograd::VariableType::(anonymous namespace)::_to_copy(c10::DispatchKeySet, at::Tensor const&, std::optional<c10::ScalarType>, std::optional<c10::Layout>, std::optional<c10::Device>, std::optional<bool>, bool, std::optional<c10::MemoryFormat>) [0x49975db] in libtorch_cpu.so
=========         Host Frame: c10::impl::wrap_kernel_functor_unboxed_<c10::impl::detail::WrapFunctionIntoFunctor_<c10::CompileTimeFunctionPointer<at::Tensor (c10::DispatchKeySet, at::Tensor const&, std::optional<c10::ScalarType>, std::optional<c10::Layout>, std::optional<c10::Device>, std::optional<bool>, bool, std::optional<c10::MemoryFormat>), &torch::autograd::VariableType::(anonymous namespace)::_to_copy>, at::Tensor, c10::guts::typelist::typelist<c10::DispatchKeySet, at::Tensor const&, std::optional<c10::ScalarType>, std::optional<c10::Layout>, std::optional<c10::Device>, std::optional<bool>, bool, std::optional<c10::MemoryFormat> > >, at::Tensor (c10::DispatchKeySet, at::Tensor const&, std::optional<c10::ScalarType>, std::optional<c10::Layout>, std::optional<c10::Device>, std::optional<bool>, bool, std::optional<c10::MemoryFormat>)>::call(c10::OperatorKernel*, c10::DispatchKeySet, at::Tensor const&, std::optional<c10::ScalarType>, std::optional<c10::Layout>, std::optional<c10::Device>, std::optional<bool>, bool, std::optional<c10::MemoryFormat>) [0x4997a3e] in libtorch_cpu.so
=========         Host Frame: at::_ops::_to_copy::call(at::Tensor const&, std::optional<c10::ScalarType>, std::optional<c10::Layout>, std::optional<c10::Device>, std::optional<bool>, bool, std::optional<c10::MemoryFormat>) [0x2264f7c] in libtorch_cpu.so
=========         Host Frame: at::native::to(at::Tensor const&, std::optional<c10::ScalarType>, std::optional<c10::Layout>, std::optional<c10::Device>, std::optional<bool>, bool, bool, std::optional<c10::MemoryFormat>) [0x1d104fd] in libtorch_cpu.so
=========         Host Frame: c10::impl::wrap_kernel_functor_unboxed_<c10::impl::detail::WrapFunctionIntoFunctor_<c10::CompileTimeFunctionPointer<at::Tensor (at::Tensor const&, std::optional<c10::ScalarType>, std::optional<c10::Layout>, std::optional<c10::Device>, std::optional<bool>, bool, bool, std::optional<c10::MemoryFormat>), &at::(anonymous namespace)::(anonymous namespace)::wrapper_CompositeImplicitAutograd_dtype_layout_to>, at::Tensor, c10::guts::typelist::typelist<at::Tensor const&, std::optional<c10::ScalarType>, std::optional<c10::Layout>, std::optional<c10::Device>, std::optional<bool>, bool, bool, std::optional<c10::MemoryFormat> > >, at::Tensor (at::Tensor const&, std::optional<c10::ScalarType>, std::optional<c10::Layout>, std::optional<c10::Device>, std::optional<bool>, bool, bool, std::optional<c10::MemoryFormat>)>::call(c10::OperatorKernel*, c10::DispatchKeySet, at::Tensor const&, std::optional<c10::ScalarType>, std::optional<c10::Layout>, std::optional<c10::Device>, std::optional<bool>, bool, bool, std::optional<c10::MemoryFormat>) [0x2be4c41] in libtorch_cpu.so
=========         Host Frame: at::_ops::to_dtype_layout::call(at::Tensor const&, std::optional<c10::ScalarType>, std::optional<c10::Layout>, std::optional<c10::Device>, std::optional<bool>, bool, bool, std::optional<c10::MemoryFormat>) [0x23fbe16] in libtorch_cpu.so
=========         Host Frame: at::Tensor::to(c10::TensorOptions, bool, bool, std::optional<c10::MemoryFormat>) const [0x4354c8] in libtorch_python.so
=========         Host Frame: torch::autograd::dispatch_to(at::Tensor const&, c10::Device, bool, bool, std::optional<c10::MemoryFormat>) [0x3d7920] in libtorch_python.so
=========         Host Frame: torch::autograd::THPVariable_cpu(_object*, _object*, _object*) [0x3d7b1d] in libtorch_python.so
=========         Host Frame:  [0x151347] in python
=========         Host Frame: PyObject_Vectorcall [0x149934] in python
=========         Host Frame: _PyEval_EvalFrameDefault [0x1d6f08] in python
=========         Host Frame: PyEval_EvalCode [0x1d544a] in python
=========         Host Frame:  [0x2085a1] in python
=========         Host Frame:  [0x2b5032] in python
=========         Host Frame: _PyRun_SimpleFileObject [0x2b4d99] in python
=========         Host Frame: _PyRun_AnyFileObject [0x2b4bce] in python
=========         Host Frame: Py_RunMain [0x2bcc34] in python
=========         Host Frame: Py_BytesMain [0x2bc71c] in python
=========         Host Frame:  [0x2a1c9] in libc.so.6
=========         Host Frame: __libc_start_main [0x2a28a] in libc.so.6
=========         Host Frame: _start [0x257bc4] in python
=========         Host Frame: validate in compare_baselines.py:117
=========         Host Frame: main in study.py:94
========= 
========= Host API memory access error at host access to 0xb11c8c000 of size 264192 bytes
=========     Uninitialized access at 0xb11c8c320 on access by cudaMemcpy source
=========     Saved host backtrace up to driver entry point at error
=========         Host Frame:  [0x481c0] in libcudart.so.12
=========         Host Frame:  [0x17057] in libcudart.so.12
=========         Host Frame: cudaMemcpyAsync [0x768a0] in libcudart.so.12
=========         Host Frame: at::native::copy_kernel_cuda(at::TensorIterator&, bool) [0x16a984b] in libtorch_cuda.so
=========         Host Frame: at::native::copy_impl(at::Tensor&, at::Tensor const&, bool) [clone .isra.0] [0x1a2f8a2] in libtorch_cpu.so
=========         Host Frame: at::native::copy_(at::Tensor&, at::Tensor const&, bool) [0x1a31186] in libtorch_cpu.so
=========         Host Frame: at::_ops::copy_::call(at::Tensor&, at::Tensor const&, bool) [0x26e73d6] in libtorch_cpu.so
=========         Host Frame: at::native::_to_copy(at::Tensor const&, std::optional<c10::ScalarType>, std::optional<c10::Layout>, std::optional<c10::Device>, std::optional<bool>, bool, std::optional<c10::MemoryFormat>) [0x1d12ab2] in libtorch_cpu.so
=========         Host Frame: c10::impl::wrap_kernel_functor_unboxed_<c10::impl::detail::WrapFunctionIntoFunctor_<c10::CompileTimeFunctionPointer<at::Tensor (at::Tensor const&, std::optional<c10::ScalarType>, std::optional<c10::Layout>, std::optional<c10::Device>, std::optional<bool>, bool, std::optional<c10::MemoryFormat>), &at::(anonymous namespace)::(anonymous namespace)::wrapper_CompositeExplicitAutograd___to_copy>, at::Tensor, c10::guts::typelist::typelist<at::Tensor const&, std::optional<c10::ScalarType>, std::optional<c10::Layout>, std::optional<c10::Device>, std::optional<bool>, bool, std::optional<c10::MemoryFormat> > >, at::Tensor (at::Tensor const&, std::optional<c10::ScalarType>, std::optional<c10::Layout>, std::optional<c10::Device>, std::optional<bool>, bool, std::optional<c10::MemoryFormat>)>::call(c10::OperatorKernel*, c10::DispatchKeySet, at::Tensor const&, std::optional<c10::ScalarType>, std::optional<c10::Layout>, std::optional<c10::Device>, std::optional<bool>, bool, std::optional<c10::MemoryFormat>) [0x2aed68b] in libtorch_cpu.so
=========         Host Frame: at::_ops::_to_copy::redispatch(c10::DispatchKeySet, at::Tensor const&, std::optional<c10::ScalarType>, std::optional<c10::Layout>, std::optional<c10::Device>, std::optional<bool>, bool, std::optional<c10::MemoryFormat>) [0x21c34d1] in libtorch_cpu.so
=========         Host Frame: c10::impl::wrap_kernel_functor_unboxed_<c10::impl::detail::WrapFunctionIntoFunctor_<c10::CompileTimeFunctionPointer<at::Tensor (at::Tensor const&, std::optional<c10::ScalarType>, std::optional<c10::Layout>, std::optional<c10::Device>, std::optional<bool>, bool, std::optional<c10::MemoryFormat>), &at::(anonymous namespace)::_to_copy>, at::Tensor, c10::guts::typelist::typelist<at::Tensor const&, std::optional<c10::ScalarType>, std::optional<c10::Layout>, std::optional<c10::Device>, std::optional<bool>, bool, std::optional<c10::MemoryFormat> > >, at::Tensor (at::Tensor const&, std::optional<c10::ScalarType>, std::optional<c10::Layout>, std::optional<c10::Device>, std::optional<bool>, bool, std::optional<c10::MemoryFormat>)>::call(c10::OperatorKernel*, c10::DispatchKeySet, at::Tensor const&, std::optional<c10::ScalarType>, std::optional<c10::Layout>, std::optional<c10::Device>, std::optional<bool>, bool, std::optional<c10::MemoryFormat>) [0x28ba68a] in libtorch_cpu.so
=========         Host Frame: at::_ops::_to_copy::redispatch(c10::DispatchKeySet, at::Tensor const&, std::optional<c10::ScalarType>, std::optional<c10::Layout>, std::optional<c10::Device>, std::optional<bool>, bool, std::optional<c10::MemoryFormat>) [0x21c34d1] in libtorch_cpu.so
=========         Host Frame: torch::autograd::VariableType::(anonymous namespace)::_to_copy(c10::DispatchKeySet, at::Tensor const&, std::optional<c10::ScalarType>, std::optional<c10::Layout>, std::optional<c10::Device>, std::optional<bool>, bool, std::optional<c10::MemoryFormat>) [0x49975db] in libtorch_cpu.so
=========         Host Frame: c10::impl::wrap_kernel_functor_unboxed_<c10::impl::detail::WrapFunctionIntoFunctor_<c10::CompileTimeFunctionPointer<at::Tensor (c10::DispatchKeySet, at::Tensor const&, std::optional<c10::ScalarType>, std::optional<c10::Layout>, std::optional<c10::Device>, std::optional<bool>, bool, std::optional<c10::MemoryFormat>), &torch::autograd::VariableType::(anonymous namespace)::_to_copy>, at::Tensor, c10::guts::typelist::typelist<c10::DispatchKeySet, at::Tensor const&, std::optional<c10::ScalarType>, std::optional<c10::Layout>, std::optional<c10::Device>, std::optional<bool>, bool, std::optional<c10::MemoryFormat> > >, at::Tensor (c10::DispatchKeySet, at::Tensor const&, std::optional<c10::ScalarType>, std::optional<c10::Layout>, std::optional<c10::Device>, std::optional<bool>, bool, std::optional<c10::MemoryFormat>)>::call(c10::OperatorKernel*, c10::DispatchKeySet, at::Tensor const&, std::optional<c10::ScalarType>, std::optional<c10::Layout>, std::optional<c10::Device>, std::optional<bool>, bool, std::optional<c10::MemoryFormat>) [0x4997a3e] in libtorch_cpu.so
=========         Host Frame: at::_ops::_to_copy::call(at::Tensor const&, std::optional<c10::ScalarType>, std::optional<c10::Layout>, std::optional<c10::Device>, std::optional<bool>, bool, std::optional<c10::MemoryFormat>) [0x2264f7c] in libtorch_cpu.so
=========         Host Frame: at::native::to(at::Tensor const&, std::optional<c10::ScalarType>, std::optional<c10::Layout>, std::optional<c10::Device>, std::optional<bool>, bool, bool, std::optional<c10::MemoryFormat>) [0x1d104fd] in libtorch_cpu.so
=========         Host Frame: c10::impl::wrap_kernel_functor_unboxed_<c10::impl::detail::WrapFunctionIntoFunctor_<c10::CompileTimeFunctionPointer<at::Tensor (at::Tensor const&, std::optional<c10::ScalarType>, std::optional<c10::Layout>, std::optional<c10::Device>, std::optional<bool>, bool, bool, std::optional<c10::MemoryFormat>), &at::(anonymous namespace)::(anonymous namespace)::wrapper_CompositeImplicitAutograd_dtype_layout_to>, at::Tensor, c10::guts::typelist::typelist<at::Tensor const&, std::optional<c10::ScalarType>, std::optional<c10::Layout>, std::optional<c10::Device>, std::optional<bool>, bool, bool, std::optional<c10::MemoryFormat> > >, at::Tensor (at::Tensor const&, std::optional<c10::ScalarType>, std::optional<c10::Layout>, std::optional<c10::Device>, std::optional<bool>, bool, bool, std::optional<c10::MemoryFormat>)>::call(c10::OperatorKernel*, c10::DispatchKeySet, at::Tensor const&, std::optional<c10::ScalarType>, std::optional<c10::Layout>, std::optional<c10::Device>, std::optional<bool>, bool, bool, std::optional<c10::MemoryFormat>) [0x2be4c41] in libtorch_cpu.so
=========         Host Frame: at::_ops::to_dtype_layout::call(at::Tensor const&, std::optional<c10::ScalarType>, std::optional<c10::Layout>, std::optional<c10::Device>, std::optional<bool>, bool, bool, std::optional<c10::MemoryFormat>) [0x23fbe16] in libtorch_cpu.so
=========         Host Frame: at::Tensor::to(c10::TensorOptions, bool, bool, std::optional<c10::MemoryFormat>) const [0x4354c8] in libtorch_python.so
=========         Host Frame: torch::autograd::dispatch_to(at::Tensor const&, c10::Device, bool, bool, std::optional<c10::MemoryFormat>) [0x3d7920] in libtorch_python.so
=========         Host Frame: torch::autograd::THPVariable_cpu(_object*, _object*, _object*) [0x3d7b1d] in libtorch_python.so
=========         Host Frame:  [0x151347] in python
=========         Host Frame: PyObject_Vectorcall [0x149934] in python
=========         Host Frame: _PyEval_EvalFrameDefault [0x1d6f08] in python
=========         Host Frame: PyEval_EvalCode [0x1d544a] in python
=========         Host Frame:  [0x2085a1] in python
=========         Host Frame:  [0x2b5032] in python
=========         Host Frame: _PyRun_SimpleFileObject [0x2b4d99] in python
=========         Host Frame: _PyRun_AnyFileObject [0x2b4bce] in python
=========         Host Frame: Py_RunMain [0x2bcc34] in python
=========         Host Frame: Py_BytesMain [0x2bc71c] in python
=========         Host Frame:  [0x2a1c9] in libc.so.6
=========         Host Frame: __libc_start_main [0x2a28a] in libc.so.6
=========         Host Frame: _start [0x257bc4] in python
=========         Host Frame: validate in compare_baselines.py:117
=========         Host Frame: main in study.py:94
========= 
========= Host API memory access error at host access to 0xb11c8c000 of size 264192 bytes
=========     Uninitialized access at 0xb11c8c340 on access by cudaMemcpy source
=========     Saved host backtrace up to driver entry point at error
=========         Host Frame:  [0x481c0] in libcudart.so.12
=========         Host Frame:  [0x17057] in libcudart.so.12
=========         Host Frame: cudaMemcpyAsync [0x768a0] in libcudart.so.12
=========         Host Frame: at::native::copy_kernel_cuda(at::TensorIterator&, bool) [0x16a984b] in libtorch_cuda.so
=========         Host Frame: at::native::copy_impl(at::Tensor&, at::Tensor const&, bool) [clone .isra.0] [0x1a2f8a2] in libtorch_cpu.so
=========         Host Frame: at::native::copy_(at::Tensor&, at::Tensor const&, bool) [0x1a31186] in libtorch_cpu.so
=========         Host Frame: at::_ops::copy_::call(at::Tensor&, at::Tensor const&, bool) [0x26e73d6] in libtorch_cpu.so
=========         Host Frame: at::native::_to_copy(at::Tensor const&, std::optional<c10::ScalarType>, std::optional<c10::Layout>, std::optional<c10::Device>, std::optional<bool>, bool, std::optional<c10::MemoryFormat>) [0x1d12ab2] in libtorch_cpu.so
=========         Host Frame: c10::impl::wrap_kernel_functor_unboxed_<c10::impl::detail::WrapFunctionIntoFunctor_<c10::CompileTimeFunctionPointer<at::Tensor (at::Tensor const&, std::optional<c10::ScalarType>, std::optional<c10::Layout>, std::optional<c10::Device>, std::optional<bool>, bool, std::optional<c10::MemoryFormat>), &at::(anonymous namespace)::(anonymous namespace)::wrapper_CompositeExplicitAutograd___to_copy>, at::Tensor, c10::guts::typelist::typelist<at::Tensor const&, std::optional<c10::ScalarType>, std::optional<c10::Layout>, std::optional<c10::Device>, std::optional<bool>, bool, std::optional<c10::MemoryFormat> > >, at::Tensor (at::Tensor const&, std::optional<c10::ScalarType>, std::optional<c10::Layout>, std::optional<c10::Device>, std::optional<bool>, bool, std::optional<c10::MemoryFormat>)>::call(c10::OperatorKernel*, c10::DispatchKeySet, at::Tensor const&, std::optional<c10::ScalarType>, std::optional<c10::Layout>, std::optional<c10::Device>, std::optional<bool>, bool, std::optional<c10::MemoryFormat>) [0x2aed68b] in libtorch_cpu.so
=========         Host Frame: at::_ops::_to_copy::redispatch(c10::DispatchKeySet, at::Tensor const&, std::optional<c10::ScalarType>, std::optional<c10::Layout>, std::optional<c10::Device>, std::optional<bool>, bool, std::optional<c10::MemoryFormat>) [0x21c34d1] in libtorch_cpu.so
=========         Host Frame: c10::impl::wrap_kernel_functor_unboxed_<c10::impl::detail::WrapFunctionIntoFunctor_<c10::CompileTimeFunctionPointer<at::Tensor (at::Tensor const&, std::optional<c10::ScalarType>, std::optional<c10::Layout>, std::optional<c10::Device>, std::optional<bool>, bool, std::optional<c10::MemoryFormat>), &at::(anonymous namespace)::_to_copy>, at::Tensor, c10::guts::typelist::typelist<at::Tensor const&, std::optional<c10::ScalarType>, std::optional<c10::Layout>, std::optional<c10::Device>, std::optional<bool>, bool, std::optional<c10::MemoryFormat> > >, at::Tensor (at::Tensor const&, std::optional<c10::ScalarType>, std::optional<c10::Layout>, std::optional<c10::Device>, std::optional<bool>, bool, std::optional<c10::MemoryFormat>)>::call(c10::OperatorKernel*, c10::DispatchKeySet, at::Tensor const&, std::optional<c10::ScalarType>, std::optional<c10::Layout>, std::optional<c10::Device>, std::optional<bool>, bool, std::optional<c10::MemoryFormat>) [0x28ba68a] in libtorch_cpu.so
=========         Host Frame: at::_ops::_to_copy::redispatch(c10::DispatchKeySet, at::Tensor const&, std::optional<c10::ScalarType>, std::optional<c10::Layout>, std::optional<c10::Device>, std::optional<bool>, bool, std::optional<c10::MemoryFormat>) [0x21c34d1] in libtorch_cpu.so
=========         Host Frame: torch::autograd::VariableType::(anonymous namespace)::_to_copy(c10::DispatchKeySet, at::Tensor const&, std::optional<c10::ScalarType>, std::optional<c10::Layout>, std::optional<c10::Device>, std::optional<bool>, bool, std::optional<c10::MemoryFormat>) [0x49975db] in libtorch_cpu.so
=========         Host Frame: c10::impl::wrap_kernel_functor_unboxed_<c10::impl::detail::WrapFunctionIntoFunctor_<c10::CompileTimeFunctionPointer<at::Tensor (c10::DispatchKeySet, at::Tensor const&, std::optional<c10::ScalarType>, std::optional<c10::Layout>, std::optional<c10::Device>, std::optional<bool>, bool, std::optional<c10::MemoryFormat>), &torch::autograd::VariableType::(anonymous namespace)::_to_copy>, at::Tensor, c10::guts::typelist::typelist<c10::DispatchKeySet, at::Tensor const&, std::optional<c10::ScalarType>, std::optional<c10::Layout>, std::optional<c10::Device>, std::optional<bool>, bool, std::optional<c10::MemoryFormat> > >, at::Tensor (c10::DispatchKeySet, at::Tensor const&, std::optional<c10::ScalarType>, std::optional<c10::Layout>, std::optional<c10::Device>, std::optional<bool>, bool, std::optional<c10::MemoryFormat>)>::call(c10::OperatorKernel*, c10::DispatchKeySet, at::Tensor const&, std::optional<c10::ScalarType>, std::optional<c10::Layout>, std::optional<c10::Device>, std::optional<bool>, bool, std::optional<c10::MemoryFormat>) [0x4997a3e] in libtorch_cpu.so
=========         Host Frame: at::_ops::_to_copy::call(at::Tensor const&, std::optional<c10::ScalarType>, std::optional<c10::Layout>, std::optional<c10::Device>, std::optional<bool>, bool, std::optional<c10::MemoryFormat>) [0x2264f7c] in libtorch_cpu.so
=========         Host Frame: at::native::to(at::Tensor const&, std::optional<c10::ScalarType>, std::optional<c10::Layout>, std::optional<c10::Device>, std::optional<bool>, bool, bool, std::optional<c10::MemoryFormat>) [0x1d104fd] in libtorch_cpu.so
=========         Host Frame: c10::impl::wrap_kernel_functor_unboxed_<c10::impl::detail::WrapFunctionIntoFunctor_<c10::CompileTimeFunctionPointer<at::Tensor (at::Tensor const&, std::optional<c10::ScalarType>, std::optional<c10::Layout>, std::optional<c10::Device>, std::optional<bool>, bool, bool, std::optional<c10::MemoryFormat>), &at::(anonymous namespace)::(anonymous namespace)::wrapper_CompositeImplicitAutograd_dtype_layout_to>, at::Tensor, c10::guts::typelist::typelist<at::Tensor const&, std::optional<c10::ScalarType>, std::optional<c10::Layout>, std::optional<c10::Device>, std::optional<bool>, bool, bool, std::optional<c10::MemoryFormat> > >, at::Tensor (at::Tensor const&, std::optional<c10::ScalarType>, std::optional<c10::Layout>, std::optional<c10::Device>, std::optional<bool>, bool, bool, std::optional<c10::MemoryFormat>)>::call(c10::OperatorKernel*, c10::DispatchKeySet, at::Tensor const&, std::optional<c10::ScalarType>, std::optional<c10::Layout>, std::optional<c10::Device>, std::optional<bool>, bool, bool, std::optional<c10::MemoryFormat>) [0x2be4c41] in libtorch_cpu.so
=========         Host Frame: at::_ops::to_dtype_layout::call(at::Tensor const&, std::optional<c10::ScalarType>, std::optional<c10::Layout>, std::optional<c10::Device>, std::optional<bool>, bool, bool, std::optional<c10::MemoryFormat>) [0x23fbe16] in libtorch_cpu.so
=========         Host Frame: at::Tensor::to(c10::TensorOptions, bool, bool, std::optional<c10::MemoryFormat>) const [0x4354c8] in libtorch_python.so
=========         Host Frame: torch::autograd::dispatch_to(at::Tensor const&, c10::Device, bool, bool, std::optional<c10::MemoryFormat>) [0x3d7920] in libtorch_python.so
=========         Host Frame: torch::autograd::THPVariable_cpu(_object*, _object*, _object*) [0x3d7b1d] in libtorch_python.so
=========         Host Frame:  [0x151347] in python
=========         Host Frame: PyObject_Vectorcall [0x149934] in python
=========         Host Frame: _PyEval_EvalFrameDefault [0x1d6f08] in python
=========         Host Frame: PyEval_EvalCode [0x1d544a] in python
=========         Host Frame:  [0x2085a1] in python
=========         Host Frame:  [0x2b5032] in python
=========         Host Frame: _PyRun_SimpleFileObject [0x2b4d99] in python
=========         Host Frame: _PyRun_AnyFileObject [0x2b4bce] in python
=========         Host Frame: Py_RunMain [0x2bcc34] in python
=========         Host Frame: Py_BytesMain [0x2bc71c] in python
=========         Host Frame:  [0x2a1c9] in libc.so.6
=========         Host Frame: __libc_start_main [0x2a28a] in libc.so.6
=========         Host Frame: _start [0x257bc4] in python
=========         Host Frame: validate in compare_baselines.py:117
=========         Host Frame: main in study.py:94
========= 
========= Host API memory access error at host access to 0xb11c8c000 of size 264192 bytes
=========     Uninitialized access at 0xb11c8c360 on access by cudaMemcpy source
=========     Saved host backtrace up to driver entry point at error
=========         Host Frame:  [0x481c0] in libcudart.so.12
=========         Host Frame:  [0x17057] in libcudart.so.12
=========         Host Frame: cudaMemcpyAsync [0x768a0] in libcudart.so.12
=========         Host Frame: at::native::copy_kernel_cuda(at::TensorIterator&, bool) [0x16a984b] in libtorch_cuda.so
=========         Host Frame: at::native::copy_impl(at::Tensor&, at::Tensor const&, bool) [clone .isra.0] [0x1a2f8a2] in libtorch_cpu.so
=========         Host Frame: at::native::copy_(at::Tensor&, at::Tensor const&, bool) [0x1a31186] in libtorch_cpu.so
=========         Host Frame: at::_ops::copy_::call(at::Tensor&, at::Tensor const&, bool) [0x26e73d6] in libtorch_cpu.so
=========         Host Frame: at::native::_to_copy(at::Tensor const&, std::optional<c10::ScalarType>, std::optional<c10::Layout>, std::optional<c10::Device>, std::optional<bool>, bool, std::optional<c10::MemoryFormat>) [0x1d12ab2] in libtorch_cpu.so
=========         Host Frame: c10::impl::wrap_kernel_functor_unboxed_<c10::impl::detail::WrapFunctionIntoFunctor_<c10::CompileTimeFunctionPointer<at::Tensor (at::Tensor const&, std::optional<c10::ScalarType>, std::optional<c10::Layout>, std::optional<c10::Device>, std::optional<bool>, bool, std::optional<c10::MemoryFormat>), &at::(anonymous namespace)::(anonymous namespace)::wrapper_CompositeExplicitAutograd___to_copy>, at::Tensor, c10::guts::typelist::typelist<at::Tensor const&, std::optional<c10::ScalarType>, std::optional<c10::Layout>, std::optional<c10::Device>, std::optional<bool>, bool, std::optional<c10::MemoryFormat> > >, at::Tensor (at::Tensor const&, std::optional<c10::ScalarType>, std::optional<c10::Layout>, std::optional<c10::Device>, std::optional<bool>, bool, std::optional<c10::MemoryFormat>)>::call(c10::OperatorKernel*, c10::DispatchKeySet, at::Tensor const&, std::optional<c10::ScalarType>, std::optional<c10::Layout>, std::optional<c10::Device>, std::optional<bool>, bool, std::optional<c10::MemoryFormat>) [0x2aed68b] in libtorch_cpu.so
=========         Host Frame: at::_ops::_to_copy::redispatch(c10::DispatchKeySet, at::Tensor const&, std::optional<c10::ScalarType>, std::optional<c10::Layout>, std::optional<c10::Device>, std::optional<bool>, bool, std::optional<c10::MemoryFormat>) [0x21c34d1] in libtorch_cpu.so
=========         Host Frame: c10::impl::wrap_kernel_functor_unboxed_<c10::impl::detail::WrapFunctionIntoFunctor_<c10::CompileTimeFunctionPointer<at::Tensor (at::Tensor const&, std::optional<c10::ScalarType>, std::optional<c10::Layout>, std::optional<c10::Device>, std::optional<bool>, bool, std::optional<c10::MemoryFormat>), &at::(anonymous namespace)::_to_copy>, at::Tensor, c10::guts::typelist::typelist<at::Tensor const&, std::optional<c10::ScalarType>, std::optional<c10::Layout>, std::optional<c10::Device>, std::optional<bool>, bool, std::optional<c10::MemoryFormat> > >, at::Tensor (at::Tensor const&, std::optional<c10::ScalarType>, std::optional<c10::Layout>, std::optional<c10::Device>, std::optional<bool>, bool, std::optional<c10::MemoryFormat>)>::call(c10::OperatorKernel*, c10::DispatchKeySet, at::Tensor const&, std::optional<c10::ScalarType>, std::optional<c10::Layout>, std::optional<c10::Device>, std::optional<bool>, bool, std::optional<c10::MemoryFormat>) [0x28ba68a] in libtorch_cpu.so
=========         Host Frame: at::_ops::_to_copy::redispatch(c10::DispatchKeySet, at::Tensor const&, std::optional<c10::ScalarType>, std::optional<c10::Layout>, std::optional<c10::Device>, std::optional<bool>, bool, std::optional<c10::MemoryFormat>) [0x21c34d1] in libtorch_cpu.so
=========         Host Frame: torch::autograd::VariableType::(anonymous namespace)::_to_copy(c10::DispatchKeySet, at::Tensor const&, std::optional<c10::ScalarType>, std::optional<c10::Layout>, std::optional<c10::Device>, std::optional<bool>, bool, std::optional<c10::MemoryFormat>) [0x49975db] in libtorch_cpu.so
=========         Host Frame: c10::impl::wrap_kernel_functor_unboxed_<c10::impl::detail::WrapFunctionIntoFunctor_<c10::CompileTimeFunctionPointer<at::Tensor (c10::DispatchKeySet, at::Tensor const&, std::optional<c10::ScalarType>, std::optional<c10::Layout>, std::optional<c10::Device>, std::optional<bool>, bool, std::optional<c10::MemoryFormat>), &torch::autograd::VariableType::(anonymous namespace)::_to_copy>, at::Tensor, c10::guts::typelist::typelist<c10::DispatchKeySet, at::Tensor const&, std::optional<c10::ScalarType>, std::optional<c10::Layout>, std::optional<c10::Device>, std::optional<bool>, bool, std::optional<c10::MemoryFormat> > >, at::Tensor (c10::DispatchKeySet, at::Tensor const&, std::optional<c10::ScalarType>, std::optional<c10::Layout>, std::optional<c10::Device>, std::optional<bool>, bool, std::optional<c10::MemoryFormat>)>::call(c10::OperatorKernel*, c10::DispatchKeySet, at::Tensor const&, std::optional<c10::ScalarType>, std::optional<c10::Layout>, std::optional<c10::Device>, std::optional<bool>, bool, std::optional<c10::MemoryFormat>) [0x4997a3e] in libtorch_cpu.so
=========         Host Frame: at::_ops::_to_copy::call(at::Tensor const&, std::optional<c10::ScalarType>, std::optional<c10::Layout>, std::optional<c10::Device>, std::optional<bool>, bool, std::optional<c10::MemoryFormat>) [0x2264f7c] in libtorch_cpu.so
=========         Host Frame: at::native::to(at::Tensor const&, std::optional<c10::ScalarType>, std::optional<c10::Layout>, std::optional<c10::Device>, std::optional<bool>, bool, bool, std::optional<c10::MemoryFormat>) [0x1d104fd] in libtorch_cpu.so
=========         Host Frame: c10::impl::wrap_kernel_functor_unboxed_<c10::impl::detail::WrapFunctionIntoFunctor_<c10::CompileTimeFunctionPointer<at::Tensor (at::Tensor const&, std::optional<c10::ScalarType>, std::optional<c10::Layout>, std::optional<c10::Device>, std::optional<bool>, bool, bool, std::optional<c10::MemoryFormat>), &at::(anonymous namespace)::(anonymous namespace)::wrapper_CompositeImplicitAutograd_dtype_layout_to>, at::Tensor, c10::guts::typelist::typelist<at::Tensor const&, std::optional<c10::ScalarType>, std::optional<c10::Layout>, std::optional<c10::Device>, std::optional<bool>, bool, bool, std::optional<c10::MemoryFormat> > >, at::Tensor (at::Tensor const&, std::optional<c10::ScalarType>, std::optional<c10::Layout>, std::optional<c10::Device>, std::optional<bool>, bool, bool, std::optional<c10::MemoryFormat>)>::call(c10::OperatorKernel*, c10::DispatchKeySet, at::Tensor const&, std::optional<c10::ScalarType>, std::optional<c10::Layout>, std::optional<c10::Device>, std::optional<bool>, bool, bool, std::optional<c10::MemoryFormat>) [0x2be4c41] in libtorch_cpu.so
=========         Host Frame: at::_ops::to_dtype_layout::call(at::Tensor const&, std::optional<c10::ScalarType>, std::optional<c10::Layout>, std::optional<c10::Device>, std::optional<bool>, bool, bool, std::optional<c10::MemoryFormat>) [0x23fbe16] in libtorch_cpu.so
=========         Host Frame: at::Tensor::to(c10::TensorOptions, bool, bool, std::optional<c10::MemoryFormat>) const [0x4354c8] in libtorch_python.so
=========         Host Frame: torch::autograd::dispatch_to(at::Tensor const&, c10::Device, bool, bool, std::optional<c10::MemoryFormat>) [0x3d7920] in libtorch_python.so
=========         Host Frame: torch::autograd::THPVariable_cpu(_object*, _object*, _object*) [0x3d7b1d] in libtorch_python.so
=========         Host Frame:  [0x151347] in python
=========         Host Frame: PyObject_Vectorcall [0x149934] in python
=========         Host Frame: _PyEval_EvalFrameDefault [0x1d6f08] in python
=========         Host Frame: PyEval_EvalCode [0x1d544a] in python
=========         Host Frame:  [0x2085a1] in python
=========         Host Frame:  [0x2b5032] in python
=========         Host Frame: _PyRun_SimpleFileObject [0x2b4d99] in python
=========         Host Frame: _PyRun_AnyFileObject [0x2b4bce] in python
=========         Host Frame: Py_RunMain [0x2bcc34] in python
=========         Host Frame: Py_BytesMain [0x2bc71c] in python
=========         Host Frame:  [0x2a1c9] in libc.so.6
=========         Host Frame: __libc_start_main [0x2a28a] in libc.so.6
=========         Host Frame: _start [0x257bc4] in python
=========         Host Frame: validate in compare_baselines.py:117
=========         Host Frame: main in study.py:94
========= 
========= Host API memory access error at host access to 0xb11c8c000 of size 264192 bytes
=========     Uninitialized access at 0xb11c8c380 on access by cudaMemcpy source
=========     Saved host backtrace up to driver entry point at error
=========         Host Frame:  [0x481c0] in libcudart.so.12
=========         Host Frame:  [0x17057] in libcudart.so.12
=========         Host Frame: cudaMemcpyAsync [0x768a0] in libcudart.so.12
=========         Host Frame: at::native::copy_kernel_cuda(at::TensorIterator&, bool) [0x16a984b] in libtorch_cuda.so
=========         Host Frame: at::native::copy_impl(at::Tensor&, at::Tensor const&, bool) [clone .isra.0] [0x1a2f8a2] in libtorch_cpu.so
=========         Host Frame: at::native::copy_(at::Tensor&, at::Tensor const&, bool) [0x1a31186] in libtorch_cpu.so
=========         Host Frame: at::_ops::copy_::call(at::Tensor&, at::Tensor const&, bool) [0x26e73d6] in libtorch_cpu.so
=========         Host Frame: at::native::_to_copy(at::Tensor const&, std::optional<c10::ScalarType>, std::optional<c10::Layout>, std::optional<c10::Device>, std::optional<bool>, bool, std::optional<c10::MemoryFormat>) [0x1d12ab2] in libtorch_cpu.so
=========         Host Frame: c10::impl::wrap_kernel_functor_unboxed_<c10::impl::detail::WrapFunctionIntoFunctor_<c10::CompileTimeFunctionPointer<at::Tensor (at::Tensor const&, std::optional<c10::ScalarType>, std::optional<c10::Layout>, std::optional<c10::Device>, std::optional<bool>, bool, std::optional<c10::MemoryFormat>), &at::(anonymous namespace)::(anonymous namespace)::wrapper_CompositeExplicitAutograd___to_copy>, at::Tensor, c10::guts::typelist::typelist<at::Tensor const&, std::optional<c10::ScalarType>, std::optional<c10::Layout>, std::optional<c10::Device>, std::optional<bool>, bool, std::optional<c10::MemoryFormat> > >, at::Tensor (at::Tensor const&, std::optional<c10::ScalarType>, std::optional<c10::Layout>, std::optional<c10::Device>, std::optional<bool>, bool, std::optional<c10::MemoryFormat>)>::call(c10::OperatorKernel*, c10::DispatchKeySet, at::Tensor const&, std::optional<c10::ScalarType>, std::optional<c10::Layout>, std::optional<c10::Device>, std::optional<bool>, bool, std::optional<c10::MemoryFormat>) [0x2aed68b] in libtorch_cpu.so
=========         Host Frame: at::_ops::_to_copy::redispatch(c10::DispatchKeySet, at::Tensor const&, std::optional<c10::ScalarType>, std::optional<c10::Layout>, std::optional<c10::Device>, std::optional<bool>, bool, std::optional<c10::MemoryFormat>) [0x21c34d1] in libtorch_cpu.so
=========         Host Frame: c10::impl::wrap_kernel_functor_unboxed_<c10::impl::detail::WrapFunctionIntoFunctor_<c10::CompileTimeFunctionPointer<at::Tensor (at::Tensor const&, std::optional<c10::ScalarType>, std::optional<c10::Layout>, std::optional<c10::Device>, std::optional<bool>, bool, std::optional<c10::MemoryFormat>), &at::(anonymous namespace)::_to_copy>, at::Tensor, c10::guts::typelist::typelist<at::Tensor const&, std::optional<c10::ScalarType>, std::optional<c10::Layout>, std::optional<c10::Device>, std::optional<bool>, bool, std::optional<c10::MemoryFormat> > >, at::Tensor (at::Tensor const&, std::optional<c10::ScalarType>, std::optional<c10::Layout>, std::optional<c10::Device>, std::optional<bool>, bool, std::optional<c10::MemoryFormat>)>::call(c10::OperatorKernel*, c10::DispatchKeySet, at::Tensor const&, std::optional<c10::ScalarType>, std::optional<c10::Layout>, std::optional<c10::Device>, std::optional<bool>, bool, std::optional<c10::MemoryFormat>) [0x28ba68a] in libtorch_cpu.so
=========         Host Frame: at::_ops::_to_copy::redispatch(c10::DispatchKeySet, at::Tensor const&, std::optional<c10::ScalarType>, std::optional<c10::Layout>, std::optional<c10::Device>, std::optional<bool>, bool, std::optional<c10::MemoryFormat>) [0x21c34d1] in libtorch_cpu.so
=========         Host Frame: torch::autograd::VariableType::(anonymous namespace)::_to_copy(c10::DispatchKeySet, at::Tensor const&, std::optional<c10::ScalarType>, std::optional<c10::Layout>, std::optional<c10::Device>, std::optional<bool>, bool, std::optional<c10::MemoryFormat>) [0x49975db] in libtorch_cpu.so
=========         Host Frame: c10::impl::wrap_kernel_functor_unboxed_<c10::impl::detail::WrapFunctionIntoFunctor_<c10::CompileTimeFunctionPointer<at::Tensor (c10::DispatchKeySet, at::Tensor const&, std::optional<c10::ScalarType>, std::optional<c10::Layout>, std::optional<c10::Device>, std::optional<bool>, bool, std::optional<c10::MemoryFormat>), &torch::autograd::VariableType::(anonymous namespace)::_to_copy>, at::Tensor, c10::guts::typelist::typelist<c10::DispatchKeySet, at::Tensor const&, std::optional<c10::ScalarType>, std::optional<c10::Layout>, std::optional<c10::Device>, std::optional<bool>, bool, std::optional<c10::MemoryFormat> > >, at::Tensor (c10::DispatchKeySet, at::Tensor const&, std::optional<c10::ScalarType>, std::optional<c10::Layout>, std::optional<c10::Device>, std::optional<bool>, bool, std::optional<c10::MemoryFormat>)>::call(c10::OperatorKernel*, c10::DispatchKeySet, at::Tensor const&, std::optional<c10::ScalarType>, std::optional<c10::Layout>, std::optional<c10::Device>, std::optional<bool>, bool, std::optional<c10::MemoryFormat>) [0x4997a3e] in libtorch_cpu.so
=========         Host Frame: at::_ops::_to_copy::call(at::Tensor const&, std::optional<c10::ScalarType>, std::optional<c10::Layout>, std::optional<c10::Device>, std::optional<bool>, bool, std::optional<c10::MemoryFormat>) [0x2264f7c] in libtorch_cpu.so
=========         Host Frame: at::native::to(at::Tensor const&, std::optional<c10::ScalarType>, std::optional<c10::Layout>, std::optional<c10::Device>, std::optional<bool>, bool, bool, std::optional<c10::MemoryFormat>) [0x1d104fd] in libtorch_cpu.so
=========         Host Frame: c10::impl::wrap_kernel_functor_unboxed_<c10::impl::detail::WrapFunctionIntoFunctor_<c10::CompileTimeFunctionPointer<at::Tensor (at::Tensor const&, std::optional<c10::ScalarType>, std::optional<c10::Layout>, std::optional<c10::Device>, std::optional<bool>, bool, bool, std::optional<c10::MemoryFormat>), &at::(anonymous namespace)::(anonymous namespace)::wrapper_CompositeImplicitAutograd_dtype_layout_to>, at::Tensor, c10::guts::typelist::typelist<at::Tensor const&, std::optional<c10::ScalarType>, std::optional<c10::Layout>, std::optional<c10::Device>, std::optional<bool>, bool, bool, std::optional<c10::MemoryFormat> > >, at::Tensor (at::Tensor const&, std::optional<c10::ScalarType>, std::optional<c10::Layout>, std::optional<c10::Device>, std::optional<bool>, bool, bool, std::optional<c10::MemoryFormat>)>::call(c10::OperatorKernel*, c10::DispatchKeySet, at::Tensor const&, std::optional<c10::ScalarType>, std::optional<c10::Layout>, std::optional<c10::Device>, std::optional<bool>, bool, bool, std::optional<c10::MemoryFormat>) [0x2be4c41] in libtorch_cpu.so
=========         Host Frame: at::_ops::to_dtype_layout::call(at::Tensor const&, std::optional<c10::ScalarType>, std::optional<c10::Layout>, std::optional<c10::Device>, std::optional<bool>, bool, bool, std::optional<c10::MemoryFormat>) [0x23fbe16] in libtorch_cpu.so
=========         Host Frame: at::Tensor::to(c10::TensorOptions, bool, bool, std::optional<c10::MemoryFormat>) const [0x4354c8] in libtorch_python.so
=========         Host Frame: torch::autograd::dispatch_to(at::Tensor const&, c10::Device, bool, bool, std::optional<c10::MemoryFormat>) [0x3d7920] in libtorch_python.so
=========         Host Frame: torch::autograd::THPVariable_cpu(_object*, _object*, _object*) [0x3d7b1d] in libtorch_python.so
=========         Host Frame:  [0x151347] in python
=========         Host Frame: PyObject_Vectorcall [0x149934] in python
=========         Host Frame: _PyEval_EvalFrameDefault [0x1d6f08] in python
=========         Host Frame: PyEval_EvalCode [0x1d544a] in python
=========         Host Frame:  [0x2085a1] in python
=========         Host Frame:  [0x2b5032] in python
=========         Host Frame: _PyRun_SimpleFileObject [0x2b4d99] in python
=========         Host Frame: _PyRun_AnyFileObject [0x2b4bce] in python
=========         Host Frame: Py_RunMain [0x2bcc34] in python
=========         Host Frame: Py_BytesMain [0x2bc71c] in python
=========         Host Frame:  [0x2a1c9] in libc.so.6
=========         Host Frame: __libc_start_main [0x2a28a] in libc.so.6
=========         Host Frame: _start [0x257bc4] in python
=========         Host Frame: validate in compare_baselines.py:117
=========         Host Frame: main in study.py:94
========= 
========= Host API memory access error at host access to 0xb11c8c000 of size 264192 bytes
=========     Uninitialized access at 0xb11c8c3a0 on access by cudaMemcpy source
=========     Saved host backtrace up to driver entry point at error
=========         Host Frame:  [0x481c0] in libcudart.so.12
=========         Host Frame:  [0x17057] in libcudart.so.12
=========         Host Frame: cudaMemcpyAsync [0x768a0] in libcudart.so.12
=========         Host Frame: at::native::copy_kernel_cuda(at::TensorIterator&, bool) [0x16a984b] in libtorch_cuda.so
=========         Host Frame: at::native::copy_impl(at::Tensor&, at::Tensor const&, bool) [clone .isra.0] [0x1a2f8a2] in libtorch_cpu.so
=========         Host Frame: at::native::copy_(at::Tensor&, at::Tensor const&, bool) [0x1a31186] in libtorch_cpu.so
=========         Host Frame: at::_ops::copy_::call(at::Tensor&, at::Tensor const&, bool) [0x26e73d6] in libtorch_cpu.so
=========         Host Frame: at::native::_to_copy(at::Tensor const&, std::optional<c10::ScalarType>, std::optional<c10::Layout>, std::optional<c10::Device>, std::optional<bool>, bool, std::optional<c10::MemoryFormat>) [0x1d12ab2] in libtorch_cpu.so
=========         Host Frame: c10::impl::wrap_kernel_functor_unboxed_<c10::impl::detail::WrapFunctionIntoFunctor_<c10::CompileTimeFunctionPointer<at::Tensor (at::Tensor const&, std::optional<c10::ScalarType>, std::optional<c10::Layout>, std::optional<c10::Device>, std::optional<bool>, bool, std::optional<c10::MemoryFormat>), &at::(anonymous namespace)::(anonymous namespace)::wrapper_CompositeExplicitAutograd___to_copy>, at::Tensor, c10::guts::typelist::typelist<at::Tensor const&, std::optional<c10::ScalarType>, std::optional<c10::Layout>, std::optional<c10::Device>, std::optional<bool>, bool, std::optional<c10::MemoryFormat> > >, at::Tensor (at::Tensor const&, std::optional<c10::ScalarType>, std::optional<c10::Layout>, std::optional<c10::Device>, std::optional<bool>, bool, std::optional<c10::MemoryFormat>)>::call(c10::OperatorKernel*, c10::DispatchKeySet, at::Tensor const&, std::optional<c10::ScalarType>, std::optional<c10::Layout>, std::optional<c10::Device>, std::optional<bool>, bool, std::optional<c10::MemoryFormat>) [0x2aed68b] in libtorch_cpu.so
=========         Host Frame: at::_ops::_to_copy::redispatch(c10::DispatchKeySet, at::Tensor const&, std::optional<c10::ScalarType>, std::optional<c10::Layout>, std::optional<c10::Device>, std::optional<bool>, bool, std::optional<c10::MemoryFormat>) [0x21c34d1] in libtorch_cpu.so
=========         Host Frame: c10::impl::wrap_kernel_functor_unboxed_<c10::impl::detail::WrapFunctionIntoFunctor_<c10::CompileTimeFunctionPointer<at::Tensor (at::Tensor const&, std::optional<c10::ScalarType>, std::optional<c10::Layout>, std::optional<c10::Device>, std::optional<bool>, bool, std::optional<c10::MemoryFormat>), &at::(anonymous namespace)::_to_copy>, at::Tensor, c10::guts::typelist::typelist<at::Tensor const&, std::optional<c10::ScalarType>, std::optional<c10::Layout>, std::optional<c10::Device>, std::optional<bool>, bool, std::optional<c10::MemoryFormat> > >, at::Tensor (at::Tensor const&, std::optional<c10::ScalarType>, std::optional<c10::Layout>, std::optional<c10::Device>, std::optional<bool>, bool, std::optional<c10::MemoryFormat>)>::call(c10::OperatorKernel*, c10::DispatchKeySet, at::Tensor const&, std::optional<c10::ScalarType>, std::optional<c10::Layout>, std::optional<c10::Device>, std::optional<bool>, bool, std::optional<c10::MemoryFormat>) [0x28ba68a] in libtorch_cpu.so
=========         Host Frame: at::_ops::_to_copy::redispatch(c10::DispatchKeySet, at::Tensor const&, std::optional<c10::ScalarType>, std::optional<c10::Layout>, std::optional<c10::Device>, std::optional<bool>, bool, std::optional<c10::MemoryFormat>) [0x21c34d1] in libtorch_cpu.so
=========         Host Frame: torch::autograd::VariableType::(anonymous namespace)::_to_copy(c10::DispatchKeySet, at::Tensor const&, std::optional<c10::ScalarType>, std::optional<c10::Layout>, std::optional<c10::Device>, std::optional<bool>, bool, std::optional<c10::MemoryFormat>) [0x49975db] in libtorch_cpu.so
=========         Host Frame: c10::impl::wrap_kernel_functor_unboxed_<c10::impl::detail::WrapFunctionIntoFunctor_<c10::CompileTimeFunctionPointer<at::Tensor (c10::DispatchKeySet, at::Tensor const&, std::optional<c10::ScalarType>, std::optional<c10::Layout>, std::optional<c10::Device>, std::optional<bool>, bool, std::optional<c10::MemoryFormat>), &torch::autograd::VariableType::(anonymous namespace)::_to_copy>, at::Tensor, c10::guts::typelist::typelist<c10::DispatchKeySet, at::Tensor const&, std::optional<c10::ScalarType>, std::optional<c10::Layout>, std::optional<c10::Device>, std::optional<bool>, bool, std::optional<c10::MemoryFormat> > >, at::Tensor (c10::DispatchKeySet, at::Tensor const&, std::optional<c10::ScalarType>, std::optional<c10::Layout>, std::optional<c10::Device>, std::optional<bool>, bool, std::optional<c10::MemoryFormat>)>::call(c10::OperatorKernel*, c10::DispatchKeySet, at::Tensor const&, std::optional<c10::ScalarType>, std::optional<c10::Layout>, std::optional<c10::Device>, std::optional<bool>, bool, std::optional<c10::MemoryFormat>) [0x4997a3e] in libtorch_cpu.so
=========         Host Frame: at::_ops::_to_copy::call(at::Tensor const&, std::optional<c10::ScalarType>, std::optional<c10::Layout>, std::optional<c10::Device>, std::optional<bool>, bool, std::optional<c10::MemoryFormat>) [0x2264f7c] in libtorch_cpu.so
=========         Host Frame: at::native::to(at::Tensor const&, std::optional<c10::ScalarType>, std::optional<c10::Layout>, std::optional<c10::Device>, std::optional<bool>, bool, bool, std::optional<c10::MemoryFormat>) [0x1d104fd] in libtorch_cpu.so
=========         Host Frame: c10::impl::wrap_kernel_functor_unboxed_<c10::impl::detail::WrapFunctionIntoFunctor_<c10::CompileTimeFunctionPointer<at::Tensor (at::Tensor const&, std::optional<c10::ScalarType>, std::optional<c10::Layout>, std::optional<c10::Device>, std::optional<bool>, bool, bool, std::optional<c10::MemoryFormat>), &at::(anonymous namespace)::(anonymous namespace)::wrapper_CompositeImplicitAutograd_dtype_layout_to>, at::Tensor, c10::guts::typelist::typelist<at::Tensor const&, std::optional<c10::ScalarType>, std::optional<c10::Layout>, std::optional<c10::Device>, std::optional<bool>, bool, bool, std::optional<c10::MemoryFormat> > >, at::Tensor (at::Tensor const&, std::optional<c10::ScalarType>, std::optional<c10::Layout>, std::optional<c10::Device>, std::optional<bool>, bool, bool, std::optional<c10::MemoryFormat>)>::call(c10::OperatorKernel*, c10::DispatchKeySet, at::Tensor const&, std::optional<c10::ScalarType>, std::optional<c10::Layout>, std::optional<c10::Device>, std::optional<bool>, bool, bool, std::optional<c10::MemoryFormat>) [0x2be4c41] in libtorch_cpu.so
=========         Host Frame: at::_ops::to_dtype_layout::call(at::Tensor const&, std::optional<c10::ScalarType>, std::optional<c10::Layout>, std::optional<c10::Device>, std::optional<bool>, bool, bool, std::optional<c10::MemoryFormat>) [0x23fbe16] in libtorch_cpu.so
=========         Host Frame: at::Tensor::to(c10::TensorOptions, bool, bool, std::optional<c10::MemoryFormat>) const [0x4354c8] in libtorch_python.so
=========         Host Frame: torch::autograd::dispatch_to(at::Tensor const&, c10::Device, bool, bool, std::optional<c10::MemoryFormat>) [0x3d7920] in libtorch_python.so
=========         Host Frame: torch::autograd::THPVariable_cpu(_object*, _object*, _object*) [0x3d7b1d] in libtorch_python.so
=========         Host Frame:  [0x151347] in python
=========         Host Frame: PyObject_Vectorcall [0x149934] in python
=========         Host Frame: _PyEval_EvalFrameDefault [0x1d6f08] in python
=========         Host Frame: PyEval_EvalCode [0x1d544a] in python
=========         Host Frame:  [0x2085a1] in python
=========         Host Frame:  [0x2b5032] in python
=========         Host Frame: _PyRun_SimpleFileObject [0x2b4d99] in python
=========         Host Frame: _PyRun_AnyFileObject [0x2b4bce] in python
=========         Host Frame: Py_RunMain [0x2bcc34] in python
=========         Host Frame: Py_BytesMain [0x2bc71c] in python
=========         Host Frame:  [0x2a1c9] in libc.so.6
=========         Host Frame: __libc_start_main [0x2a28a] in libc.so.6
=========         Host Frame: _start [0x257bc4] in python
=========         Host Frame: validate in compare_baselines.py:117
=========         Host Frame: main in study.py:94
========= 
========= Host API memory access error at host access to 0xb11c8c000 of size 264192 bytes
=========     Uninitialized access at 0xb11c8c3c0 on access by cudaMemcpy source
=========     Saved host backtrace up to driver entry point at error
=========         Host Frame:  [0x481c0] in libcudart.so.12
=========         Host Frame:  [0x17057] in libcudart.so.12
=========         Host Frame: cudaMemcpyAsync [0x768a0] in libcudart.so.12
=========         Host Frame: at::native::copy_kernel_cuda(at::TensorIterator&, bool) [0x16a984b] in libtorch_cuda.so
=========         Host Frame: at::native::copy_impl(at::Tensor&, at::Tensor const&, bool) [clone .isra.0] [0x1a2f8a2] in libtorch_cpu.so
=========         Host Frame: at::native::copy_(at::Tensor&, at::Tensor const&, bool) [0x1a31186] in libtorch_cpu.so
=========         Host Frame: at::_ops::copy_::call(at::Tensor&, at::Tensor const&, bool) [0x26e73d6] in libtorch_cpu.so
=========         Host Frame: at::native::_to_copy(at::Tensor const&, std::optional<c10::ScalarType>, std::optional<c10::Layout>, std::optional<c10::Device>, std::optional<bool>, bool, std::optional<c10::MemoryFormat>) [0x1d12ab2] in libtorch_cpu.so
=========         Host Frame: c10::impl::wrap_kernel_functor_unboxed_<c10::impl::detail::WrapFunctionIntoFunctor_<c10::CompileTimeFunctionPointer<at::Tensor (at::Tensor const&, std::optional<c10::ScalarType>, std::optional<c10::Layout>, std::optional<c10::Device>, std::optional<bool>, bool, std::optional<c10::MemoryFormat>), &at::(anonymous namespace)::(anonymous namespace)::wrapper_CompositeExplicitAutograd___to_copy>, at::Tensor, c10::guts::typelist::typelist<at::Tensor const&, std::optional<c10::ScalarType>, std::optional<c10::Layout>, std::optional<c10::Device>, std::optional<bool>, bool, std::optional<c10::MemoryFormat> > >, at::Tensor (at::Tensor const&, std::optional<c10::ScalarType>, std::optional<c10::Layout>, std::optional<c10::Device>, std::optional<bool>, bool, std::optional<c10::MemoryFormat>)>::call(c10::OperatorKernel*, c10::DispatchKeySet, at::Tensor const&, std::optional<c10::ScalarType>, std::optional<c10::Layout>, std::optional<c10::Device>, std::optional<bool>, bool, std::optional<c10::MemoryFormat>) [0x2aed68b] in libtorch_cpu.so
=========         Host Frame: at::_ops::_to_copy::redispatch(c10::DispatchKeySet, at::Tensor const&, std::optional<c10::ScalarType>, std::optional<c10::Layout>, std::optional<c10::Device>, std::optional<bool>, bool, std::optional<c10::MemoryFormat>) [0x21c34d1] in libtorch_cpu.so
=========         Host Frame: c10::impl::wrap_kernel_functor_unboxed_<c10::impl::detail::WrapFunctionIntoFunctor_<c10::CompileTimeFunctionPointer<at::Tensor (at::Tensor const&, std::optional<c10::ScalarType>, std::optional<c10::Layout>, std::optional<c10::Device>, std::optional<bool>, bool, std::optional<c10::MemoryFormat>), &at::(anonymous namespace)::_to_copy>, at::Tensor, c10::guts::typelist::typelist<at::Tensor const&, std::optional<c10::ScalarType>, std::optional<c10::Layout>, std::optional<c10::Device>, std::optional<bool>, bool, std::optional<c10::MemoryFormat> > >, at::Tensor (at::Tensor const&, std::optional<c10::ScalarType>, std::optional<c10::Layout>, std::optional<c10::Device>, std::optional<bool>, bool, std::optional<c10::MemoryFormat>)>::call(c10::OperatorKernel*, c10::DispatchKeySet, at::Tensor const&, std::optional<c10::ScalarType>, std::optional<c10::Layout>, std::optional<c10::Device>, std::optional<bool>, bool, std::optional<c10::MemoryFormat>) [0x28ba68a] in libtorch_cpu.so
=========         Host Frame: at::_ops::_to_copy::redispatch(c10::DispatchKeySet, at::Tensor const&, std::optional<c10::ScalarType>, std::optional<c10::Layout>, std::optional<c10::Device>, std::optional<bool>, bool, std::optional<c10::MemoryFormat>) [0x21c34d1] in libtorch_cpu.so
=========         Host Frame: torch::autograd::VariableType::(anonymous namespace)::_to_copy(c10::DispatchKeySet, at::Tensor const&, std::optional<c10::ScalarType>, std::optional<c10::Layout>, std::optional<c10::Device>, std::optional<bool>, bool, std::optional<c10::MemoryFormat>) [0x49975db] in libtorch_cpu.so
=========         Host Frame: c10::impl::wrap_kernel_functor_unboxed_<c10::impl::detail::WrapFunctionIntoFunctor_<c10::CompileTimeFunctionPointer<at::Tensor (c10::DispatchKeySet, at::Tensor const&, std::optional<c10::ScalarType>, std::optional<c10::Layout>, std::optional<c10::Device>, std::optional<bool>, bool, std::optional<c10::MemoryFormat>), &torch::autograd::VariableType::(anonymous namespace)::_to_copy>, at::Tensor, c10::guts::typelist::typelist<c10::DispatchKeySet, at::Tensor const&, std::optional<c10::ScalarType>, std::optional<c10::Layout>, std::optional<c10::Device>, std::optional<bool>, bool, std::optional<c10::MemoryFormat> > >, at::Tensor (c10::DispatchKeySet, at::Tensor const&, std::optional<c10::ScalarType>, std::optional<c10::Layout>, std::optional<c10::Device>, std::optional<bool>, bool, std::optional<c10::MemoryFormat>)>::call(c10::OperatorKernel*, c10::DispatchKeySet, at::Tensor const&, std::optional<c10::ScalarType>, std::optional<c10::Layout>, std::optional<c10::Device>, std::optional<bool>, bool, std::optional<c10::MemoryFormat>) [0x4997a3e] in libtorch_cpu.so
=========         Host Frame: at::_ops::_to_copy::call(at::Tensor const&, std::optional<c10::ScalarType>, std::optional<c10::Layout>, std::optional<c10::Device>, std::optional<bool>, bool, std::optional<c10::MemoryFormat>) [0x2264f7c] in libtorch_cpu.so
=========         Host Frame: at::native::to(at::Tensor const&, std::optional<c10::ScalarType>, std::optional<c10::Layout>, std::optional<c10::Device>, std::optional<bool>, bool, bool, std::optional<c10::MemoryFormat>) [0x1d104fd] in libtorch_cpu.so
=========         Host Frame: c10::impl::wrap_kernel_functor_unboxed_<c10::impl::detail::WrapFunctionIntoFunctor_<c10::CompileTimeFunctionPointer<at::Tensor (at::Tensor const&, std::optional<c10::ScalarType>, std::optional<c10::Layout>, std::optional<c10::Device>, std::optional<bool>, bool, bool, std::optional<c10::MemoryFormat>), &at::(anonymous namespace)::(anonymous namespace)::wrapper_CompositeImplicitAutograd_dtype_layout_to>, at::Tensor, c10::guts::typelist::typelist<at::Tensor const&, std::optional<c10::ScalarType>, std::optional<c10::Layout>, std::optional<c10::Device>, std::optional<bool>, bool, bool, std::optional<c10::MemoryFormat> > >, at::Tensor (at::Tensor const&, std::optional<c10::ScalarType>, std::optional<c10::Layout>, std::optional<c10::Device>, std::optional<bool>, bool, bool, std::optional<c10::MemoryFormat>)>::call(c10::OperatorKernel*, c10::DispatchKeySet, at::Tensor const&, std::optional<c10::ScalarType>, std::optional<c10::Layout>, std::optional<c10::Device>, std::optional<bool>, bool, bool, std::optional<c10::MemoryFormat>) [0x2be4c41] in libtorch_cpu.so
=========         Host Frame: at::_ops::to_dtype_layout::call(at::Tensor const&, std::optional<c10::ScalarType>, std::optional<c10::Layout>, std::optional<c10::Device>, std::optional<bool>, bool, bool, std::optional<c10::MemoryFormat>) [0x23fbe16] in libtorch_cpu.so
=========         Host Frame: at::Tensor::to(c10::TensorOptions, bool, bool, std::optional<c10::MemoryFormat>) const [0x4354c8] in libtorch_python.so
=========         Host Frame: torch::autograd::dispatch_to(at::Tensor const&, c10::Device, bool, bool, std::optional<c10::MemoryFormat>) [0x3d7920] in libtorch_python.so
=========         Host Frame: torch::autograd::THPVariable_cpu(_object*, _object*, _object*) [0x3d7b1d] in libtorch_python.so
=========         Host Frame:  [0x151347] in python
=========         Host Frame: PyObject_Vectorcall [0x149934] in python
=========         Host Frame: _PyEval_EvalFrameDefault [0x1d6f08] in python
=========         Host Frame: PyEval_EvalCode [0x1d544a] in python
=========         Host Frame:  [0x2085a1] in python
=========         Host Frame:  [0x2b5032] in python
=========         Host Frame: _PyRun_SimpleFileObject [0x2b4d99] in python
=========         Host Frame: _PyRun_AnyFileObject [0x2b4bce] in python
=========         Host Frame: Py_RunMain [0x2bcc34] in python
=========         Host Frame: Py_BytesMain [0x2bc71c] in python
=========         Host Frame:  [0x2a1c9] in libc.so.6
=========         Host Frame: __libc_start_main [0x2a28a] in libc.so.6
=========         Host Frame: _start [0x257bc4] in python
=========         Host Frame: validate in compare_baselines.py:117
=========         Host Frame: main in study.py:94
========= 
========= Host API memory access error at host access to 0xb11c8c000 of size 264192 bytes
=========     Uninitialized access at 0xb11c8c3e0 on access by cudaMemcpy source
=========     Saved host backtrace up to driver entry point at error
=========         Host Frame:  [0x481c0] in libcudart.so.12
=========         Host Frame:  [0x17057] in libcudart.so.12
=========         Host Frame: cudaMemcpyAsync [0x768a0] in libcudart.so.12
=========         Host Frame: at::native::copy_kernel_cuda(at::TensorIterator&, bool) [0x16a984b] in libtorch_cuda.so
=========         Host Frame: at::native::copy_impl(at::Tensor&, at::Tensor const&, bool) [clone .isra.0] [0x1a2f8a2] in libtorch_cpu.so
=========         Host Frame: at::native::copy_(at::Tensor&, at::Tensor const&, bool) [0x1a31186] in libtorch_cpu.so
=========         Host Frame: at::_ops::copy_::call(at::Tensor&, at::Tensor const&, bool) [0x26e73d6] in libtorch_cpu.so
=========         Host Frame: at::native::_to_copy(at::Tensor const&, std::optional<c10::ScalarType>, std::optional<c10::Layout>, std::optional<c10::Device>, std::optional<bool>, bool, std::optional<c10::MemoryFormat>) [0x1d12ab2] in libtorch_cpu.so
=========         Host Frame: c10::impl::wrap_kernel_functor_unboxed_<c10::impl::detail::WrapFunctionIntoFunctor_<c10::CompileTimeFunctionPointer<at::Tensor (at::Tensor const&, std::optional<c10::ScalarType>, std::optional<c10::Layout>, std::optional<c10::Device>, std::optional<bool>, bool, std::optional<c10::MemoryFormat>), &at::(anonymous namespace)::(anonymous namespace)::wrapper_CompositeExplicitAutograd___to_copy>, at::Tensor, c10::guts::typelist::typelist<at::Tensor const&, std::optional<c10::ScalarType>, std::optional<c10::Layout>, std::optional<c10::Device>, std::optional<bool>, bool, std::optional<c10::MemoryFormat> > >, at::Tensor (at::Tensor const&, std::optional<c10::ScalarType>, std::optional<c10::Layout>, std::optional<c10::Device>, std::optional<bool>, bool, std::optional<c10::MemoryFormat>)>::call(c10::OperatorKernel*, c10::DispatchKeySet, at::Tensor const&, std::optional<c10::ScalarType>, std::optional<c10::Layout>, std::optional<c10::Device>, std::optional<bool>, bool, std::optional<c10::MemoryFormat>) [0x2aed68b] in libtorch_cpu.so
=========         Host Frame: at::_ops::_to_copy::redispatch(c10::DispatchKeySet, at::Tensor const&, std::optional<c10::ScalarType>, std::optional<c10::Layout>, std::optional<c10::Device>, std::optional<bool>, bool, std::optional<c10::MemoryFormat>) [0x21c34d1] in libtorch_cpu.so
=========         Host Frame: c10::impl::wrap_kernel_functor_unboxed_<c10::impl::detail::WrapFunctionIntoFunctor_<c10::CompileTimeFunctionPointer<at::Tensor (at::Tensor const&, std::optional<c10::ScalarType>, std::optional<c10::Layout>, std::optional<c10::Device>, std::optional<bool>, bool, std::optional<c10::MemoryFormat>), &at::(anonymous namespace)::_to_copy>, at::Tensor, c10::guts::typelist::typelist<at::Tensor const&, std::optional<c10::ScalarType>, std::optional<c10::Layout>, std::optional<c10::Device>, std::optional<bool>, bool, std::optional<c10::MemoryFormat> > >, at::Tensor (at::Tensor const&, std::optional<c10::ScalarType>, std::optional<c10::Layout>, std::optional<c10::Device>, std::optional<bool>, bool, std::optional<c10::MemoryFormat>)>::call(c10::OperatorKernel*, c10::DispatchKeySet, at::Tensor const&, std::optional<c10::ScalarType>, std::optional<c10::Layout>, std::optional<c10::Device>, std::optional<bool>, bool, std::optional<c10::MemoryFormat>) [0x28ba68a] in libtorch_cpu.so
=========         Host Frame: at::_ops::_to_copy::redispatch(c10::DispatchKeySet, at::Tensor const&, std::optional<c10::ScalarType>, std::optional<c10::Layout>, std::optional<c10::Device>, std::optional<bool>, bool, std::optional<c10::MemoryFormat>) [0x21c34d1] in libtorch_cpu.so
=========         Host Frame: torch::autograd::VariableType::(anonymous namespace)::_to_copy(c10::DispatchKeySet, at::Tensor const&, std::optional<c10::ScalarType>, std::optional<c10::Layout>, std::optional<c10::Device>, std::optional<bool>, bool, std::optional<c10::MemoryFormat>) [0x49975db] in libtorch_cpu.so
=========         Host Frame: c10::impl::wrap_kernel_functor_unboxed_<c10::impl::detail::WrapFunctionIntoFunctor_<c10::CompileTimeFunctionPointer<at::Tensor (c10::DispatchKeySet, at::Tensor const&, std::optional<c10::ScalarType>, std::optional<c10::Layout>, std::optional<c10::Device>, std::optional<bool>, bool, std::optional<c10::MemoryFormat>), &torch::autograd::VariableType::(anonymous namespace)::_to_copy>, at::Tensor, c10::guts::typelist::typelist<c10::DispatchKeySet, at::Tensor const&, std::optional<c10::ScalarType>, std::optional<c10::Layout>, std::optional<c10::Device>, std::optional<bool>, bool, std::optional<c10::MemoryFormat> > >, at::Tensor (c10::DispatchKeySet, at::Tensor const&, std::optional<c10::ScalarType>, std::optional<c10::Layout>, std::optional<c10::Device>, std::optional<bool>, bool, std::optional<c10::MemoryFormat>)>::call(c10::OperatorKernel*, c10::DispatchKeySet, at::Tensor const&, std::optional<c10::ScalarType>, std::optional<c10::Layout>, std::optional<c10::Device>, std::optional<bool>, bool, std::optional<c10::MemoryFormat>) [0x4997a3e] in libtorch_cpu.so
=========         Host Frame: at::_ops::_to_copy::call(at::Tensor const&, std::optional<c10::ScalarType>, std::optional<c10::Layout>, std::optional<c10::Device>, std::optional<bool>, bool, std::optional<c10::MemoryFormat>) [0x2264f7c] in libtorch_cpu.so
=========         Host Frame: at::native::to(at::Tensor const&, std::optional<c10::ScalarType>, std::optional<c10::Layout>, std::optional<c10::Device>, std::optional<bool>, bool, bool, std::optional<c10::MemoryFormat>) [0x1d104fd] in libtorch_cpu.so
=========         Host Frame: c10::impl::wrap_kernel_functor_unboxed_<c10::impl::detail::WrapFunctionIntoFunctor_<c10::CompileTimeFunctionPointer<at::Tensor (at::Tensor const&, std::optional<c10::ScalarType>, std::optional<c10::Layout>, std::optional<c10::Device>, std::optional<bool>, bool, bool, std::optional<c10::MemoryFormat>), &at::(anonymous namespace)::(anonymous namespace)::wrapper_CompositeImplicitAutograd_dtype_layout_to>, at::Tensor, c10::guts::typelist::typelist<at::Tensor const&, std::optional<c10::ScalarType>, std::optional<c10::Layout>, std::optional<c10::Device>, std::optional<bool>, bool, bool, std::optional<c10::MemoryFormat> > >, at::Tensor (at::Tensor const&, std::optional<c10::ScalarType>, std::optional<c10::Layout>, std::optional<c10::Device>, std::optional<bool>, bool, bool, std::optional<c10::MemoryFormat>)>::call(c10::OperatorKernel*, c10::DispatchKeySet, at::Tensor const&, std::optional<c10::ScalarType>, std::optional<c10::Layout>, std::optional<c10::Device>, std::optional<bool>, bool, bool, std::optional<c10::MemoryFormat>) [0x2be4c41] in libtorch_cpu.so
=========         Host Frame: at::_ops::to_dtype_layout::call(at::Tensor const&, std::optional<c10::ScalarType>, std::optional<c10::Layout>, std::optional<c10::Device>, std::optional<bool>, bool, bool, std::optional<c10::MemoryFormat>) [0x23fbe16] in libtorch_cpu.so
=========         Host Frame: at::Tensor::to(c10::TensorOptions, bool, bool, std::optional<c10::MemoryFormat>) const [0x4354c8] in libtorch_python.so
=========         Host Frame: torch::autograd::dispatch_to(at::Tensor const&, c10::Device, bool, bool, std::optional<c10::MemoryFormat>) [0x3d7920] in libtorch_python.so
=========         Host Frame: torch::autograd::THPVariable_cpu(_object*, _object*, _object*) [0x3d7b1d] in libtorch_python.so
=========         Host Frame:  [0x151347] in python
=========         Host Frame: PyObject_Vectorcall [0x149934] in python
=========         Host Frame: _PyEval_EvalFrameDefault [0x1d6f08] in python
=========         Host Frame: PyEval_EvalCode [0x1d544a] in python
=========         Host Frame:  [0x2085a1] in python
=========         Host Frame:  [0x2b5032] in python
=========         Host Frame: _PyRun_SimpleFileObject [0x2b4d99] in python
=========         Host Frame: _PyRun_AnyFileObject [0x2b4bce] in python
=========         Host Frame: Py_RunMain [0x2bcc34] in python
=========         Host Frame: Py_BytesMain [0x2bc71c] in python
=========         Host Frame:  [0x2a1c9] in libc.so.6
=========         Host Frame: __libc_start_main [0x2a28a] in libc.so.6
=========         Host Frame: _start [0x257bc4] in python
=========         Host Frame: validate in compare_baselines.py:117
=========         Host Frame: main in study.py:94
========= 
========= Host API memory access error at host access to 0xb11c8c000 of size 264192 bytes
=========     Uninitialized access at 0xb11c8c400 on access by cudaMemcpy source
=========     Saved host backtrace up to driver entry point at error
=========         Host Frame:  [0x481c0] in libcudart.so.12
=========         Host Frame:  [0x17057] in libcudart.so.12
=========         Host Frame: cudaMemcpyAsync [0x768a0] in libcudart.so.12
=========         Host Frame: at::native::copy_kernel_cuda(at::TensorIterator&, bool) [0x16a984b] in libtorch_cuda.so
=========         Host Frame: at::native::copy_impl(at::Tensor&, at::Tensor const&, bool) [clone .isra.0] [0x1a2f8a2] in libtorch_cpu.so
=========         Host Frame: at::native::copy_(at::Tensor&, at::Tensor const&, bool) [0x1a31186] in libtorch_cpu.so
=========         Host Frame: at::_ops::copy_::call(at::Tensor&, at::Tensor const&, bool) [0x26e73d6] in libtorch_cpu.so
=========         Host Frame: at::native::_to_copy(at::Tensor const&, std::optional<c10::ScalarType>, std::optional<c10::Layout>, std::optional<c10::Device>, std::optional<bool>, bool, std::optional<c10::MemoryFormat>) [0x1d12ab2] in libtorch_cpu.so
=========         Host Frame: c10::impl::wrap_kernel_functor_unboxed_<c10::impl::detail::WrapFunctionIntoFunctor_<c10::CompileTimeFunctionPointer<at::Tensor (at::Tensor const&, std::optional<c10::ScalarType>, std::optional<c10::Layout>, std::optional<c10::Device>, std::optional<bool>, bool, std::optional<c10::MemoryFormat>), &at::(anonymous namespace)::(anonymous namespace)::wrapper_CompositeExplicitAutograd___to_copy>, at::Tensor, c10::guts::typelist::typelist<at::Tensor const&, std::optional<c10::ScalarType>, std::optional<c10::Layout>, std::optional<c10::Device>, std::optional<bool>, bool, std::optional<c10::MemoryFormat> > >, at::Tensor (at::Tensor const&, std::optional<c10::ScalarType>, std::optional<c10::Layout>, std::optional<c10::Device>, std::optional<bool>, bool, std::optional<c10::MemoryFormat>)>::call(c10::OperatorKernel*, c10::DispatchKeySet, at::Tensor const&, std::optional<c10::ScalarType>, std::optional<c10::Layout>, std::optional<c10::Device>, std::optional<bool>, bool, std::optional<c10::MemoryFormat>) [0x2aed68b] in libtorch_cpu.so
=========         Host Frame: at::_ops::_to_copy::redispatch(c10::DispatchKeySet, at::Tensor const&, std::optional<c10::ScalarType>, std::optional<c10::Layout>, std::optional<c10::Device>, std::optional<bool>, bool, std::optional<c10::MemoryFormat>) [0x21c34d1] in libtorch_cpu.so
=========         Host Frame: c10::impl::wrap_kernel_functor_unboxed_<c10::impl::detail::WrapFunctionIntoFunctor_<c10::CompileTimeFunctionPointer<at::Tensor (at::Tensor const&, std::optional<c10::ScalarType>, std::optional<c10::Layout>, std::optional<c10::Device>, std::optional<bool>, bool, std::optional<c10::MemoryFormat>), &at::(anonymous namespace)::_to_copy>, at::Tensor, c10::guts::typelist::typelist<at::Tensor const&, std::optional<c10::ScalarType>, std::optional<c10::Layout>, std::optional<c10::Device>, std::optional<bool>, bool, std::optional<c10::MemoryFormat> > >, at::Tensor (at::Tensor const&, std::optional<c10::ScalarType>, std::optional<c10::Layout>, std::optional<c10::Device>, std::optional<bool>, bool, std::optional<c10::MemoryFormat>)>::call(c10::OperatorKernel*, c10::DispatchKeySet, at::Tensor const&, std::optional<c10::ScalarType>, std::optional<c10::Layout>, std::optional<c10::Device>, std::optional<bool>, bool, std::optional<c10::MemoryFormat>) [0x28ba68a] in libtorch_cpu.so
=========         Host Frame: at::_ops::_to_copy::redispatch(c10::DispatchKeySet, at::Tensor const&, std::optional<c10::ScalarType>, std::optional<c10::Layout>, std::optional<c10::Device>, std::optional<bool>, bool, std::optional<c10::MemoryFormat>) [0x21c34d1] in libtorch_cpu.so
=========         Host Frame: torch::autograd::VariableType::(anonymous namespace)::_to_copy(c10::DispatchKeySet, at::Tensor const&, std::optional<c10::ScalarType>, std::optional<c10::Layout>, std::optional<c10::Device>, std::optional<bool>, bool, std::optional<c10::MemoryFormat>) [0x49975db] in libtorch_cpu.so
=========         Host Frame: c10::impl::wrap_kernel_functor_unboxed_<c10::impl::detail::WrapFunctionIntoFunctor_<c10::CompileTimeFunctionPointer<at::Tensor (c10::DispatchKeySet, at::Tensor const&, std::optional<c10::ScalarType>, std::optional<c10::Layout>, std::optional<c10::Device>, std::optional<bool>, bool, std::optional<c10::MemoryFormat>), &torch::autograd::VariableType::(anonymous namespace)::_to_copy>, at::Tensor, c10::guts::typelist::typelist<c10::DispatchKeySet, at::Tensor const&, std::optional<c10::ScalarType>, std::optional<c10::Layout>, std::optional<c10::Device>, std::optional<bool>, bool, std::optional<c10::MemoryFormat> > >, at::Tensor (c10::DispatchKeySet, at::Tensor const&, std::optional<c10::ScalarType>, std::optional<c10::Layout>, std::optional<c10::Device>, std::optional<bool>, bool, std::optional<c10::MemoryFormat>)>::call(c10::OperatorKernel*, c10::DispatchKeySet, at::Tensor const&, std::optional<c10::ScalarType>, std::optional<c10::Layout>, std::optional<c10::Device>, std::optional<bool>, bool, std::optional<c10::MemoryFormat>) [0x4997a3e] in libtorch_cpu.so
=========         Host Frame: at::_ops::_to_copy::call(at::Tensor const&, std::optional<c10::ScalarType>, std::optional<c10::Layout>, std::optional<c10::Device>, std::optional<bool>, bool, std::optional<c10::MemoryFormat>) [0x2264f7c] in libtorch_cpu.so
=========         Host Frame: at::native::to(at::Tensor const&, std::optional<c10::ScalarType>, std::optional<c10::Layout>, std::optional<c10::Device>, std::optional<bool>, bool, bool, std::optional<c10::MemoryFormat>) [0x1d104fd] in libtorch_cpu.so
=========         Host Frame: c10::impl::wrap_kernel_functor_unboxed_<c10::impl::detail::WrapFunctionIntoFunctor_<c10::CompileTimeFunctionPointer<at::Tensor (at::Tensor const&, std::optional<c10::ScalarType>, std::optional<c10::Layout>, std::optional<c10::Device>, std::optional<bool>, bool, bool, std::optional<c10::MemoryFormat>), &at::(anonymous namespace)::(anonymous namespace)::wrapper_CompositeImplicitAutograd_dtype_layout_to>, at::Tensor, c10::guts::typelist::typelist<at::Tensor const&, std::optional<c10::ScalarType>, std::optional<c10::Layout>, std::optional<c10::Device>, std::optional<bool>, bool, bool, std::optional<c10::MemoryFormat> > >, at::Tensor (at::Tensor const&, std::optional<c10::ScalarType>, std::optional<c10::Layout>, std::optional<c10::Device>, std::optional<bool>, bool, bool, std::optional<c10::MemoryFormat>)>::call(c10::OperatorKernel*, c10::DispatchKeySet, at::Tensor const&, std::optional<c10::ScalarType>, std::optional<c10::Layout>, std::optional<c10::Device>, std::optional<bool>, bool, bool, std::optional<c10::MemoryFormat>) [0x2be4c41] in libtorch_cpu.so
=========         Host Frame: at::_ops::to_dtype_layout::call(at::Tensor const&, std::optional<c10::ScalarType>, std::optional<c10::Layout>, std::optional<c10::Device>, std::optional<bool>, bool, bool, std::optional<c10::MemoryFormat>) [0x23fbe16] in libtorch_cpu.so
=========         Host Frame: at::Tensor::to(c10::TensorOptions, bool, bool, std::optional<c10::MemoryFormat>) const [0x4354c8] in libtorch_python.so
=========         Host Frame: torch::autograd::dispatch_to(at::Tensor const&, c10::Device, bool, bool, std::optional<c10::MemoryFormat>) [0x3d7920] in libtorch_python.so
=========         Host Frame: torch::autograd::THPVariable_cpu(_object*, _object*, _object*) [0x3d7b1d] in libtorch_python.so
=========         Host Frame:  [0x151347] in python
=========         Host Frame: PyObject_Vectorcall [0x149934] in python
=========         Host Frame: _PyEval_EvalFrameDefault [0x1d6f08] in python
=========         Host Frame: PyEval_EvalCode [0x1d544a] in python
=========         Host Frame:  [0x2085a1] in python
=========         Host Frame:  [0x2b5032] in python
=========         Host Frame: _PyRun_SimpleFileObject [0x2b4d99] in python
=========         Host Frame: _PyRun_AnyFileObject [0x2b4bce] in python
=========         Host Frame: Py_RunMain [0x2bcc34] in python
=========         Host Frame: Py_BytesMain [0x2bc71c] in python
=========         Host Frame:  [0x2a1c9] in libc.so.6
=========         Host Frame: __libc_start_main [0x2a28a] in libc.so.6
=========         Host Frame: _start [0x257bc4] in python
=========         Host Frame: validate in compare_baselines.py:117
=========         Host Frame: main in study.py:94
========= 
========= Host API memory access error at host access to 0xb11c8c000 of size 264192 bytes
=========     Uninitialized access at 0xb11c8c420 on access by cudaMemcpy source
=========     Saved host backtrace up to driver entry point at error
=========         Host Frame:  [0x481c0] in libcudart.so.12
=========         Host Frame:  [0x17057] in libcudart.so.12
=========         Host Frame: cudaMemcpyAsync [0x768a0] in libcudart.so.12
=========         Host Frame: at::native::copy_kernel_cuda(at::TensorIterator&, bool) [0x16a984b] in libtorch_cuda.so
=========         Host Frame: at::native::copy_impl(at::Tensor&, at::Tensor const&, bool) [clone .isra.0] [0x1a2f8a2] in libtorch_cpu.so
=========         Host Frame: at::native::copy_(at::Tensor&, at::Tensor const&, bool) [0x1a31186] in libtorch_cpu.so
=========         Host Frame: at::_ops::copy_::call(at::Tensor&, at::Tensor const&, bool) [0x26e73d6] in libtorch_cpu.so
=========         Host Frame: at::native::_to_copy(at::Tensor const&, std::optional<c10::ScalarType>, std::optional<c10::Layout>, std::optional<c10::Device>, std::optional<bool>, bool, std::optional<c10::MemoryFormat>) [0x1d12ab2] in libtorch_cpu.so
=========         Host Frame: c10::impl::wrap_kernel_functor_unboxed_<c10::impl::detail::WrapFunctionIntoFunctor_<c10::CompileTimeFunctionPointer<at::Tensor (at::Tensor const&, std::optional<c10::ScalarType>, std::optional<c10::Layout>, std::optional<c10::Device>, std::optional<bool>, bool, std::optional<c10::MemoryFormat>), &at::(anonymous namespace)::(anonymous namespace)::wrapper_CompositeExplicitAutograd___to_copy>, at::Tensor, c10::guts::typelist::typelist<at::Tensor const&, std::optional<c10::ScalarType>, std::optional<c10::Layout>, std::optional<c10::Device>, std::optional<bool>, bool, std::optional<c10::MemoryFormat> > >, at::Tensor (at::Tensor const&, std::optional<c10::ScalarType>, std::optional<c10::Layout>, std::optional<c10::Device>, std::optional<bool>, bool, std::optional<c10::MemoryFormat>)>::call(c10::OperatorKernel*, c10::DispatchKeySet, at::Tensor const&, std::optional<c10::ScalarType>, std::optional<c10::Layout>, std::optional<c10::Device>, std::optional<bool>, bool, std::optional<c10::MemoryFormat>) [0x2aed68b] in libtorch_cpu.so
=========         Host Frame: at::_ops::_to_copy::redispatch(c10::DispatchKeySet, at::Tensor const&, std::optional<c10::ScalarType>, std::optional<c10::Layout>, std::optional<c10::Device>, std::optional<bool>, bool, std::optional<c10::MemoryFormat>) [0x21c34d1] in libtorch_cpu.so
=========         Host Frame: c10::impl::wrap_kernel_functor_unboxed_<c10::impl::detail::WrapFunctionIntoFunctor_<c10::CompileTimeFunctionPointer<at::Tensor (at::Tensor const&, std::optional<c10::ScalarType>, std::optional<c10::Layout>, std::optional<c10::Device>, std::optional<bool>, bool, std::optional<c10::MemoryFormat>), &at::(anonymous namespace)::_to_copy>, at::Tensor, c10::guts::typelist::typelist<at::Tensor const&, std::optional<c10::ScalarType>, std::optional<c10::Layout>, std::optional<c10::Device>, std::optional<bool>, bool, std::optional<c10::MemoryFormat> > >, at::Tensor (at::Tensor const&, std::optional<c10::ScalarType>, std::optional<c10::Layout>, std::optional<c10::Device>, std::optional<bool>, bool, std::optional<c10::MemoryFormat>)>::call(c10::OperatorKernel*, c10::DispatchKeySet, at::Tensor const&, std::optional<c10::ScalarType>, std::optional<c10::Layout>, std::optional<c10::Device>, std::optional<bool>, bool, std::optional<c10::MemoryFormat>) [0x28ba68a] in libtorch_cpu.so
=========         Host Frame: at::_ops::_to_copy::redispatch(c10::DispatchKeySet, at::Tensor const&, std::optional<c10::ScalarType>, std::optional<c10::Layout>, std::optional<c10::Device>, std::optional<bool>, bool, std::optional<c10::MemoryFormat>) [0x21c34d1] in libtorch_cpu.so
=========         Host Frame: torch::autograd::VariableType::(anonymous namespace)::_to_copy(c10::DispatchKeySet, at::Tensor const&, std::optional<c10::ScalarType>, std::optional<c10::Layout>, std::optional<c10::Device>, std::optional<bool>, bool, std::optional<c10::MemoryFormat>) [0x49975db] in libtorch_cpu.so
=========         Host Frame: c10::impl::wrap_kernel_functor_unboxed_<c10::impl::detail::WrapFunctionIntoFunctor_<c10::CompileTimeFunctionPointer<at::Tensor (c10::DispatchKeySet, at::Tensor const&, std::optional<c10::ScalarType>, std::optional<c10::Layout>, std::optional<c10::Device>, std::optional<bool>, bool, std::optional<c10::MemoryFormat>), &torch::autograd::VariableType::(anonymous namespace)::_to_copy>, at::Tensor, c10::guts::typelist::typelist<c10::DispatchKeySet, at::Tensor const&, std::optional<c10::ScalarType>, std::optional<c10::Layout>, std::optional<c10::Device>, std::optional<bool>, bool, std::optional<c10::MemoryFormat> > >, at::Tensor (c10::DispatchKeySet, at::Tensor const&, std::optional<c10::ScalarType>, std::optional<c10::Layout>, std::optional<c10::Device>, std::optional<bool>, bool, std::optional<c10::MemoryFormat>)>::call(c10::OperatorKernel*, c10::DispatchKeySet, at::Tensor const&, std::optional<c10::ScalarType>, std::optional<c10::Layout>, std::optional<c10::Device>, std::optional<bool>, bool, std::optional<c10::MemoryFormat>) [0x4997a3e] in libtorch_cpu.so
=========         Host Frame: at::_ops::_to_copy::call(at::Tensor const&, std::optional<c10::ScalarType>, std::optional<c10::Layout>, std::optional<c10::Device>, std::optional<bool>, bool, std::optional<c10::MemoryFormat>) [0x2264f7c] in libtorch_cpu.so
=========         Host Frame: at::native::to(at::Tensor const&, std::optional<c10::ScalarType>, std::optional<c10::Layout>, std::optional<c10::Device>, std::optional<bool>, bool, bool, std::optional<c10::MemoryFormat>) [0x1d104fd] in libtorch_cpu.so
=========         Host Frame: c10::impl::wrap_kernel_functor_unboxed_<c10::impl::detail::WrapFunctionIntoFunctor_<c10::CompileTimeFunctionPointer<at::Tensor (at::Tensor const&, std::optional<c10::ScalarType>, std::optional<c10::Layout>, std::optional<c10::Device>, std::optional<bool>, bool, bool, std::optional<c10::MemoryFormat>), &at::(anonymous namespace)::(anonymous namespace)::wrapper_CompositeImplicitAutograd_dtype_layout_to>, at::Tensor, c10::guts::typelist::typelist<at::Tensor const&, std::optional<c10::ScalarType>, std::optional<c10::Layout>, std::optional<c10::Device>, std::optional<bool>, bool, bool, std::optional<c10::MemoryFormat> > >, at::Tensor (at::Tensor const&, std::optional<c10::ScalarType>, std::optional<c10::Layout>, std::optional<c10::Device>, std::optional<bool>, bool, bool, std::optional<c10::MemoryFormat>)>::call(c10::OperatorKernel*, c10::DispatchKeySet, at::Tensor const&, std::optional<c10::ScalarType>, std::optional<c10::Layout>, std::optional<c10::Device>, std::optional<bool>, bool, bool, std::optional<c10::MemoryFormat>) [0x2be4c41] in libtorch_cpu.so
=========         Host Frame: at::_ops::to_dtype_layout::call(at::Tensor const&, std::optional<c10::ScalarType>, std::optional<c10::Layout>, std::optional<c10::Device>, std::optional<bool>, bool, bool, std::optional<c10::MemoryFormat>) [0x23fbe16] in libtorch_cpu.so
=========         Host Frame: at::Tensor::to(c10::TensorOptions, bool, bool, std::optional<c10::MemoryFormat>) const [0x4354c8] in libtorch_python.so
=========         Host Frame: torch::autograd::dispatch_to(at::Tensor const&, c10::Device, bool, bool, std::optional<c10::MemoryFormat>) [0x3d7920] in libtorch_python.so
=========         Host Frame: torch::autograd::THPVariable_cpu(_object*, _object*, _object*) [0x3d7b1d] in libtorch_python.so
=========         Host Frame:  [0x151347] in python
=========         Host Frame: PyObject_Vectorcall [0x149934] in python
=========         Host Frame: _PyEval_EvalFrameDefault [0x1d6f08] in python
=========         Host Frame: PyEval_EvalCode [0x1d544a] in python
=========         Host Frame:  [0x2085a1] in python
=========         Host Frame:  [0x2b5032] in python
=========         Host Frame: _PyRun_SimpleFileObject [0x2b4d99] in python
=========         Host Frame: _PyRun_AnyFileObject [0x2b4bce] in python
=========         Host Frame: Py_RunMain [0x2bcc34] in python
=========         Host Frame: Py_BytesMain [0x2bc71c] in python
=========         Host Frame:  [0x2a1c9] in libc.so.6
=========         Host Frame: __libc_start_main [0x2a28a] in libc.so.6
=========         Host Frame: _start [0x257bc4] in python
=========         Host Frame: validate in compare_baselines.py:117
=========         Host Frame: main in study.py:94
========= 
========= Host API memory access error at host access to 0xb11c8c000 of size 264192 bytes
=========     Uninitialized access at 0xb11c8c440 on access by cudaMemcpy source
=========     Saved host backtrace up to driver entry point at error
=========         Host Frame:  [0x481c0] in libcudart.so.12
=========         Host Frame:  [0x17057] in libcudart.so.12
=========         Host Frame: cudaMemcpyAsync [0x768a0] in libcudart.so.12
=========         Host Frame: at::native::copy_kernel_cuda(at::TensorIterator&, bool) [0x16a984b] in libtorch_cuda.so
=========         Host Frame: at::native::copy_impl(at::Tensor&, at::Tensor const&, bool) [clone .isra.0] [0x1a2f8a2] in libtorch_cpu.so
=========         Host Frame: at::native::copy_(at::Tensor&, at::Tensor const&, bool) [0x1a31186] in libtorch_cpu.so
=========         Host Frame: at::_ops::copy_::call(at::Tensor&, at::Tensor const&, bool) [0x26e73d6] in libtorch_cpu.so
=========         Host Frame: at::native::_to_copy(at::Tensor const&, std::optional<c10::ScalarType>, std::optional<c10::Layout>, std::optional<c10::Device>, std::optional<bool>, bool, std::optional<c10::MemoryFormat>) [0x1d12ab2] in libtorch_cpu.so
=========         Host Frame: c10::impl::wrap_kernel_functor_unboxed_<c10::impl::detail::WrapFunctionIntoFunctor_<c10::CompileTimeFunctionPointer<at::Tensor (at::Tensor const&, std::optional<c10::ScalarType>, std::optional<c10::Layout>, std::optional<c10::Device>, std::optional<bool>, bool, std::optional<c10::MemoryFormat>), &at::(anonymous namespace)::(anonymous namespace)::wrapper_CompositeExplicitAutograd___to_copy>, at::Tensor, c10::guts::typelist::typelist<at::Tensor const&, std::optional<c10::ScalarType>, std::optional<c10::Layout>, std::optional<c10::Device>, std::optional<bool>, bool, std::optional<c10::MemoryFormat> > >, at::Tensor (at::Tensor const&, std::optional<c10::ScalarType>, std::optional<c10::Layout>, std::optional<c10::Device>, std::optional<bool>, bool, std::optional<c10::MemoryFormat>)>::call(c10::OperatorKernel*, c10::DispatchKeySet, at::Tensor const&, std::optional<c10::ScalarType>, std::optional<c10::Layout>, std::optional<c10::Device>, std::optional<bool>, bool, std::optional<c10::MemoryFormat>) [0x2aed68b] in libtorch_cpu.so
=========         Host Frame: at::_ops::_to_copy::redispatch(c10::DispatchKeySet, at::Tensor const&, std::optional<c10::ScalarType>, std::optional<c10::Layout>, std::optional<c10::Device>, std::optional<bool>, bool, std::optional<c10::MemoryFormat>) [0x21c34d1] in libtorch_cpu.so
=========         Host Frame: c10::impl::wrap_kernel_functor_unboxed_<c10::impl::detail::WrapFunctionIntoFunctor_<c10::CompileTimeFunctionPointer<at::Tensor (at::Tensor const&, std::optional<c10::ScalarType>, std::optional<c10::Layout>, std::optional<c10::Device>, std::optional<bool>, bool, std::optional<c10::MemoryFormat>), &at::(anonymous namespace)::_to_copy>, at::Tensor, c10::guts::typelist::typelist<at::Tensor const&, std::optional<c10::ScalarType>, std::optional<c10::Layout>, std::optional<c10::Device>, std::optional<bool>, bool, std::optional<c10::MemoryFormat> > >, at::Tensor (at::Tensor const&, std::optional<c10::ScalarType>, std::optional<c10::Layout>, std::optional<c10::Device>, std::optional<bool>, bool, std::optional<c10::MemoryFormat>)>::call(c10::OperatorKernel*, c10::DispatchKeySet, at::Tensor const&, std::optional<c10::ScalarType>, std::optional<c10::Layout>, std::optional<c10::Device>, std::optional<bool>, bool, std::optional<c10::MemoryFormat>) [0x28ba68a] in libtorch_cpu.so
=========         Host Frame: at::_ops::_to_copy::redispatch(c10::DispatchKeySet, at::Tensor const&, std::optional<c10::ScalarType>, std::optional<c10::Layout>, std::optional<c10::Device>, std::optional<bool>, bool, std::optional<c10::MemoryFormat>) [0x21c34d1] in libtorch_cpu.so
=========         Host Frame: torch::autograd::VariableType::(anonymous namespace)::_to_copy(c10::DispatchKeySet, at::Tensor const&, std::optional<c10::ScalarType>, std::optional<c10::Layout>, std::optional<c10::Device>, std::optional<bool>, bool, std::optional<c10::MemoryFormat>) [0x49975db] in libtorch_cpu.so
=========         Host Frame: c10::impl::wrap_kernel_functor_unboxed_<c10::impl::detail::WrapFunctionIntoFunctor_<c10::CompileTimeFunctionPointer<at::Tensor (c10::DispatchKeySet, at::Tensor const&, std::optional<c10::ScalarType>, std::optional<c10::Layout>, std::optional<c10::Device>, std::optional<bool>, bool, std::optional<c10::MemoryFormat>), &torch::autograd::VariableType::(anonymous namespace)::_to_copy>, at::Tensor, c10::guts::typelist::typelist<c10::DispatchKeySet, at::Tensor const&, std::optional<c10::ScalarType>, std::optional<c10::Layout>, std::optional<c10::Device>, std::optional<bool>, bool, std::optional<c10::MemoryFormat> > >, at::Tensor (c10::DispatchKeySet, at::Tensor const&, std::optional<c10::ScalarType>, std::optional<c10::Layout>, std::optional<c10::Device>, std::optional<bool>, bool, std::optional<c10::MemoryFormat>)>::call(c10::OperatorKernel*, c10::DispatchKeySet, at::Tensor const&, std::optional<c10::ScalarType>, std::optional<c10::Layout>, std::optional<c10::Device>, std::optional<bool>, bool, std::optional<c10::MemoryFormat>) [0x4997a3e] in libtorch_cpu.so
=========         Host Frame: at::_ops::_to_copy::call(at::Tensor const&, std::optional<c10::ScalarType>, std::optional<c10::Layout>, std::optional<c10::Device>, std::optional<bool>, bool, std::optional<c10::MemoryFormat>) [0x2264f7c] in libtorch_cpu.so
=========         Host Frame: at::native::to(at::Tensor const&, std::optional<c10::ScalarType>, std::optional<c10::Layout>, std::optional<c10::Device>, std::optional<bool>, bool, bool, std::optional<c10::MemoryFormat>) [0x1d104fd] in libtorch_cpu.so
=========         Host Frame: c10::impl::wrap_kernel_functor_unboxed_<c10::impl::detail::WrapFunctionIntoFunctor_<c10::CompileTimeFunctionPointer<at::Tensor (at::Tensor const&, std::optional<c10::ScalarType>, std::optional<c10::Layout>, std::optional<c10::Device>, std::optional<bool>, bool, bool, std::optional<c10::MemoryFormat>), &at::(anonymous namespace)::(anonymous namespace)::wrapper_CompositeImplicitAutograd_dtype_layout_to>, at::Tensor, c10::guts::typelist::typelist<at::Tensor const&, std::optional<c10::ScalarType>, std::optional<c10::Layout>, std::optional<c10::Device>, std::optional<bool>, bool, bool, std::optional<c10::MemoryFormat> > >, at::Tensor (at::Tensor const&, std::optional<c10::ScalarType>, std::optional<c10::Layout>, std::optional<c10::Device>, std::optional<bool>, bool, bool, std::optional<c10::MemoryFormat>)>::call(c10::OperatorKernel*, c10::DispatchKeySet, at::Tensor const&, std::optional<c10::ScalarType>, std::optional<c10::Layout>, std::optional<c10::Device>, std::optional<bool>, bool, bool, std::optional<c10::MemoryFormat>) [0x2be4c41] in libtorch_cpu.so
=========         Host Frame: at::_ops::to_dtype_layout::call(at::Tensor const&, std::optional<c10::ScalarType>, std::optional<c10::Layout>, std::optional<c10::Device>, std::optional<bool>, bool, bool, std::optional<c10::MemoryFormat>) [0x23fbe16] in libtorch_cpu.so
=========         Host Frame: at::Tensor::to(c10::TensorOptions, bool, bool, std::optional<c10::MemoryFormat>) const [0x4354c8] in libtorch_python.so
=========         Host Frame: torch::autograd::dispatch_to(at::Tensor const&, c10::Device, bool, bool, std::optional<c10::MemoryFormat>) [0x3d7920] in libtorch_python.so
=========         Host Frame: torch::autograd::THPVariable_cpu(_object*, _object*, _object*) [0x3d7b1d] in libtorch_python.so
=========         Host Frame:  [0x151347] in python
=========         Host Frame: PyObject_Vectorcall [0x149934] in python
=========         Host Frame: _PyEval_EvalFrameDefault [0x1d6f08] in python
=========         Host Frame: PyEval_EvalCode [0x1d544a] in python
=========         Host Frame:  [0x2085a1] in python
=========         Host Frame:  [0x2b5032] in python
=========         Host Frame: _PyRun_SimpleFileObject [0x2b4d99] in python
=========         Host Frame: _PyRun_AnyFileObject [0x2b4bce] in python
=========         Host Frame: Py_RunMain [0x2bcc34] in python
=========         Host Frame: Py_BytesMain [0x2bc71c] in python
=========         Host Frame:  [0x2a1c9] in libc.so.6
=========         Host Frame: __libc_start_main [0x2a28a] in libc.so.6
=========         Host Frame: _start [0x257bc4] in python
=========         Host Frame: validate in compare_baselines.py:117
=========         Host Frame: main in study.py:94
========= 
========= Host API memory access error at host access to 0xb11c8c000 of size 264192 bytes
=========     Uninitialized access at 0xb11c8c460 on access by cudaMemcpy source
=========     Saved host backtrace up to driver entry point at error
=========         Host Frame:  [0x481c0] in libcudart.so.12
=========         Host Frame:  [0x17057] in libcudart.so.12
=========         Host Frame: cudaMemcpyAsync [0x768a0] in libcudart.so.12
=========         Host Frame: at::native::copy_kernel_cuda(at::TensorIterator&, bool) [0x16a984b] in libtorch_cuda.so
=========         Host Frame: at::native::copy_impl(at::Tensor&, at::Tensor const&, bool) [clone .isra.0] [0x1a2f8a2] in libtorch_cpu.so
=========         Host Frame: at::native::copy_(at::Tensor&, at::Tensor const&, bool) [0x1a31186] in libtorch_cpu.so
=========         Host Frame: at::_ops::copy_::call(at::Tensor&, at::Tensor const&, bool) [0x26e73d6] in libtorch_cpu.so
=========         Host Frame: at::native::_to_copy(at::Tensor const&, std::optional<c10::ScalarType>, std::optional<c10::Layout>, std::optional<c10::Device>, std::optional<bool>, bool, std::optional<c10::MemoryFormat>) [0x1d12ab2] in libtorch_cpu.so
=========         Host Frame: c10::impl::wrap_kernel_functor_unboxed_<c10::impl::detail::WrapFunctionIntoFunctor_<c10::CompileTimeFunctionPointer<at::Tensor (at::Tensor const&, std::optional<c10::ScalarType>, std::optional<c10::Layout>, std::optional<c10::Device>, std::optional<bool>, bool, std::optional<c10::MemoryFormat>), &at::(anonymous namespace)::(anonymous namespace)::wrapper_CompositeExplicitAutograd___to_copy>, at::Tensor, c10::guts::typelist::typelist<at::Tensor const&, std::optional<c10::ScalarType>, std::optional<c10::Layout>, std::optional<c10::Device>, std::optional<bool>, bool, std::optional<c10::MemoryFormat> > >, at::Tensor (at::Tensor const&, std::optional<c10::ScalarType>, std::optional<c10::Layout>, std::optional<c10::Device>, std::optional<bool>, bool, std::optional<c10::MemoryFormat>)>::call(c10::OperatorKernel*, c10::DispatchKeySet, at::Tensor const&, std::optional<c10::ScalarType>, std::optional<c10::Layout>, std::optional<c10::Device>, std::optional<bool>, bool, std::optional<c10::MemoryFormat>) [0x2aed68b] in libtorch_cpu.so
=========         Host Frame: at::_ops::_to_copy::redispatch(c10::DispatchKeySet, at::Tensor const&, std::optional<c10::ScalarType>, std::optional<c10::Layout>, std::optional<c10::Device>, std::optional<bool>, bool, std::optional<c10::MemoryFormat>) [0x21c34d1] in libtorch_cpu.so
=========         Host Frame: c10::impl::wrap_kernel_functor_unboxed_<c10::impl::detail::WrapFunctionIntoFunctor_<c10::CompileTimeFunctionPointer<at::Tensor (at::Tensor const&, std::optional<c10::ScalarType>, std::optional<c10::Layout>, std::optional<c10::Device>, std::optional<bool>, bool, std::optional<c10::MemoryFormat>), &at::(anonymous namespace)::_to_copy>, at::Tensor, c10::guts::typelist::typelist<at::Tensor const&, std::optional<c10::ScalarType>, std::optional<c10::Layout>, std::optional<c10::Device>, std::optional<bool>, bool, std::optional<c10::MemoryFormat> > >, at::Tensor (at::Tensor const&, std::optional<c10::ScalarType>, std::optional<c10::Layout>, std::optional<c10::Device>, std::optional<bool>, bool, std::optional<c10::MemoryFormat>)>::call(c10::OperatorKernel*, c10::DispatchKeySet, at::Tensor const&, std::optional<c10::ScalarType>, std::optional<c10::Layout>, std::optional<c10::Device>, std::optional<bool>, bool, std::optional<c10::MemoryFormat>) [0x28ba68a] in libtorch_cpu.so
=========         Host Frame: at::_ops::_to_copy::redispatch(c10::DispatchKeySet, at::Tensor const&, std::optional<c10::ScalarType>, std::optional<c10::Layout>, std::optional<c10::Device>, std::optional<bool>, bool, std::optional<c10::MemoryFormat>) [0x21c34d1] in libtorch_cpu.so
=========         Host Frame: torch::autograd::VariableType::(anonymous namespace)::_to_copy(c10::DispatchKeySet, at::Tensor const&, std::optional<c10::ScalarType>, std::optional<c10::Layout>, std::optional<c10::Device>, std::optional<bool>, bool, std::optional<c10::MemoryFormat>) [0x49975db] in libtorch_cpu.so
=========         Host Frame: c10::impl::wrap_kernel_functor_unboxed_<c10::impl::detail::WrapFunctionIntoFunctor_<c10::CompileTimeFunctionPointer<at::Tensor (c10::DispatchKeySet, at::Tensor const&, std::optional<c10::ScalarType>, std::optional<c10::Layout>, std::optional<c10::Device>, std::optional<bool>, bool, std::optional<c10::MemoryFormat>), &torch::autograd::VariableType::(anonymous namespace)::_to_copy>, at::Tensor, c10::guts::typelist::typelist<c10::DispatchKeySet, at::Tensor const&, std::optional<c10::ScalarType>, std::optional<c10::Layout>, std::optional<c10::Device>, std::optional<bool>, bool, std::optional<c10::MemoryFormat> > >, at::Tensor (c10::DispatchKeySet, at::Tensor const&, std::optional<c10::ScalarType>, std::optional<c10::Layout>, std::optional<c10::Device>, std::optional<bool>, bool, std::optional<c10::MemoryFormat>)>::call(c10::OperatorKernel*, c10::DispatchKeySet, at::Tensor const&, std::optional<c10::ScalarType>, std::optional<c10::Layout>, std::optional<c10::Device>, std::optional<bool>, bool, std::optional<c10::MemoryFormat>) [0x4997a3e] in libtorch_cpu.so
=========         Host Frame: at::_ops::_to_copy::call(at::Tensor const&, std::optional<c10::ScalarType>, std::optional<c10::Layout>, std::optional<c10::Device>, std::optional<bool>, bool, std::optional<c10::MemoryFormat>) [0x2264f7c] in libtorch_cpu.so
=========         Host Frame: at::native::to(at::Tensor const&, std::optional<c10::ScalarType>, std::optional<c10::Layout>, std::optional<c10::Device>, std::optional<bool>, bool, bool, std::optional<c10::MemoryFormat>) [0x1d104fd] in libtorch_cpu.so
=========         Host Frame: c10::impl::wrap_kernel_functor_unboxed_<c10::impl::detail::WrapFunctionIntoFunctor_<c10::CompileTimeFunctionPointer<at::Tensor (at::Tensor const&, std::optional<c10::ScalarType>, std::optional<c10::Layout>, std::optional<c10::Device>, std::optional<bool>, bool, bool, std::optional<c10::MemoryFormat>), &at::(anonymous namespace)::(anonymous namespace)::wrapper_CompositeImplicitAutograd_dtype_layout_to>, at::Tensor, c10::guts::typelist::typelist<at::Tensor const&, std::optional<c10::ScalarType>, std::optional<c10::Layout>, std::optional<c10::Device>, std::optional<bool>, bool, bool, std::optional<c10::MemoryFormat> > >, at::Tensor (at::Tensor const&, std::optional<c10::ScalarType>, std::optional<c10::Layout>, std::optional<c10::Device>, std::optional<bool>, bool, bool, std::optional<c10::MemoryFormat>)>::call(c10::OperatorKernel*, c10::DispatchKeySet, at::Tensor const&, std::optional<c10::ScalarType>, std::optional<c10::Layout>, std::optional<c10::Device>, std::optional<bool>, bool, bool, std::optional<c10::MemoryFormat>) [0x2be4c41] in libtorch_cpu.so
=========         Host Frame: at::_ops::to_dtype_layout::call(at::Tensor const&, std::optional<c10::ScalarType>, std::optional<c10::Layout>, std::optional<c10::Device>, std::optional<bool>, bool, bool, std::optional<c10::MemoryFormat>) [0x23fbe16] in libtorch_cpu.so
=========         Host Frame: at::Tensor::to(c10::TensorOptions, bool, bool, std::optional<c10::MemoryFormat>) const [0x4354c8] in libtorch_python.so
=========         Host Frame: torch::autograd::dispatch_to(at::Tensor const&, c10::Device, bool, bool, std::optional<c10::MemoryFormat>) [0x3d7920] in libtorch_python.so
=========         Host Frame: torch::autograd::THPVariable_cpu(_object*, _object*, _object*) [0x3d7b1d] in libtorch_python.so
=========         Host Frame:  [0x151347] in python
=========         Host Frame: PyObject_Vectorcall [0x149934] in python
=========         Host Frame: _PyEval_EvalFrameDefault [0x1d6f08] in python
=========         Host Frame: PyEval_EvalCode [0x1d544a] in python
=========         Host Frame:  [0x2085a1] in python
=========         Host Frame:  [0x2b5032] in python
=========         Host Frame: _PyRun_SimpleFileObject [0x2b4d99] in python
=========         Host Frame: _PyRun_AnyFileObject [0x2b4bce] in python
=========         Host Frame: Py_RunMain [0x2bcc34] in python
=========         Host Frame: Py_BytesMain [0x2bc71c] in python
=========         Host Frame:  [0x2a1c9] in libc.so.6
=========         Host Frame: __libc_start_main [0x2a28a] in libc.so.6
=========         Host Frame: _start [0x257bc4] in python
=========         Host Frame: validate in compare_baselines.py:117
=========         Host Frame: main in study.py:94
========= 
========= Host API memory access error at host access to 0xb11c8c000 of size 264192 bytes
=========     Uninitialized access at 0xb11c8c480 on access by cudaMemcpy source
=========     Saved host backtrace up to driver entry point at error
=========         Host Frame:  [0x481c0] in libcudart.so.12
=========         Host Frame:  [0x17057] in libcudart.so.12
=========         Host Frame: cudaMemcpyAsync [0x768a0] in libcudart.so.12
=========         Host Frame: at::native::copy_kernel_cuda(at::TensorIterator&, bool) [0x16a984b] in libtorch_cuda.so
=========         Host Frame: at::native::copy_impl(at::Tensor&, at::Tensor const&, bool) [clone .isra.0] [0x1a2f8a2] in libtorch_cpu.so
=========         Host Frame: at::native::copy_(at::Tensor&, at::Tensor const&, bool) [0x1a31186] in libtorch_cpu.so
=========         Host Frame: at::_ops::copy_::call(at::Tensor&, at::Tensor const&, bool) [0x26e73d6] in libtorch_cpu.so
=========         Host Frame: at::native::_to_copy(at::Tensor const&, std::optional<c10::ScalarType>, std::optional<c10::Layout>, std::optional<c10::Device>, std::optional<bool>, bool, std::optional<c10::MemoryFormat>) [0x1d12ab2] in libtorch_cpu.so
=========         Host Frame: c10::impl::wrap_kernel_functor_unboxed_<c10::impl::detail::WrapFunctionIntoFunctor_<c10::CompileTimeFunctionPointer<at::Tensor (at::Tensor const&, std::optional<c10::ScalarType>, std::optional<c10::Layout>, std::optional<c10::Device>, std::optional<bool>, bool, std::optional<c10::MemoryFormat>), &at::(anonymous namespace)::(anonymous namespace)::wrapper_CompositeExplicitAutograd___to_copy>, at::Tensor, c10::guts::typelist::typelist<at::Tensor const&, std::optional<c10::ScalarType>, std::optional<c10::Layout>, std::optional<c10::Device>, std::optional<bool>, bool, std::optional<c10::MemoryFormat> > >, at::Tensor (at::Tensor const&, std::optional<c10::ScalarType>, std::optional<c10::Layout>, std::optional<c10::Device>, std::optional<bool>, bool, std::optional<c10::MemoryFormat>)>::call(c10::OperatorKernel*, c10::DispatchKeySet, at::Tensor const&, std::optional<c10::ScalarType>, std::optional<c10::Layout>, std::optional<c10::Device>, std::optional<bool>, bool, std::optional<c10::MemoryFormat>) [0x2aed68b] in libtorch_cpu.so
=========         Host Frame: at::_ops::_to_copy::redispatch(c10::DispatchKeySet, at::Tensor const&, std::optional<c10::ScalarType>, std::optional<c10::Layout>, std::optional<c10::Device>, std::optional<bool>, bool, std::optional<c10::MemoryFormat>) [0x21c34d1] in libtorch_cpu.so
=========         Host Frame: c10::impl::wrap_kernel_functor_unboxed_<c10::impl::detail::WrapFunctionIntoFunctor_<c10::CompileTimeFunctionPointer<at::Tensor (at::Tensor const&, std::optional<c10::ScalarType>, std::optional<c10::Layout>, std::optional<c10::Device>, std::optional<bool>, bool, std::optional<c10::MemoryFormat>), &at::(anonymous namespace)::_to_copy>, at::Tensor, c10::guts::typelist::typelist<at::Tensor const&, std::optional<c10::ScalarType>, std::optional<c10::Layout>, std::optional<c10::Device>, std::optional<bool>, bool, std::optional<c10::MemoryFormat> > >, at::Tensor (at::Tensor const&, std::optional<c10::ScalarType>, std::optional<c10::Layout>, std::optional<c10::Device>, std::optional<bool>, bool, std::optional<c10::MemoryFormat>)>::call(c10::OperatorKernel*, c10::DispatchKeySet, at::Tensor const&, std::optional<c10::ScalarType>, std::optional<c10::Layout>, std::optional<c10::Device>, std::optional<bool>, bool, std::optional<c10::MemoryFormat>) [0x28ba68a] in libtorch_cpu.so
=========         Host Frame: at::_ops::_to_copy::redispatch(c10::DispatchKeySet, at::Tensor const&, std::optional<c10::ScalarType>, std::optional<c10::Layout>, std::optional<c10::Device>, std::optional<bool>, bool, std::optional<c10::MemoryFormat>) [0x21c34d1] in libtorch_cpu.so
=========         Host Frame: torch::autograd::VariableType::(anonymous namespace)::_to_copy(c10::DispatchKeySet, at::Tensor const&, std::optional<c10::ScalarType>, std::optional<c10::Layout>, std::optional<c10::Device>, std::optional<bool>, bool, std::optional<c10::MemoryFormat>) [0x49975db] in libtorch_cpu.so
=========         Host Frame: c10::impl::wrap_kernel_functor_unboxed_<c10::impl::detail::WrapFunctionIntoFunctor_<c10::CompileTimeFunctionPointer<at::Tensor (c10::DispatchKeySet, at::Tensor const&, std::optional<c10::ScalarType>, std::optional<c10::Layout>, std::optional<c10::Device>, std::optional<bool>, bool, std::optional<c10::MemoryFormat>), &torch::autograd::VariableType::(anonymous namespace)::_to_copy>, at::Tensor, c10::guts::typelist::typelist<c10::DispatchKeySet, at::Tensor const&, std::optional<c10::ScalarType>, std::optional<c10::Layout>, std::optional<c10::Device>, std::optional<bool>, bool, std::optional<c10::MemoryFormat> > >, at::Tensor (c10::DispatchKeySet, at::Tensor const&, std::optional<c10::ScalarType>, std::optional<c10::Layout>, std::optional<c10::Device>, std::optional<bool>, bool, std::optional<c10::MemoryFormat>)>::call(c10::OperatorKernel*, c10::DispatchKeySet, at::Tensor const&, std::optional<c10::ScalarType>, std::optional<c10::Layout>, std::optional<c10::Device>, std::optional<bool>, bool, std::optional<c10::MemoryFormat>) [0x4997a3e] in libtorch_cpu.so
=========         Host Frame: at::_ops::_to_copy::call(at::Tensor const&, std::optional<c10::ScalarType>, std::optional<c10::Layout>, std::optional<c10::Device>, std::optional<bool>, bool, std::optional<c10::MemoryFormat>) [0x2264f7c] in libtorch_cpu.so
=========         Host Frame: at::native::to(at::Tensor const&, std::optional<c10::ScalarType>, std::optional<c10::Layout>, std::optional<c10::Device>, std::optional<bool>, bool, bool, std::optional<c10::MemoryFormat>) [0x1d104fd] in libtorch_cpu.so
=========         Host Frame: c10::impl::wrap_kernel_functor_unboxed_<c10::impl::detail::WrapFunctionIntoFunctor_<c10::CompileTimeFunctionPointer<at::Tensor (at::Tensor const&, std::optional<c10::ScalarType>, std::optional<c10::Layout>, std::optional<c10::Device>, std::optional<bool>, bool, bool, std::optional<c10::MemoryFormat>), &at::(anonymous namespace)::(anonymous namespace)::wrapper_CompositeImplicitAutograd_dtype_layout_to>, at::Tensor, c10::guts::typelist::typelist<at::Tensor const&, std::optional<c10::ScalarType>, std::optional<c10::Layout>, std::optional<c10::Device>, std::optional<bool>, bool, bool, std::optional<c10::MemoryFormat> > >, at::Tensor (at::Tensor const&, std::optional<c10::ScalarType>, std::optional<c10::Layout>, std::optional<c10::Device>, std::optional<bool>, bool, bool, std::optional<c10::MemoryFormat>)>::call(c10::OperatorKernel*, c10::DispatchKeySet, at::Tensor const&, std::optional<c10::ScalarType>, std::optional<c10::Layout>, std::optional<c10::Device>, std::optional<bool>, bool, bool, std::optional<c10::MemoryFormat>) [0x2be4c41] in libtorch_cpu.so
=========         Host Frame: at::_ops::to_dtype_layout::call(at::Tensor const&, std::optional<c10::ScalarType>, std::optional<c10::Layout>, std::optional<c10::Device>, std::optional<bool>, bool, bool, std::optional<c10::MemoryFormat>) [0x23fbe16] in libtorch_cpu.so
=========         Host Frame: at::Tensor::to(c10::TensorOptions, bool, bool, std::optional<c10::MemoryFormat>) const [0x4354c8] in libtorch_python.so
=========         Host Frame: torch::autograd::dispatch_to(at::Tensor const&, c10::Device, bool, bool, std::optional<c10::MemoryFormat>) [0x3d7920] in libtorch_python.so
=========         Host Frame: torch::autograd::THPVariable_cpu(_object*, _object*, _object*) [0x3d7b1d] in libtorch_python.so
=========         Host Frame:  [0x151347] in python
=========         Host Frame: PyObject_Vectorcall [0x149934] in python
=========         Host Frame: _PyEval_EvalFrameDefault [0x1d6f08] in python
=========         Host Frame: PyEval_EvalCode [0x1d544a] in python
=========         Host Frame:  [0x2085a1] in python
=========         Host Frame:  [0x2b5032] in python
=========         Host Frame: _PyRun_SimpleFileObject [0x2b4d99] in python
=========         Host Frame: _PyRun_AnyFileObject [0x2b4bce] in python
=========         Host Frame: Py_RunMain [0x2bcc34] in python
=========         Host Frame: Py_BytesMain [0x2bc71c] in python
=========         Host Frame:  [0x2a1c9] in libc.so.6
=========         Host Frame: __libc_start_main [0x2a28a] in libc.so.6
=========         Host Frame: _start [0x257bc4] in python
=========         Host Frame: validate in compare_baselines.py:117
=========         Host Frame: main in study.py:94
========= 
========= Host API memory access error at host access to 0xb11c8c000 of size 264192 bytes
=========     Uninitialized access at 0xb11c8c4a0 on access by cudaMemcpy source
=========     Saved host backtrace up to driver entry point at error
=========         Host Frame:  [0x481c0] in libcudart.so.12
=========         Host Frame:  [0x17057] in libcudart.so.12
=========         Host Frame: cudaMemcpyAsync [0x768a0] in libcudart.so.12
=========         Host Frame: at::native::copy_kernel_cuda(at::TensorIterator&, bool) [0x16a984b] in libtorch_cuda.so
=========         Host Frame: at::native::copy_impl(at::Tensor&, at::Tensor const&, bool) [clone .isra.0] [0x1a2f8a2] in libtorch_cpu.so
=========         Host Frame: at::native::copy_(at::Tensor&, at::Tensor const&, bool) [0x1a31186] in libtorch_cpu.so
=========         Host Frame: at::_ops::copy_::call(at::Tensor&, at::Tensor const&, bool) [0x26e73d6] in libtorch_cpu.so
=========         Host Frame: at::native::_to_copy(at::Tensor const&, std::optional<c10::ScalarType>, std::optional<c10::Layout>, std::optional<c10::Device>, std::optional<bool>, bool, std::optional<c10::MemoryFormat>) [0x1d12ab2] in libtorch_cpu.so
=========         Host Frame: c10::impl::wrap_kernel_functor_unboxed_<c10::impl::detail::WrapFunctionIntoFunctor_<c10::CompileTimeFunctionPointer<at::Tensor (at::Tensor const&, std::optional<c10::ScalarType>, std::optional<c10::Layout>, std::optional<c10::Device>, std::optional<bool>, bool, std::optional<c10::MemoryFormat>), &at::(anonymous namespace)::(anonymous namespace)::wrapper_CompositeExplicitAutograd___to_copy>, at::Tensor, c10::guts::typelist::typelist<at::Tensor const&, std::optional<c10::ScalarType>, std::optional<c10::Layout>, std::optional<c10::Device>, std::optional<bool>, bool, std::optional<c10::MemoryFormat> > >, at::Tensor (at::Tensor const&, std::optional<c10::ScalarType>, std::optional<c10::Layout>, std::optional<c10::Device>, std::optional<bool>, bool, std::optional<c10::MemoryFormat>)>::call(c10::OperatorKernel*, c10::DispatchKeySet, at::Tensor const&, std::optional<c10::ScalarType>, std::optional<c10::Layout>, std::optional<c10::Device>, std::optional<bool>, bool, std::optional<c10::MemoryFormat>) [0x2aed68b] in libtorch_cpu.so
=========         Host Frame: at::_ops::_to_copy::redispatch(c10::DispatchKeySet, at::Tensor const&, std::optional<c10::ScalarType>, std::optional<c10::Layout>, std::optional<c10::Device>, std::optional<bool>, bool, std::optional<c10::MemoryFormat>) [0x21c34d1] in libtorch_cpu.so
=========         Host Frame: c10::impl::wrap_kernel_functor_unboxed_<c10::impl::detail::WrapFunctionIntoFunctor_<c10::CompileTimeFunctionPointer<at::Tensor (at::Tensor const&, std::optional<c10::ScalarType>, std::optional<c10::Layout>, std::optional<c10::Device>, std::optional<bool>, bool, std::optional<c10::MemoryFormat>), &at::(anonymous namespace)::_to_copy>, at::Tensor, c10::guts::typelist::typelist<at::Tensor const&, std::optional<c10::ScalarType>, std::optional<c10::Layout>, std::optional<c10::Device>, std::optional<bool>, bool, std::optional<c10::MemoryFormat> > >, at::Tensor (at::Tensor const&, std::optional<c10::ScalarType>, std::optional<c10::Layout>, std::optional<c10::Device>, std::optional<bool>, bool, std::optional<c10::MemoryFormat>)>::call(c10::OperatorKernel*, c10::DispatchKeySet, at::Tensor const&, std::optional<c10::ScalarType>, std::optional<c10::Layout>, std::optional<c10::Device>, std::optional<bool>, bool, std::optional<c10::MemoryFormat>) [0x28ba68a] in libtorch_cpu.so
=========         Host Frame: at::_ops::_to_copy::redispatch(c10::DispatchKeySet, at::Tensor const&, std::optional<c10::ScalarType>, std::optional<c10::Layout>, std::optional<c10::Device>, std::optional<bool>, bool, std::optional<c10::MemoryFormat>) [0x21c34d1] in libtorch_cpu.so
=========         Host Frame: torch::autograd::VariableType::(anonymous namespace)::_to_copy(c10::DispatchKeySet, at::Tensor const&, std::optional<c10::ScalarType>, std::optional<c10::Layout>, std::optional<c10::Device>, std::optional<bool>, bool, std::optional<c10::MemoryFormat>) [0x49975db] in libtorch_cpu.so
=========         Host Frame: c10::impl::wrap_kernel_functor_unboxed_<c10::impl::detail::WrapFunctionIntoFunctor_<c10::CompileTimeFunctionPointer<at::Tensor (c10::DispatchKeySet, at::Tensor const&, std::optional<c10::ScalarType>, std::optional<c10::Layout>, std::optional<c10::Device>, std::optional<bool>, bool, std::optional<c10::MemoryFormat>), &torch::autograd::VariableType::(anonymous namespace)::_to_copy>, at::Tensor, c10::guts::typelist::typelist<c10::DispatchKeySet, at::Tensor const&, std::optional<c10::ScalarType>, std::optional<c10::Layout>, std::optional<c10::Device>, std::optional<bool>, bool, std::optional<c10::MemoryFormat> > >, at::Tensor (c10::DispatchKeySet, at::Tensor const&, std::optional<c10::ScalarType>, std::optional<c10::Layout>, std::optional<c10::Device>, std::optional<bool>, bool, std::optional<c10::MemoryFormat>)>::call(c10::OperatorKernel*, c10::DispatchKeySet, at::Tensor const&, std::optional<c10::ScalarType>, std::optional<c10::Layout>, std::optional<c10::Device>, std::optional<bool>, bool, std::optional<c10::MemoryFormat>) [0x4997a3e] in libtorch_cpu.so
=========         Host Frame: at::_ops::_to_copy::call(at::Tensor const&, std::optional<c10::ScalarType>, std::optional<c10::Layout>, std::optional<c10::Device>, std::optional<bool>, bool, std::optional<c10::MemoryFormat>) [0x2264f7c] in libtorch_cpu.so
=========         Host Frame: at::native::to(at::Tensor const&, std::optional<c10::ScalarType>, std::optional<c10::Layout>, std::optional<c10::Device>, std::optional<bool>, bool, bool, std::optional<c10::MemoryFormat>) [0x1d104fd] in libtorch_cpu.so
=========         Host Frame: c10::impl::wrap_kernel_functor_unboxed_<c10::impl::detail::WrapFunctionIntoFunctor_<c10::CompileTimeFunctionPointer<at::Tensor (at::Tensor const&, std::optional<c10::ScalarType>, std::optional<c10::Layout>, std::optional<c10::Device>, std::optional<bool>, bool, bool, std::optional<c10::MemoryFormat>), &at::(anonymous namespace)::(anonymous namespace)::wrapper_CompositeImplicitAutograd_dtype_layout_to>, at::Tensor, c10::guts::typelist::typelist<at::Tensor const&, std::optional<c10::ScalarType>, std::optional<c10::Layout>, std::optional<c10::Device>, std::optional<bool>, bool, bool, std::optional<c10::MemoryFormat> > >, at::Tensor (at::Tensor const&, std::optional<c10::ScalarType>, std::optional<c10::Layout>, std::optional<c10::Device>, std::optional<bool>, bool, bool, std::optional<c10::MemoryFormat>)>::call(c10::OperatorKernel*, c10::DispatchKeySet, at::Tensor const&, std::optional<c10::ScalarType>, std::optional<c10::Layout>, std::optional<c10::Device>, std::optional<bool>, bool, bool, std::optional<c10::MemoryFormat>) [0x2be4c41] in libtorch_cpu.so
=========         Host Frame: at::_ops::to_dtype_layout::call(at::Tensor const&, std::optional<c10::ScalarType>, std::optional<c10::Layout>, std::optional<c10::Device>, std::optional<bool>, bool, bool, std::optional<c10::MemoryFormat>) [0x23fbe16] in libtorch_cpu.so
=========         Host Frame: at::Tensor::to(c10::TensorOptions, bool, bool, std::optional<c10::MemoryFormat>) const [0x4354c8] in libtorch_python.so
=========         Host Frame: torch::autograd::dispatch_to(at::Tensor const&, c10::Device, bool, bool, std::optional<c10::MemoryFormat>) [0x3d7920] in libtorch_python.so
=========         Host Frame: torch::autograd::THPVariable_cpu(_object*, _object*, _object*) [0x3d7b1d] in libtorch_python.so
=========         Host Frame:  [0x151347] in python
=========         Host Frame: PyObject_Vectorcall [0x149934] in python
=========         Host Frame: _PyEval_EvalFrameDefault [0x1d6f08] in python
=========         Host Frame: PyEval_EvalCode [0x1d544a] in python
=========         Host Frame:  [0x2085a1] in python
=========         Host Frame:  [0x2b5032] in python
=========         Host Frame: _PyRun_SimpleFileObject [0x2b4d99] in python
=========         Host Frame: _PyRun_AnyFileObject [0x2b4bce] in python
=========         Host Frame: Py_RunMain [0x2bcc34] in python
=========         Host Frame: Py_BytesMain [0x2bc71c] in python
=========         Host Frame:  [0x2a1c9] in libc.so.6
=========         Host Frame: __libc_start_main [0x2a28a] in libc.so.6
=========         Host Frame: _start [0x257bc4] in python
=========         Host Frame: validate in compare_baselines.py:117
=========         Host Frame: main in study.py:94
========= 
========= Host API memory access error at host access to 0xb11c8c000 of size 264192 bytes
=========     Uninitialized access at 0xb11c8c4c0 on access by cudaMemcpy source
=========     Saved host backtrace up to driver entry point at error
=========         Host Frame:  [0x481c0] in libcudart.so.12
=========         Host Frame:  [0x17057] in libcudart.so.12
=========         Host Frame: cudaMemcpyAsync [0x768a0] in libcudart.so.12
=========         Host Frame: at::native::copy_kernel_cuda(at::TensorIterator&, bool) [0x16a984b] in libtorch_cuda.so
=========         Host Frame: at::native::copy_impl(at::Tensor&, at::Tensor const&, bool) [clone .isra.0] [0x1a2f8a2] in libtorch_cpu.so
=========         Host Frame: at::native::copy_(at::Tensor&, at::Tensor const&, bool) [0x1a31186] in libtorch_cpu.so
=========         Host Frame: at::_ops::copy_::call(at::Tensor&, at::Tensor const&, bool) [0x26e73d6] in libtorch_cpu.so
=========         Host Frame: at::native::_to_copy(at::Tensor const&, std::optional<c10::ScalarType>, std::optional<c10::Layout>, std::optional<c10::Device>, std::optional<bool>, bool, std::optional<c10::MemoryFormat>) [0x1d12ab2] in libtorch_cpu.so
=========         Host Frame: c10::impl::wrap_kernel_functor_unboxed_<c10::impl::detail::WrapFunctionIntoFunctor_<c10::CompileTimeFunctionPointer<at::Tensor (at::Tensor const&, std::optional<c10::ScalarType>, std::optional<c10::Layout>, std::optional<c10::Device>, std::optional<bool>, bool, std::optional<c10::MemoryFormat>), &at::(anonymous namespace)::(anonymous namespace)::wrapper_CompositeExplicitAutograd___to_copy>, at::Tensor, c10::guts::typelist::typelist<at::Tensor const&, std::optional<c10::ScalarType>, std::optional<c10::Layout>, std::optional<c10::Device>, std::optional<bool>, bool, std::optional<c10::MemoryFormat> > >, at::Tensor (at::Tensor const&, std::optional<c10::ScalarType>, std::optional<c10::Layout>, std::optional<c10::Device>, std::optional<bool>, bool, std::optional<c10::MemoryFormat>)>::call(c10::OperatorKernel*, c10::DispatchKeySet, at::Tensor const&, std::optional<c10::ScalarType>, std::optional<c10::Layout>, std::optional<c10::Device>, std::optional<bool>, bool, std::optional<c10::MemoryFormat>) [0x2aed68b] in libtorch_cpu.so
=========         Host Frame: at::_ops::_to_copy::redispatch(c10::DispatchKeySet, at::Tensor const&, std::optional<c10::ScalarType>, std::optional<c10::Layout>, std::optional<c10::Device>, std::optional<bool>, bool, std::optional<c10::MemoryFormat>) [0x21c34d1] in libtorch_cpu.so
=========         Host Frame: c10::impl::wrap_kernel_functor_unboxed_<c10::impl::detail::WrapFunctionIntoFunctor_<c10::CompileTimeFunctionPointer<at::Tensor (at::Tensor const&, std::optional<c10::ScalarType>, std::optional<c10::Layout>, std::optional<c10::Device>, std::optional<bool>, bool, std::optional<c10::MemoryFormat>), &at::(anonymous namespace)::_to_copy>, at::Tensor, c10::guts::typelist::typelist<at::Tensor const&, std::optional<c10::ScalarType>, std::optional<c10::Layout>, std::optional<c10::Device>, std::optional<bool>, bool, std::optional<c10::MemoryFormat> > >, at::Tensor (at::Tensor const&, std::optional<c10::ScalarType>, std::optional<c10::Layout>, std::optional<c10::Device>, std::optional<bool>, bool, std::optional<c10::MemoryFormat>)>::call(c10::OperatorKernel*, c10::DispatchKeySet, at::Tensor const&, std::optional<c10::ScalarType>, std::optional<c10::Layout>, std::optional<c10::Device>, std::optional<bool>, bool, std::optional<c10::MemoryFormat>) [0x28ba68a] in libtorch_cpu.so
=========         Host Frame: at::_ops::_to_copy::redispatch(c10::DispatchKeySet, at::Tensor const&, std::optional<c10::ScalarType>, std::optional<c10::Layout>, std::optional<c10::Device>, std::optional<bool>, bool, std::optional<c10::MemoryFormat>) [0x21c34d1] in libtorch_cpu.so
=========         Host Frame: torch::autograd::VariableType::(anonymous namespace)::_to_copy(c10::DispatchKeySet, at::Tensor const&, std::optional<c10::ScalarType>, std::optional<c10::Layout>, std::optional<c10::Device>, std::optional<bool>, bool, std::optional<c10::MemoryFormat>) [0x49975db] in libtorch_cpu.so
=========         Host Frame: c10::impl::wrap_kernel_functor_unboxed_<c10::impl::detail::WrapFunctionIntoFunctor_<c10::CompileTimeFunctionPointer<at::Tensor (c10::DispatchKeySet, at::Tensor const&, std::optional<c10::ScalarType>, std::optional<c10::Layout>, std::optional<c10::Device>, std::optional<bool>, bool, std::optional<c10::MemoryFormat>), &torch::autograd::VariableType::(anonymous namespace)::_to_copy>, at::Tensor, c10::guts::typelist::typelist<c10::DispatchKeySet, at::Tensor const&, std::optional<c10::ScalarType>, std::optional<c10::Layout>, std::optional<c10::Device>, std::optional<bool>, bool, std::optional<c10::MemoryFormat> > >, at::Tensor (c10::DispatchKeySet, at::Tensor const&, std::optional<c10::ScalarType>, std::optional<c10::Layout>, std::optional<c10::Device>, std::optional<bool>, bool, std::optional<c10::MemoryFormat>)>::call(c10::OperatorKernel*, c10::DispatchKeySet, at::Tensor const&, std::optional<c10::ScalarType>, std::optional<c10::Layout>, std::optional<c10::Device>, std::optional<bool>, bool, std::optional<c10::MemoryFormat>) [0x4997a3e] in libtorch_cpu.so
=========         Host Frame: at::_ops::_to_copy::call(at::Tensor const&, std::optional<c10::ScalarType>, std::optional<c10::Layout>, std::optional<c10::Device>, std::optional<bool>, bool, std::optional<c10::MemoryFormat>) [0x2264f7c] in libtorch_cpu.so
=========         Host Frame: at::native::to(at::Tensor const&, std::optional<c10::ScalarType>, std::optional<c10::Layout>, std::optional<c10::Device>, std::optional<bool>, bool, bool, std::optional<c10::MemoryFormat>) [0x1d104fd] in libtorch_cpu.so
=========         Host Frame: c10::impl::wrap_kernel_functor_unboxed_<c10::impl::detail::WrapFunctionIntoFunctor_<c10::CompileTimeFunctionPointer<at::Tensor (at::Tensor const&, std::optional<c10::ScalarType>, std::optional<c10::Layout>, std::optional<c10::Device>, std::optional<bool>, bool, bool, std::optional<c10::MemoryFormat>), &at::(anonymous namespace)::(anonymous namespace)::wrapper_CompositeImplicitAutograd_dtype_layout_to>, at::Tensor, c10::guts::typelist::typelist<at::Tensor const&, std::optional<c10::ScalarType>, std::optional<c10::Layout>, std::optional<c10::Device>, std::optional<bool>, bool, bool, std::optional<c10::MemoryFormat> > >, at::Tensor (at::Tensor const&, std::optional<c10::ScalarType>, std::optional<c10::Layout>, std::optional<c10::Device>, std::optional<bool>, bool, bool, std::optional<c10::MemoryFormat>)>::call(c10::OperatorKernel*, c10::DispatchKeySet, at::Tensor const&, std::optional<c10::ScalarType>, std::optional<c10::Layout>, std::optional<c10::Device>, std::optional<bool>, bool, bool, std::optional<c10::MemoryFormat>) [0x2be4c41] in libtorch_cpu.so
=========         Host Frame: at::_ops::to_dtype_layout::call(at::Tensor const&, std::optional<c10::ScalarType>, std::optional<c10::Layout>, std::optional<c10::Device>, std::optional<bool>, bool, bool, std::optional<c10::MemoryFormat>) [0x23fbe16] in libtorch_cpu.so
=========         Host Frame: at::Tensor::to(c10::TensorOptions, bool, bool, std::optional<c10::MemoryFormat>) const [0x4354c8] in libtorch_python.so
=========         Host Frame: torch::autograd::dispatch_to(at::Tensor const&, c10::Device, bool, bool, std::optional<c10::MemoryFormat>) [0x3d7920] in libtorch_python.so
=========         Host Frame: torch::autograd::THPVariable_cpu(_object*, _object*, _object*) [0x3d7b1d] in libtorch_python.so
=========         Host Frame:  [0x151347] in python
=========         Host Frame: PyObject_Vectorcall [0x149934] in python
=========         Host Frame: _PyEval_EvalFrameDefault [0x1d6f08] in python
=========         Host Frame: PyEval_EvalCode [0x1d544a] in python
=========         Host Frame:  [0x2085a1] in python
=========         Host Frame:  [0x2b5032] in python
=========         Host Frame: _PyRun_SimpleFileObject [0x2b4d99] in python
=========         Host Frame: _PyRun_AnyFileObject [0x2b4bce] in python
=========         Host Frame: Py_RunMain [0x2bcc34] in python
=========         Host Frame: Py_BytesMain [0x2bc71c] in python
=========         Host Frame:  [0x2a1c9] in libc.so.6
=========         Host Frame: __libc_start_main [0x2a28a] in libc.so.6
=========         Host Frame: _start [0x257bc4] in python
=========         Host Frame: validate in compare_baselines.py:117
=========         Host Frame: main in study.py:94
========= 
========= Host API memory access error at host access to 0xb11c8c000 of size 264192 bytes
=========     Uninitialized access at 0xb11c8c4e0 on access by cudaMemcpy source
=========     Saved host backtrace up to driver entry point at error
=========         Host Frame:  [0x481c0] in libcudart.so.12
=========         Host Frame:  [0x17057] in libcudart.so.12
=========         Host Frame: cudaMemcpyAsync [0x768a0] in libcudart.so.12
=========         Host Frame: at::native::copy_kernel_cuda(at::TensorIterator&, bool) [0x16a984b] in libtorch_cuda.so
=========         Host Frame: at::native::copy_impl(at::Tensor&, at::Tensor const&, bool) [clone .isra.0] [0x1a2f8a2] in libtorch_cpu.so
=========         Host Frame: at::native::copy_(at::Tensor&, at::Tensor const&, bool) [0x1a31186] in libtorch_cpu.so
=========         Host Frame: at::_ops::copy_::call(at::Tensor&, at::Tensor const&, bool) [0x26e73d6] in libtorch_cpu.so
=========         Host Frame: at::native::_to_copy(at::Tensor const&, std::optional<c10::ScalarType>, std::optional<c10::Layout>, std::optional<c10::Device>, std::optional<bool>, bool, std::optional<c10::MemoryFormat>) [0x1d12ab2] in libtorch_cpu.so
=========         Host Frame: c10::impl::wrap_kernel_functor_unboxed_<c10::impl::detail::WrapFunctionIntoFunctor_<c10::CompileTimeFunctionPointer<at::Tensor (at::Tensor const&, std::optional<c10::ScalarType>, std::optional<c10::Layout>, std::optional<c10::Device>, std::optional<bool>, bool, std::optional<c10::MemoryFormat>), &at::(anonymous namespace)::(anonymous namespace)::wrapper_CompositeExplicitAutograd___to_copy>, at::Tensor, c10::guts::typelist::typelist<at::Tensor const&, std::optional<c10::ScalarType>, std::optional<c10::Layout>, std::optional<c10::Device>, std::optional<bool>, bool, std::optional<c10::MemoryFormat> > >, at::Tensor (at::Tensor const&, std::optional<c10::ScalarType>, std::optional<c10::Layout>, std::optional<c10::Device>, std::optional<bool>, bool, std::optional<c10::MemoryFormat>)>::call(c10::OperatorKernel*, c10::DispatchKeySet, at::Tensor const&, std::optional<c10::ScalarType>, std::optional<c10::Layout>, std::optional<c10::Device>, std::optional<bool>, bool, std::optional<c10::MemoryFormat>) [0x2aed68b] in libtorch_cpu.so
=========         Host Frame: at::_ops::_to_copy::redispatch(c10::DispatchKeySet, at::Tensor const&, std::optional<c10::ScalarType>, std::optional<c10::Layout>, std::optional<c10::Device>, std::optional<bool>, bool, std::optional<c10::MemoryFormat>) [0x21c34d1] in libtorch_cpu.so
=========         Host Frame: c10::impl::wrap_kernel_functor_unboxed_<c10::impl::detail::WrapFunctionIntoFunctor_<c10::CompileTimeFunctionPointer<at::Tensor (at::Tensor const&, std::optional<c10::ScalarType>, std::optional<c10::Layout>, std::optional<c10::Device>, std::optional<bool>, bool, std::optional<c10::MemoryFormat>), &at::(anonymous namespace)::_to_copy>, at::Tensor, c10::guts::typelist::typelist<at::Tensor const&, std::optional<c10::ScalarType>, std::optional<c10::Layout>, std::optional<c10::Device>, std::optional<bool>, bool, std::optional<c10::MemoryFormat> > >, at::Tensor (at::Tensor const&, std::optional<c10::ScalarType>, std::optional<c10::Layout>, std::optional<c10::Device>, std::optional<bool>, bool, std::optional<c10::MemoryFormat>)>::call(c10::OperatorKernel*, c10::DispatchKeySet, at::Tensor const&, std::optional<c10::ScalarType>, std::optional<c10::Layout>, std::optional<c10::Device>, std::optional<bool>, bool, std::optional<c10::MemoryFormat>) [0x28ba68a] in libtorch_cpu.so
=========         Host Frame: at::_ops::_to_copy::redispatch(c10::DispatchKeySet, at::Tensor const&, std::optional<c10::ScalarType>, std::optional<c10::Layout>, std::optional<c10::Device>, std::optional<bool>, bool, std::optional<c10::MemoryFormat>) [0x21c34d1] in libtorch_cpu.so
=========         Host Frame: torch::autograd::VariableType::(anonymous namespace)::_to_copy(c10::DispatchKeySet, at::Tensor const&, std::optional<c10::ScalarType>, std::optional<c10::Layout>, std::optional<c10::Device>, std::optional<bool>, bool, std::optional<c10::MemoryFormat>) [0x49975db] in libtorch_cpu.so
=========         Host Frame: c10::impl::wrap_kernel_functor_unboxed_<c10::impl::detail::WrapFunctionIntoFunctor_<c10::CompileTimeFunctionPointer<at::Tensor (c10::DispatchKeySet, at::Tensor const&, std::optional<c10::ScalarType>, std::optional<c10::Layout>, std::optional<c10::Device>, std::optional<bool>, bool, std::optional<c10::MemoryFormat>), &torch::autograd::VariableType::(anonymous namespace)::_to_copy>, at::Tensor, c10::guts::typelist::typelist<c10::DispatchKeySet, at::Tensor const&, std::optional<c10::ScalarType>, std::optional<c10::Layout>, std::optional<c10::Device>, std::optional<bool>, bool, std::optional<c10::MemoryFormat> > >, at::Tensor (c10::DispatchKeySet, at::Tensor const&, std::optional<c10::ScalarType>, std::optional<c10::Layout>, std::optional<c10::Device>, std::optional<bool>, bool, std::optional<c10::MemoryFormat>)>::call(c10::OperatorKernel*, c10::DispatchKeySet, at::Tensor const&, std::optional<c10::ScalarType>, std::optional<c10::Layout>, std::optional<c10::Device>, std::optional<bool>, bool, std::optional<c10::MemoryFormat>) [0x4997a3e] in libtorch_cpu.so
=========         Host Frame: at::_ops::_to_copy::call(at::Tensor const&, std::optional<c10::ScalarType>, std::optional<c10::Layout>, std::optional<c10::Device>, std::optional<bool>, bool, std::optional<c10::MemoryFormat>) [0x2264f7c] in libtorch_cpu.so
=========         Host Frame: at::native::to(at::Tensor const&, std::optional<c10::ScalarType>, std::optional<c10::Layout>, std::optional<c10::Device>, std::optional<bool>, bool, bool, std::optional<c10::MemoryFormat>) [0x1d104fd] in libtorch_cpu.so
=========         Host Frame: c10::impl::wrap_kernel_functor_unboxed_<c10::impl::detail::WrapFunctionIntoFunctor_<c10::CompileTimeFunctionPointer<at::Tensor (at::Tensor const&, std::optional<c10::ScalarType>, std::optional<c10::Layout>, std::optional<c10::Device>, std::optional<bool>, bool, bool, std::optional<c10::MemoryFormat>), &at::(anonymous namespace)::(anonymous namespace)::wrapper_CompositeImplicitAutograd_dtype_layout_to>, at::Tensor, c10::guts::typelist::typelist<at::Tensor const&, std::optional<c10::ScalarType>, std::optional<c10::Layout>, std::optional<c10::Device>, std::optional<bool>, bool, bool, std::optional<c10::MemoryFormat> > >, at::Tensor (at::Tensor const&, std::optional<c10::ScalarType>, std::optional<c10::Layout>, std::optional<c10::Device>, std::optional<bool>, bool, bool, std::optional<c10::MemoryFormat>)>::call(c10::OperatorKernel*, c10::DispatchKeySet, at::Tensor const&, std::optional<c10::ScalarType>, std::optional<c10::Layout>, std::optional<c10::Device>, std::optional<bool>, bool, bool, std::optional<c10::MemoryFormat>) [0x2be4c41] in libtorch_cpu.so
=========         Host Frame: at::_ops::to_dtype_layout::call(at::Tensor const&, std::optional<c10::ScalarType>, std::optional<c10::Layout>, std::optional<c10::Device>, std::optional<bool>, bool, bool, std::optional<c10::MemoryFormat>) [0x23fbe16] in libtorch_cpu.so
=========         Host Frame: at::Tensor::to(c10::TensorOptions, bool, bool, std::optional<c10::MemoryFormat>) const [0x4354c8] in libtorch_python.so
=========         Host Frame: torch::autograd::dispatch_to(at::Tensor const&, c10::Device, bool, bool, std::optional<c10::MemoryFormat>) [0x3d7920] in libtorch_python.so
=========         Host Frame: torch::autograd::THPVariable_cpu(_object*, _object*, _object*) [0x3d7b1d] in libtorch_python.so
=========         Host Frame:  [0x151347] in python
=========         Host Frame: PyObject_Vectorcall [0x149934] in python
=========         Host Frame: _PyEval_EvalFrameDefault [0x1d6f08] in python
=========         Host Frame: PyEval_EvalCode [0x1d544a] in python
=========         Host Frame:  [0x2085a1] in python
=========         Host Frame:  [0x2b5032] in python
=========         Host Frame: _PyRun_SimpleFileObject [0x2b4d99] in python
=========         Host Frame: _PyRun_AnyFileObject [0x2b4bce] in python
=========         Host Frame: Py_RunMain [0x2bcc34] in python
=========         Host Frame: Py_BytesMain [0x2bc71c] in python
=========         Host Frame:  [0x2a1c9] in libc.so.6
=========         Host Frame: __libc_start_main [0x2a28a] in libc.so.6
=========         Host Frame: _start [0x257bc4] in python
=========         Host Frame: validate in compare_baselines.py:117
=========         Host Frame: main in study.py:94
========= 
========= Host API memory access error at host access to 0xb11c8c000 of size 264192 bytes
=========     Uninitialized access at 0xb11c8c500 on access by cudaMemcpy source
=========     Saved host backtrace up to driver entry point at error
=========         Host Frame:  [0x481c0] in libcudart.so.12
=========         Host Frame:  [0x17057] in libcudart.so.12
=========         Host Frame: cudaMemcpyAsync [0x768a0] in libcudart.so.12
=========         Host Frame: at::native::copy_kernel_cuda(at::TensorIterator&, bool) [0x16a984b] in libtorch_cuda.so
=========         Host Frame: at::native::copy_impl(at::Tensor&, at::Tensor const&, bool) [clone .isra.0] [0x1a2f8a2] in libtorch_cpu.so
=========         Host Frame: at::native::copy_(at::Tensor&, at::Tensor const&, bool) [0x1a31186] in libtorch_cpu.so
=========         Host Frame: at::_ops::copy_::call(at::Tensor&, at::Tensor const&, bool) [0x26e73d6] in libtorch_cpu.so
=========         Host Frame: at::native::_to_copy(at::Tensor const&, std::optional<c10::ScalarType>, std::optional<c10::Layout>, std::optional<c10::Device>, std::optional<bool>, bool, std::optional<c10::MemoryFormat>) [0x1d12ab2] in libtorch_cpu.so
=========         Host Frame: c10::impl::wrap_kernel_functor_unboxed_<c10::impl::detail::WrapFunctionIntoFunctor_<c10::CompileTimeFunctionPointer<at::Tensor (at::Tensor const&, std::optional<c10::ScalarType>, std::optional<c10::Layout>, std::optional<c10::Device>, std::optional<bool>, bool, std::optional<c10::MemoryFormat>), &at::(anonymous namespace)::(anonymous namespace)::wrapper_CompositeExplicitAutograd___to_copy>, at::Tensor, c10::guts::typelist::typelist<at::Tensor const&, std::optional<c10::ScalarType>, std::optional<c10::Layout>, std::optional<c10::Device>, std::optional<bool>, bool, std::optional<c10::MemoryFormat> > >, at::Tensor (at::Tensor const&, std::optional<c10::ScalarType>, std::optional<c10::Layout>, std::optional<c10::Device>, std::optional<bool>, bool, std::optional<c10::MemoryFormat>)>::call(c10::OperatorKernel*, c10::DispatchKeySet, at::Tensor const&, std::optional<c10::ScalarType>, std::optional<c10::Layout>, std::optional<c10::Device>, std::optional<bool>, bool, std::optional<c10::MemoryFormat>) [0x2aed68b] in libtorch_cpu.so
=========         Host Frame: at::_ops::_to_copy::redispatch(c10::DispatchKeySet, at::Tensor const&, std::optional<c10::ScalarType>, std::optional<c10::Layout>, std::optional<c10::Device>, std::optional<bool>, bool, std::optional<c10::MemoryFormat>) [0x21c34d1] in libtorch_cpu.so
=========         Host Frame: c10::impl::wrap_kernel_functor_unboxed_<c10::impl::detail::WrapFunctionIntoFunctor_<c10::CompileTimeFunctionPointer<at::Tensor (at::Tensor const&, std::optional<c10::ScalarType>, std::optional<c10::Layout>, std::optional<c10::Device>, std::optional<bool>, bool, std::optional<c10::MemoryFormat>), &at::(anonymous namespace)::_to_copy>, at::Tensor, c10::guts::typelist::typelist<at::Tensor const&, std::optional<c10::ScalarType>, std::optional<c10::Layout>, std::optional<c10::Device>, std::optional<bool>, bool, std::optional<c10::MemoryFormat> > >, at::Tensor (at::Tensor const&, std::optional<c10::ScalarType>, std::optional<c10::Layout>, std::optional<c10::Device>, std::optional<bool>, bool, std::optional<c10::MemoryFormat>)>::call(c10::OperatorKernel*, c10::DispatchKeySet, at::Tensor const&, std::optional<c10::ScalarType>, std::optional<c10::Layout>, std::optional<c10::Device>, std::optional<bool>, bool, std::optional<c10::MemoryFormat>) [0x28ba68a] in libtorch_cpu.so
=========         Host Frame: at::_ops::_to_copy::redispatch(c10::DispatchKeySet, at::Tensor const&, std::optional<c10::ScalarType>, std::optional<c10::Layout>, std::optional<c10::Device>, std::optional<bool>, bool, std::optional<c10::MemoryFormat>) [0x21c34d1] in libtorch_cpu.so
=========         Host Frame: torch::autograd::VariableType::(anonymous namespace)::_to_copy(c10::DispatchKeySet, at::Tensor const&, std::optional<c10::ScalarType>, std::optional<c10::Layout>, std::optional<c10::Device>, std::optional<bool>, bool, std::optional<c10::MemoryFormat>) [0x49975db] in libtorch_cpu.so
=========         Host Frame: c10::impl::wrap_kernel_functor_unboxed_<c10::impl::detail::WrapFunctionIntoFunctor_<c10::CompileTimeFunctionPointer<at::Tensor (c10::DispatchKeySet, at::Tensor const&, std::optional<c10::ScalarType>, std::optional<c10::Layout>, std::optional<c10::Device>, std::optional<bool>, bool, std::optional<c10::MemoryFormat>), &torch::autograd::VariableType::(anonymous namespace)::_to_copy>, at::Tensor, c10::guts::typelist::typelist<c10::DispatchKeySet, at::Tensor const&, std::optional<c10::ScalarType>, std::optional<c10::Layout>, std::optional<c10::Device>, std::optional<bool>, bool, std::optional<c10::MemoryFormat> > >, at::Tensor (c10::DispatchKeySet, at::Tensor const&, std::optional<c10::ScalarType>, std::optional<c10::Layout>, std::optional<c10::Device>, std::optional<bool>, bool, std::optional<c10::MemoryFormat>)>::call(c10::OperatorKernel*, c10::DispatchKeySet, at::Tensor const&, std::optional<c10::ScalarType>, std::optional<c10::Layout>, std::optional<c10::Device>, std::optional<bool>, bool, std::optional<c10::MemoryFormat>) [0x4997a3e] in libtorch_cpu.so
=========         Host Frame: at::_ops::_to_copy::call(at::Tensor const&, std::optional<c10::ScalarType>, std::optional<c10::Layout>, std::optional<c10::Device>, std::optional<bool>, bool, std::optional<c10::MemoryFormat>) [0x2264f7c] in libtorch_cpu.so
=========         Host Frame: at::native::to(at::Tensor const&, std::optional<c10::ScalarType>, std::optional<c10::Layout>, std::optional<c10::Device>, std::optional<bool>, bool, bool, std::optional<c10::MemoryFormat>) [0x1d104fd] in libtorch_cpu.so
=========         Host Frame: c10::impl::wrap_kernel_functor_unboxed_<c10::impl::detail::WrapFunctionIntoFunctor_<c10::CompileTimeFunctionPointer<at::Tensor (at::Tensor const&, std::optional<c10::ScalarType>, std::optional<c10::Layout>, std::optional<c10::Device>, std::optional<bool>, bool, bool, std::optional<c10::MemoryFormat>), &at::(anonymous namespace)::(anonymous namespace)::wrapper_CompositeImplicitAutograd_dtype_layout_to>, at::Tensor, c10::guts::typelist::typelist<at::Tensor const&, std::optional<c10::ScalarType>, std::optional<c10::Layout>, std::optional<c10::Device>, std::optional<bool>, bool, bool, std::optional<c10::MemoryFormat> > >, at::Tensor (at::Tensor const&, std::optional<c10::ScalarType>, std::optional<c10::Layout>, std::optional<c10::Device>, std::optional<bool>, bool, bool, std::optional<c10::MemoryFormat>)>::call(c10::OperatorKernel*, c10::DispatchKeySet, at::Tensor const&, std::optional<c10::ScalarType>, std::optional<c10::Layout>, std::optional<c10::Device>, std::optional<bool>, bool, bool, std::optional<c10::MemoryFormat>) [0x2be4c41] in libtorch_cpu.so
=========         Host Frame: at::_ops::to_dtype_layout::call(at::Tensor const&, std::optional<c10::ScalarType>, std::optional<c10::Layout>, std::optional<c10::Device>, std::optional<bool>, bool, bool, std::optional<c10::MemoryFormat>) [0x23fbe16] in libtorch_cpu.so
=========         Host Frame: at::Tensor::to(c10::TensorOptions, bool, bool, std::optional<c10::MemoryFormat>) const [0x4354c8] in libtorch_python.so
=========         Host Frame: torch::autograd::dispatch_to(at::Tensor const&, c10::Device, bool, bool, std::optional<c10::MemoryFormat>) [0x3d7920] in libtorch_python.so
=========         Host Frame: torch::autograd::THPVariable_cpu(_object*, _object*, _object*) [0x3d7b1d] in libtorch_python.so
=========         Host Frame:  [0x151347] in python
=========         Host Frame: PyObject_Vectorcall [0x149934] in python
=========         Host Frame: _PyEval_EvalFrameDefault [0x1d6f08] in python
=========         Host Frame: PyEval_EvalCode [0x1d544a] in python
=========         Host Frame:  [0x2085a1] in python
=========         Host Frame:  [0x2b5032] in python
=========         Host Frame: _PyRun_SimpleFileObject [0x2b4d99] in python
=========         Host Frame: _PyRun_AnyFileObject [0x2b4bce] in python
=========         Host Frame: Py_RunMain [0x2bcc34] in python
=========         Host Frame: Py_BytesMain [0x2bc71c] in python
=========         Host Frame:  [0x2a1c9] in libc.so.6
=========         Host Frame: __libc_start_main [0x2a28a] in libc.so.6
=========         Host Frame: _start [0x257bc4] in python
=========         Host Frame: validate in compare_baselines.py:117
=========         Host Frame: main in study.py:94
========= 
========= Host API memory access error at host access to 0xb11c8c000 of size 264192 bytes
=========     Uninitialized access at 0xb11c8c520 on access by cudaMemcpy source
=========     Saved host backtrace up to driver entry point at error
=========         Host Frame:  [0x481c0] in libcudart.so.12
=========         Host Frame:  [0x17057] in libcudart.so.12
=========         Host Frame: cudaMemcpyAsync [0x768a0] in libcudart.so.12
=========         Host Frame: at::native::copy_kernel_cuda(at::TensorIterator&, bool) [0x16a984b] in libtorch_cuda.so
=========         Host Frame: at::native::copy_impl(at::Tensor&, at::Tensor const&, bool) [clone .isra.0] [0x1a2f8a2] in libtorch_cpu.so
=========         Host Frame: at::native::copy_(at::Tensor&, at::Tensor const&, bool) [0x1a31186] in libtorch_cpu.so
=========         Host Frame: at::_ops::copy_::call(at::Tensor&, at::Tensor const&, bool) [0x26e73d6] in libtorch_cpu.so
=========         Host Frame: at::native::_to_copy(at::Tensor const&, std::optional<c10::ScalarType>, std::optional<c10::Layout>, std::optional<c10::Device>, std::optional<bool>, bool, std::optional<c10::MemoryFormat>) [0x1d12ab2] in libtorch_cpu.so
=========         Host Frame: c10::impl::wrap_kernel_functor_unboxed_<c10::impl::detail::WrapFunctionIntoFunctor_<c10::CompileTimeFunctionPointer<at::Tensor (at::Tensor const&, std::optional<c10::ScalarType>, std::optional<c10::Layout>, std::optional<c10::Device>, std::optional<bool>, bool, std::optional<c10::MemoryFormat>), &at::(anonymous namespace)::(anonymous namespace)::wrapper_CompositeExplicitAutograd___to_copy>, at::Tensor, c10::guts::typelist::typelist<at::Tensor const&, std::optional<c10::ScalarType>, std::optional<c10::Layout>, std::optional<c10::Device>, std::optional<bool>, bool, std::optional<c10::MemoryFormat> > >, at::Tensor (at::Tensor const&, std::optional<c10::ScalarType>, std::optional<c10::Layout>, std::optional<c10::Device>, std::optional<bool>, bool, std::optional<c10::MemoryFormat>)>::call(c10::OperatorKernel*, c10::DispatchKeySet, at::Tensor const&, std::optional<c10::ScalarType>, std::optional<c10::Layout>, std::optional<c10::Device>, std::optional<bool>, bool, std::optional<c10::MemoryFormat>) [0x2aed68b] in libtorch_cpu.so
=========         Host Frame: at::_ops::_to_copy::redispatch(c10::DispatchKeySet, at::Tensor const&, std::optional<c10::ScalarType>, std::optional<c10::Layout>, std::optional<c10::Device>, std::optional<bool>, bool, std::optional<c10::MemoryFormat>) [0x21c34d1] in libtorch_cpu.so
=========         Host Frame: c10::impl::wrap_kernel_functor_unboxed_<c10::impl::detail::WrapFunctionIntoFunctor_<c10::CompileTimeFunctionPointer<at::Tensor (at::Tensor const&, std::optional<c10::ScalarType>, std::optional<c10::Layout>, std::optional<c10::Device>, std::optional<bool>, bool, std::optional<c10::MemoryFormat>), &at::(anonymous namespace)::_to_copy>, at::Tensor, c10::guts::typelist::typelist<at::Tensor const&, std::optional<c10::ScalarType>, std::optional<c10::Layout>, std::optional<c10::Device>, std::optional<bool>, bool, std::optional<c10::MemoryFormat> > >, at::Tensor (at::Tensor const&, std::optional<c10::ScalarType>, std::optional<c10::Layout>, std::optional<c10::Device>, std::optional<bool>, bool, std::optional<c10::MemoryFormat>)>::call(c10::OperatorKernel*, c10::DispatchKeySet, at::Tensor const&, std::optional<c10::ScalarType>, std::optional<c10::Layout>, std::optional<c10::Device>, std::optional<bool>, bool, std::optional<c10::MemoryFormat>) [0x28ba68a] in libtorch_cpu.so
=========         Host Frame: at::_ops::_to_copy::redispatch(c10::DispatchKeySet, at::Tensor const&, std::optional<c10::ScalarType>, std::optional<c10::Layout>, std::optional<c10::Device>, std::optional<bool>, bool, std::optional<c10::MemoryFormat>) [0x21c34d1] in libtorch_cpu.so
=========         Host Frame: torch::autograd::VariableType::(anonymous namespace)::_to_copy(c10::DispatchKeySet, at::Tensor const&, std::optional<c10::ScalarType>, std::optional<c10::Layout>, std::optional<c10::Device>, std::optional<bool>, bool, std::optional<c10::MemoryFormat>) [0x49975db] in libtorch_cpu.so
=========         Host Frame: c10::impl::wrap_kernel_functor_unboxed_<c10::impl::detail::WrapFunctionIntoFunctor_<c10::CompileTimeFunctionPointer<at::Tensor (c10::DispatchKeySet, at::Tensor const&, std::optional<c10::ScalarType>, std::optional<c10::Layout>, std::optional<c10::Device>, std::optional<bool>, bool, std::optional<c10::MemoryFormat>), &torch::autograd::VariableType::(anonymous namespace)::_to_copy>, at::Tensor, c10::guts::typelist::typelist<c10::DispatchKeySet, at::Tensor const&, std::optional<c10::ScalarType>, std::optional<c10::Layout>, std::optional<c10::Device>, std::optional<bool>, bool, std::optional<c10::MemoryFormat> > >, at::Tensor (c10::DispatchKeySet, at::Tensor const&, std::optional<c10::ScalarType>, std::optional<c10::Layout>, std::optional<c10::Device>, std::optional<bool>, bool, std::optional<c10::MemoryFormat>)>::call(c10::OperatorKernel*, c10::DispatchKeySet, at::Tensor const&, std::optional<c10::ScalarType>, std::optional<c10::Layout>, std::optional<c10::Device>, std::optional<bool>, bool, std::optional<c10::MemoryFormat>) [0x4997a3e] in libtorch_cpu.so
=========         Host Frame: at::_ops::_to_copy::call(at::Tensor const&, std::optional<c10::ScalarType>, std::optional<c10::Layout>, std::optional<c10::Device>, std::optional<bool>, bool, std::optional<c10::MemoryFormat>) [0x2264f7c] in libtorch_cpu.so
=========         Host Frame: at::native::to(at::Tensor const&, std::optional<c10::ScalarType>, std::optional<c10::Layout>, std::optional<c10::Device>, std::optional<bool>, bool, bool, std::optional<c10::MemoryFormat>) [0x1d104fd] in libtorch_cpu.so
=========         Host Frame: c10::impl::wrap_kernel_functor_unboxed_<c10::impl::detail::WrapFunctionIntoFunctor_<c10::CompileTimeFunctionPointer<at::Tensor (at::Tensor const&, std::optional<c10::ScalarType>, std::optional<c10::Layout>, std::optional<c10::Device>, std::optional<bool>, bool, bool, std::optional<c10::MemoryFormat>), &at::(anonymous namespace)::(anonymous namespace)::wrapper_CompositeImplicitAutograd_dtype_layout_to>, at::Tensor, c10::guts::typelist::typelist<at::Tensor const&, std::optional<c10::ScalarType>, std::optional<c10::Layout>, std::optional<c10::Device>, std::optional<bool>, bool, bool, std::optional<c10::MemoryFormat> > >, at::Tensor (at::Tensor const&, std::optional<c10::ScalarType>, std::optional<c10::Layout>, std::optional<c10::Device>, std::optional<bool>, bool, bool, std::optional<c10::MemoryFormat>)>::call(c10::OperatorKernel*, c10::DispatchKeySet, at::Tensor const&, std::optional<c10::ScalarType>, std::optional<c10::Layout>, std::optional<c10::Device>, std::optional<bool>, bool, bool, std::optional<c10::MemoryFormat>) [0x2be4c41] in libtorch_cpu.so
=========         Host Frame: at::_ops::to_dtype_layout::call(at::Tensor const&, std::optional<c10::ScalarType>, std::optional<c10::Layout>, std::optional<c10::Device>, std::optional<bool>, bool, bool, std::optional<c10::MemoryFormat>) [0x23fbe16] in libtorch_cpu.so
=========         Host Frame: at::Tensor::to(c10::TensorOptions, bool, bool, std::optional<c10::MemoryFormat>) const [0x4354c8] in libtorch_python.so
=========         Host Frame: torch::autograd::dispatch_to(at::Tensor const&, c10::Device, bool, bool, std::optional<c10::MemoryFormat>) [0x3d7920] in libtorch_python.so
=========         Host Frame: torch::autograd::THPVariable_cpu(_object*, _object*, _object*) [0x3d7b1d] in libtorch_python.so
=========         Host Frame:  [0x151347] in python
=========         Host Frame: PyObject_Vectorcall [0x149934] in python
=========         Host Frame: _PyEval_EvalFrameDefault [0x1d6f08] in python
=========         Host Frame: PyEval_EvalCode [0x1d544a] in python
=========         Host Frame:  [0x2085a1] in python
=========         Host Frame:  [0x2b5032] in python
=========         Host Frame: _PyRun_SimpleFileObject [0x2b4d99] in python
=========         Host Frame: _PyRun_AnyFileObject [0x2b4bce] in python
=========         Host Frame: Py_RunMain [0x2bcc34] in python
=========         Host Frame: Py_BytesMain [0x2bc71c] in python
=========         Host Frame:  [0x2a1c9] in libc.so.6
=========         Host Frame: __libc_start_main [0x2a28a] in libc.so.6
=========         Host Frame: _start [0x257bc4] in python
=========         Host Frame: validate in compare_baselines.py:117
=========         Host Frame: main in study.py:94
========= 
========= Host API memory access error at host access to 0xb11c8c000 of size 264192 bytes
=========     Uninitialized access at 0xb11c8c540 on access by cudaMemcpy source
=========     Saved host backtrace up to driver entry point at error
=========         Host Frame:  [0x481c0] in libcudart.so.12
=========         Host Frame:  [0x17057] in libcudart.so.12
=========         Host Frame: cudaMemcpyAsync [0x768a0] in libcudart.so.12
=========         Host Frame: at::native::copy_kernel_cuda(at::TensorIterator&, bool) [0x16a984b] in libtorch_cuda.so
=========         Host Frame: at::native::copy_impl(at::Tensor&, at::Tensor const&, bool) [clone .isra.0] [0x1a2f8a2] in libtorch_cpu.so
=========         Host Frame: at::native::copy_(at::Tensor&, at::Tensor const&, bool) [0x1a31186] in libtorch_cpu.so
=========         Host Frame: at::_ops::copy_::call(at::Tensor&, at::Tensor const&, bool) [0x26e73d6] in libtorch_cpu.so
=========         Host Frame: at::native::_to_copy(at::Tensor const&, std::optional<c10::ScalarType>, std::optional<c10::Layout>, std::optional<c10::Device>, std::optional<bool>, bool, std::optional<c10::MemoryFormat>) [0x1d12ab2] in libtorch_cpu.so
=========         Host Frame: c10::impl::wrap_kernel_functor_unboxed_<c10::impl::detail::WrapFunctionIntoFunctor_<c10::CompileTimeFunctionPointer<at::Tensor (at::Tensor const&, std::optional<c10::ScalarType>, std::optional<c10::Layout>, std::optional<c10::Device>, std::optional<bool>, bool, std::optional<c10::MemoryFormat>), &at::(anonymous namespace)::(anonymous namespace)::wrapper_CompositeExplicitAutograd___to_copy>, at::Tensor, c10::guts::typelist::typelist<at::Tensor const&, std::optional<c10::ScalarType>, std::optional<c10::Layout>, std::optional<c10::Device>, std::optional<bool>, bool, std::optional<c10::MemoryFormat> > >, at::Tensor (at::Tensor const&, std::optional<c10::ScalarType>, std::optional<c10::Layout>, std::optional<c10::Device>, std::optional<bool>, bool, std::optional<c10::MemoryFormat>)>::call(c10::OperatorKernel*, c10::DispatchKeySet, at::Tensor const&, std::optional<c10::ScalarType>, std::optional<c10::Layout>, std::optional<c10::Device>, std::optional<bool>, bool, std::optional<c10::MemoryFormat>) [0x2aed68b] in libtorch_cpu.so
=========         Host Frame: at::_ops::_to_copy::redispatch(c10::DispatchKeySet, at::Tensor const&, std::optional<c10::ScalarType>, std::optional<c10::Layout>, std::optional<c10::Device>, std::optional<bool>, bool, std::optional<c10::MemoryFormat>) [0x21c34d1] in libtorch_cpu.so
=========         Host Frame: c10::impl::wrap_kernel_functor_unboxed_<c10::impl::detail::WrapFunctionIntoFunctor_<c10::CompileTimeFunctionPointer<at::Tensor (at::Tensor const&, std::optional<c10::ScalarType>, std::optional<c10::Layout>, std::optional<c10::Device>, std::optional<bool>, bool, std::optional<c10::MemoryFormat>), &at::(anonymous namespace)::_to_copy>, at::Tensor, c10::guts::typelist::typelist<at::Tensor const&, std::optional<c10::ScalarType>, std::optional<c10::Layout>, std::optional<c10::Device>, std::optional<bool>, bool, std::optional<c10::MemoryFormat> > >, at::Tensor (at::Tensor const&, std::optional<c10::ScalarType>, std::optional<c10::Layout>, std::optional<c10::Device>, std::optional<bool>, bool, std::optional<c10::MemoryFormat>)>::call(c10::OperatorKernel*, c10::DispatchKeySet, at::Tensor const&, std::optional<c10::ScalarType>, std::optional<c10::Layout>, std::optional<c10::Device>, std::optional<bool>, bool, std::optional<c10::MemoryFormat>) [0x28ba68a] in libtorch_cpu.so
=========         Host Frame: at::_ops::_to_copy::redispatch(c10::DispatchKeySet, at::Tensor const&, std::optional<c10::ScalarType>, std::optional<c10::Layout>, std::optional<c10::Device>, std::optional<bool>, bool, std::optional<c10::MemoryFormat>) [0x21c34d1] in libtorch_cpu.so
=========         Host Frame: torch::autograd::VariableType::(anonymous namespace)::_to_copy(c10::DispatchKeySet, at::Tensor const&, std::optional<c10::ScalarType>, std::optional<c10::Layout>, std::optional<c10::Device>, std::optional<bool>, bool, std::optional<c10::MemoryFormat>) [0x49975db] in libtorch_cpu.so
=========         Host Frame: c10::impl::wrap_kernel_functor_unboxed_<c10::impl::detail::WrapFunctionIntoFunctor_<c10::CompileTimeFunctionPointer<at::Tensor (c10::DispatchKeySet, at::Tensor const&, std::optional<c10::ScalarType>, std::optional<c10::Layout>, std::optional<c10::Device>, std::optional<bool>, bool, std::optional<c10::MemoryFormat>), &torch::autograd::VariableType::(anonymous namespace)::_to_copy>, at::Tensor, c10::guts::typelist::typelist<c10::DispatchKeySet, at::Tensor const&, std::optional<c10::ScalarType>, std::optional<c10::Layout>, std::optional<c10::Device>, std::optional<bool>, bool, std::optional<c10::MemoryFormat> > >, at::Tensor (c10::DispatchKeySet, at::Tensor const&, std::optional<c10::ScalarType>, std::optional<c10::Layout>, std::optional<c10::Device>, std::optional<bool>, bool, std::optional<c10::MemoryFormat>)>::call(c10::OperatorKernel*, c10::DispatchKeySet, at::Tensor const&, std::optional<c10::ScalarType>, std::optional<c10::Layout>, std::optional<c10::Device>, std::optional<bool>, bool, std::optional<c10::MemoryFormat>) [0x4997a3e] in libtorch_cpu.so
=========         Host Frame: at::_ops::_to_copy::call(at::Tensor const&, std::optional<c10::ScalarType>, std::optional<c10::Layout>, std::optional<c10::Device>, std::optional<bool>, bool, std::optional<c10::MemoryFormat>) [0x2264f7c] in libtorch_cpu.so
=========         Host Frame: at::native::to(at::Tensor const&, std::optional<c10::ScalarType>, std::optional<c10::Layout>, std::optional<c10::Device>, std::optional<bool>, bool, bool, std::optional<c10::MemoryFormat>) [0x1d104fd] in libtorch_cpu.so
=========         Host Frame: c10::impl::wrap_kernel_functor_unboxed_<c10::impl::detail::WrapFunctionIntoFunctor_<c10::CompileTimeFunctionPointer<at::Tensor (at::Tensor const&, std::optional<c10::ScalarType>, std::optional<c10::Layout>, std::optional<c10::Device>, std::optional<bool>, bool, bool, std::optional<c10::MemoryFormat>), &at::(anonymous namespace)::(anonymous namespace)::wrapper_CompositeImplicitAutograd_dtype_layout_to>, at::Tensor, c10::guts::typelist::typelist<at::Tensor const&, std::optional<c10::ScalarType>, std::optional<c10::Layout>, std::optional<c10::Device>, std::optional<bool>, bool, bool, std::optional<c10::MemoryFormat> > >, at::Tensor (at::Tensor const&, std::optional<c10::ScalarType>, std::optional<c10::Layout>, std::optional<c10::Device>, std::optional<bool>, bool, bool, std::optional<c10::MemoryFormat>)>::call(c10::OperatorKernel*, c10::DispatchKeySet, at::Tensor const&, std::optional<c10::ScalarType>, std::optional<c10::Layout>, std::optional<c10::Device>, std::optional<bool>, bool, bool, std::optional<c10::MemoryFormat>) [0x2be4c41] in libtorch_cpu.so
=========         Host Frame: at::_ops::to_dtype_layout::call(at::Tensor const&, std::optional<c10::ScalarType>, std::optional<c10::Layout>, std::optional<c10::Device>, std::optional<bool>, bool, bool, std::optional<c10::MemoryFormat>) [0x23fbe16] in libtorch_cpu.so
=========         Host Frame: at::Tensor::to(c10::TensorOptions, bool, bool, std::optional<c10::MemoryFormat>) const [0x4354c8] in libtorch_python.so
=========         Host Frame: torch::autograd::dispatch_to(at::Tensor const&, c10::Device, bool, bool, std::optional<c10::MemoryFormat>) [0x3d7920] in libtorch_python.so
=========         Host Frame: torch::autograd::THPVariable_cpu(_object*, _object*, _object*) [0x3d7b1d] in libtorch_python.so
=========         Host Frame:  [0x151347] in python
=========         Host Frame: PyObject_Vectorcall [0x149934] in python
=========         Host Frame: _PyEval_EvalFrameDefault [0x1d6f08] in python
=========         Host Frame: PyEval_EvalCode [0x1d544a] in python
=========         Host Frame:  [0x2085a1] in python
=========         Host Frame:  [0x2b5032] in python
=========         Host Frame: _PyRun_SimpleFileObject [0x2b4d99] in python
=========         Host Frame: _PyRun_AnyFileObject [0x2b4bce] in python
=========         Host Frame: Py_RunMain [0x2bcc34] in python
=========         Host Frame: Py_BytesMain [0x2bc71c] in python
=========         Host Frame:  [0x2a1c9] in libc.so.6
=========         Host Frame: __libc_start_main [0x2a28a] in libc.so.6
=========         Host Frame: _start [0x257bc4] in python
=========         Host Frame: validate in compare_baselines.py:117
=========         Host Frame: main in study.py:94
========= 
========= Host API memory access error at host access to 0xb11c8c000 of size 264192 bytes
=========     Uninitialized access at 0xb11c8c560 on access by cudaMemcpy source
=========     Saved host backtrace up to driver entry point at error
=========         Host Frame:  [0x481c0] in libcudart.so.12
=========         Host Frame:  [0x17057] in libcudart.so.12
=========         Host Frame: cudaMemcpyAsync [0x768a0] in libcudart.so.12
=========         Host Frame: at::native::copy_kernel_cuda(at::TensorIterator&, bool) [0x16a984b] in libtorch_cuda.so
=========         Host Frame: at::native::copy_impl(at::Tensor&, at::Tensor const&, bool) [clone .isra.0] [0x1a2f8a2] in libtorch_cpu.so
=========         Host Frame: at::native::copy_(at::Tensor&, at::Tensor const&, bool) [0x1a31186] in libtorch_cpu.so
=========         Host Frame: at::_ops::copy_::call(at::Tensor&, at::Tensor const&, bool) [0x26e73d6] in libtorch_cpu.so
=========         Host Frame: at::native::_to_copy(at::Tensor const&, std::optional<c10::ScalarType>, std::optional<c10::Layout>, std::optional<c10::Device>, std::optional<bool>, bool, std::optional<c10::MemoryFormat>) [0x1d12ab2] in libtorch_cpu.so
=========         Host Frame: c10::impl::wrap_kernel_functor_unboxed_<c10::impl::detail::WrapFunctionIntoFunctor_<c10::CompileTimeFunctionPointer<at::Tensor (at::Tensor const&, std::optional<c10::ScalarType>, std::optional<c10::Layout>, std::optional<c10::Device>, std::optional<bool>, bool, std::optional<c10::MemoryFormat>), &at::(anonymous namespace)::(anonymous namespace)::wrapper_CompositeExplicitAutograd___to_copy>, at::Tensor, c10::guts::typelist::typelist<at::Tensor const&, std::optional<c10::ScalarType>, std::optional<c10::Layout>, std::optional<c10::Device>, std::optional<bool>, bool, std::optional<c10::MemoryFormat> > >, at::Tensor (at::Tensor const&, std::optional<c10::ScalarType>, std::optional<c10::Layout>, std::optional<c10::Device>, std::optional<bool>, bool, std::optional<c10::MemoryFormat>)>::call(c10::OperatorKernel*, c10::DispatchKeySet, at::Tensor const&, std::optional<c10::ScalarType>, std::optional<c10::Layout>, std::optional<c10::Device>, std::optional<bool>, bool, std::optional<c10::MemoryFormat>) [0x2aed68b] in libtorch_cpu.so
=========         Host Frame: at::_ops::_to_copy::redispatch(c10::DispatchKeySet, at::Tensor const&, std::optional<c10::ScalarType>, std::optional<c10::Layout>, std::optional<c10::Device>, std::optional<bool>, bool, std::optional<c10::MemoryFormat>) [0x21c34d1] in libtorch_cpu.so
=========         Host Frame: c10::impl::wrap_kernel_functor_unboxed_<c10::impl::detail::WrapFunctionIntoFunctor_<c10::CompileTimeFunctionPointer<at::Tensor (at::Tensor const&, std::optional<c10::ScalarType>, std::optional<c10::Layout>, std::optional<c10::Device>, std::optional<bool>, bool, std::optional<c10::MemoryFormat>), &at::(anonymous namespace)::_to_copy>, at::Tensor, c10::guts::typelist::typelist<at::Tensor const&, std::optional<c10::ScalarType>, std::optional<c10::Layout>, std::optional<c10::Device>, std::optional<bool>, bool, std::optional<c10::MemoryFormat> > >, at::Tensor (at::Tensor const&, std::optional<c10::ScalarType>, std::optional<c10::Layout>, std::optional<c10::Device>, std::optional<bool>, bool, std::optional<c10::MemoryFormat>)>::call(c10::OperatorKernel*, c10::DispatchKeySet, at::Tensor const&, std::optional<c10::ScalarType>, std::optional<c10::Layout>, std::optional<c10::Device>, std::optional<bool>, bool, std::optional<c10::MemoryFormat>) [0x28ba68a] in libtorch_cpu.so
=========         Host Frame: at::_ops::_to_copy::redispatch(c10::DispatchKeySet, at::Tensor const&, std::optional<c10::ScalarType>, std::optional<c10::Layout>, std::optional<c10::Device>, std::optional<bool>, bool, std::optional<c10::MemoryFormat>) [0x21c34d1] in libtorch_cpu.so
=========         Host Frame: torch::autograd::VariableType::(anonymous namespace)::_to_copy(c10::DispatchKeySet, at::Tensor const&, std::optional<c10::ScalarType>, std::optional<c10::Layout>, std::optional<c10::Device>, std::optional<bool>, bool, std::optional<c10::MemoryFormat>) [0x49975db] in libtorch_cpu.so
=========         Host Frame: c10::impl::wrap_kernel_functor_unboxed_<c10::impl::detail::WrapFunctionIntoFunctor_<c10::CompileTimeFunctionPointer<at::Tensor (c10::DispatchKeySet, at::Tensor const&, std::optional<c10::ScalarType>, std::optional<c10::Layout>, std::optional<c10::Device>, std::optional<bool>, bool, std::optional<c10::MemoryFormat>), &torch::autograd::VariableType::(anonymous namespace)::_to_copy>, at::Tensor, c10::guts::typelist::typelist<c10::DispatchKeySet, at::Tensor const&, std::optional<c10::ScalarType>, std::optional<c10::Layout>, std::optional<c10::Device>, std::optional<bool>, bool, std::optional<c10::MemoryFormat> > >, at::Tensor (c10::DispatchKeySet, at::Tensor const&, std::optional<c10::ScalarType>, std::optional<c10::Layout>, std::optional<c10::Device>, std::optional<bool>, bool, std::optional<c10::MemoryFormat>)>::call(c10::OperatorKernel*, c10::DispatchKeySet, at::Tensor const&, std::optional<c10::ScalarType>, std::optional<c10::Layout>, std::optional<c10::Device>, std::optional<bool>, bool, std::optional<c10::MemoryFormat>) [0x4997a3e] in libtorch_cpu.so
=========         Host Frame: at::_ops::_to_copy::call(at::Tensor const&, std::optional<c10::ScalarType>, std::optional<c10::Layout>, std::optional<c10::Device>, std::optional<bool>, bool, std::optional<c10::MemoryFormat>) [0x2264f7c] in libtorch_cpu.so
=========         Host Frame: at::native::to(at::Tensor const&, std::optional<c10::ScalarType>, std::optional<c10::Layout>, std::optional<c10::Device>, std::optional<bool>, bool, bool, std::optional<c10::MemoryFormat>) [0x1d104fd] in libtorch_cpu.so
=========         Host Frame: c10::impl::wrap_kernel_functor_unboxed_<c10::impl::detail::WrapFunctionIntoFunctor_<c10::CompileTimeFunctionPointer<at::Tensor (at::Tensor const&, std::optional<c10::ScalarType>, std::optional<c10::Layout>, std::optional<c10::Device>, std::optional<bool>, bool, bool, std::optional<c10::MemoryFormat>), &at::(anonymous namespace)::(anonymous namespace)::wrapper_CompositeImplicitAutograd_dtype_layout_to>, at::Tensor, c10::guts::typelist::typelist<at::Tensor const&, std::optional<c10::ScalarType>, std::optional<c10::Layout>, std::optional<c10::Device>, std::optional<bool>, bool, bool, std::optional<c10::MemoryFormat> > >, at::Tensor (at::Tensor const&, std::optional<c10::ScalarType>, std::optional<c10::Layout>, std::optional<c10::Device>, std::optional<bool>, bool, bool, std::optional<c10::MemoryFormat>)>::call(c10::OperatorKernel*, c10::DispatchKeySet, at::Tensor const&, std::optional<c10::ScalarType>, std::optional<c10::Layout>, std::optional<c10::Device>, std::optional<bool>, bool, bool, std::optional<c10::MemoryFormat>) [0x2be4c41] in libtorch_cpu.so
=========         Host Frame: at::_ops::to_dtype_layout::call(at::Tensor const&, std::optional<c10::ScalarType>, std::optional<c10::Layout>, std::optional<c10::Device>, std::optional<bool>, bool, bool, std::optional<c10::MemoryFormat>) [0x23fbe16] in libtorch_cpu.so
=========         Host Frame: at::Tensor::to(c10::TensorOptions, bool, bool, std::optional<c10::MemoryFormat>) const [0x4354c8] in libtorch_python.so
=========         Host Frame: torch::autograd::dispatch_to(at::Tensor const&, c10::Device, bool, bool, std::optional<c10::MemoryFormat>) [0x3d7920] in libtorch_python.so
=========         Host Frame: torch::autograd::THPVariable_cpu(_object*, _object*, _object*) [0x3d7b1d] in libtorch_python.so
=========         Host Frame:  [0x151347] in python
=========         Host Frame: PyObject_Vectorcall [0x149934] in python
=========         Host Frame: _PyEval_EvalFrameDefault [0x1d6f08] in python
=========         Host Frame: PyEval_EvalCode [0x1d544a] in python
=========         Host Frame:  [0x2085a1] in python
=========         Host Frame:  [0x2b5032] in python
=========         Host Frame: _PyRun_SimpleFileObject [0x2b4d99] in python
=========         Host Frame: _PyRun_AnyFileObject [0x2b4bce] in python
=========         Host Frame: Py_RunMain [0x2bcc34] in python
=========         Host Frame: Py_BytesMain [0x2bc71c] in python
=========         Host Frame:  [0x2a1c9] in libc.so.6
=========         Host Frame: __libc_start_main [0x2a28a] in libc.so.6
=========         Host Frame: _start [0x257bc4] in python
=========         Host Frame: validate in compare_baselines.py:117
=========         Host Frame: main in study.py:94
========= 
========= Host API memory access error at host access to 0xb11c8c000 of size 264192 bytes
=========     Uninitialized access at 0xb11c8c580 on access by cudaMemcpy source
=========     Saved host backtrace up to driver entry point at error
=========         Host Frame:  [0x481c0] in libcudart.so.12
=========         Host Frame:  [0x17057] in libcudart.so.12
=========         Host Frame: cudaMemcpyAsync [0x768a0] in libcudart.so.12
=========         Host Frame: at::native::copy_kernel_cuda(at::TensorIterator&, bool) [0x16a984b] in libtorch_cuda.so
=========         Host Frame: at::native::copy_impl(at::Tensor&, at::Tensor const&, bool) [clone .isra.0] [0x1a2f8a2] in libtorch_cpu.so
=========         Host Frame: at::native::copy_(at::Tensor&, at::Tensor const&, bool) [0x1a31186] in libtorch_cpu.so
=========         Host Frame: at::_ops::copy_::call(at::Tensor&, at::Tensor const&, bool) [0x26e73d6] in libtorch_cpu.so
=========         Host Frame: at::native::_to_copy(at::Tensor const&, std::optional<c10::ScalarType>, std::optional<c10::Layout>, std::optional<c10::Device>, std::optional<bool>, bool, std::optional<c10::MemoryFormat>) [0x1d12ab2] in libtorch_cpu.so
=========         Host Frame: c10::impl::wrap_kernel_functor_unboxed_<c10::impl::detail::WrapFunctionIntoFunctor_<c10::CompileTimeFunctionPointer<at::Tensor (at::Tensor const&, std::optional<c10::ScalarType>, std::optional<c10::Layout>, std::optional<c10::Device>, std::optional<bool>, bool, std::optional<c10::MemoryFormat>), &at::(anonymous namespace)::(anonymous namespace)::wrapper_CompositeExplicitAutograd___to_copy>, at::Tensor, c10::guts::typelist::typelist<at::Tensor const&, std::optional<c10::ScalarType>, std::optional<c10::Layout>, std::optional<c10::Device>, std::optional<bool>, bool, std::optional<c10::MemoryFormat> > >, at::Tensor (at::Tensor const&, std::optional<c10::ScalarType>, std::optional<c10::Layout>, std::optional<c10::Device>, std::optional<bool>, bool, std::optional<c10::MemoryFormat>)>::call(c10::OperatorKernel*, c10::DispatchKeySet, at::Tensor const&, std::optional<c10::ScalarType>, std::optional<c10::Layout>, std::optional<c10::Device>, std::optional<bool>, bool, std::optional<c10::MemoryFormat>) [0x2aed68b] in libtorch_cpu.so
=========         Host Frame: at::_ops::_to_copy::redispatch(c10::DispatchKeySet, at::Tensor const&, std::optional<c10::ScalarType>, std::optional<c10::Layout>, std::optional<c10::Device>, std::optional<bool>, bool, std::optional<c10::MemoryFormat>) [0x21c34d1] in libtorch_cpu.so
=========         Host Frame: c10::impl::wrap_kernel_functor_unboxed_<c10::impl::detail::WrapFunctionIntoFunctor_<c10::CompileTimeFunctionPointer<at::Tensor (at::Tensor const&, std::optional<c10::ScalarType>, std::optional<c10::Layout>, std::optional<c10::Device>, std::optional<bool>, bool, std::optional<c10::MemoryFormat>), &at::(anonymous namespace)::_to_copy>, at::Tensor, c10::guts::typelist::typelist<at::Tensor const&, std::optional<c10::ScalarType>, std::optional<c10::Layout>, std::optional<c10::Device>, std::optional<bool>, bool, std::optional<c10::MemoryFormat> > >, at::Tensor (at::Tensor const&, std::optional<c10::ScalarType>, std::optional<c10::Layout>, std::optional<c10::Device>, std::optional<bool>, bool, std::optional<c10::MemoryFormat>)>::call(c10::OperatorKernel*, c10::DispatchKeySet, at::Tensor const&, std::optional<c10::ScalarType>, std::optional<c10::Layout>, std::optional<c10::Device>, std::optional<bool>, bool, std::optional<c10::MemoryFormat>) [0x28ba68a] in libtorch_cpu.so
=========         Host Frame: at::_ops::_to_copy::redispatch(c10::DispatchKeySet, at::Tensor const&, std::optional<c10::ScalarType>, std::optional<c10::Layout>, std::optional<c10::Device>, std::optional<bool>, bool, std::optional<c10::MemoryFormat>) [0x21c34d1] in libtorch_cpu.so
=========         Host Frame: torch::autograd::VariableType::(anonymous namespace)::_to_copy(c10::DispatchKeySet, at::Tensor const&, std::optional<c10::ScalarType>, std::optional<c10::Layout>, std::optional<c10::Device>, std::optional<bool>, bool, std::optional<c10::MemoryFormat>) [0x49975db] in libtorch_cpu.so
=========         Host Frame: c10::impl::wrap_kernel_functor_unboxed_<c10::impl::detail::WrapFunctionIntoFunctor_<c10::CompileTimeFunctionPointer<at::Tensor (c10::DispatchKeySet, at::Tensor const&, std::optional<c10::ScalarType>, std::optional<c10::Layout>, std::optional<c10::Device>, std::optional<bool>, bool, std::optional<c10::MemoryFormat>), &torch::autograd::VariableType::(anonymous namespace)::_to_copy>, at::Tensor, c10::guts::typelist::typelist<c10::DispatchKeySet, at::Tensor const&, std::optional<c10::ScalarType>, std::optional<c10::Layout>, std::optional<c10::Device>, std::optional<bool>, bool, std::optional<c10::MemoryFormat> > >, at::Tensor (c10::DispatchKeySet, at::Tensor const&, std::optional<c10::ScalarType>, std::optional<c10::Layout>, std::optional<c10::Device>, std::optional<bool>, bool, std::optional<c10::MemoryFormat>)>::call(c10::OperatorKernel*, c10::DispatchKeySet, at::Tensor const&, std::optional<c10::ScalarType>, std::optional<c10::Layout>, std::optional<c10::Device>, std::optional<bool>, bool, std::optional<c10::MemoryFormat>) [0x4997a3e] in libtorch_cpu.so
=========         Host Frame: at::_ops::_to_copy::call(at::Tensor const&, std::optional<c10::ScalarType>, std::optional<c10::Layout>, std::optional<c10::Device>, std::optional<bool>, bool, std::optional<c10::MemoryFormat>) [0x2264f7c] in libtorch_cpu.so
=========         Host Frame: at::native::to(at::Tensor const&, std::optional<c10::ScalarType>, std::optional<c10::Layout>, std::optional<c10::Device>, std::optional<bool>, bool, bool, std::optional<c10::MemoryFormat>) [0x1d104fd] in libtorch_cpu.so
=========         Host Frame: c10::impl::wrap_kernel_functor_unboxed_<c10::impl::detail::WrapFunctionIntoFunctor_<c10::CompileTimeFunctionPointer<at::Tensor (at::Tensor const&, std::optional<c10::ScalarType>, std::optional<c10::Layout>, std::optional<c10::Device>, std::optional<bool>, bool, bool, std::optional<c10::MemoryFormat>), &at::(anonymous namespace)::(anonymous namespace)::wrapper_CompositeImplicitAutograd_dtype_layout_to>, at::Tensor, c10::guts::typelist::typelist<at::Tensor const&, std::optional<c10::ScalarType>, std::optional<c10::Layout>, std::optional<c10::Device>, std::optional<bool>, bool, bool, std::optional<c10::MemoryFormat> > >, at::Tensor (at::Tensor const&, std::optional<c10::ScalarType>, std::optional<c10::Layout>, std::optional<c10::Device>, std::optional<bool>, bool, bool, std::optional<c10::MemoryFormat>)>::call(c10::OperatorKernel*, c10::DispatchKeySet, at::Tensor const&, std::optional<c10::ScalarType>, std::optional<c10::Layout>, std::optional<c10::Device>, std::optional<bool>, bool, bool, std::optional<c10::MemoryFormat>) [0x2be4c41] in libtorch_cpu.so
=========         Host Frame: at::_ops::to_dtype_layout::call(at::Tensor const&, std::optional<c10::ScalarType>, std::optional<c10::Layout>, std::optional<c10::Device>, std::optional<bool>, bool, bool, std::optional<c10::MemoryFormat>) [0x23fbe16] in libtorch_cpu.so
=========         Host Frame: at::Tensor::to(c10::TensorOptions, bool, bool, std::optional<c10::MemoryFormat>) const [0x4354c8] in libtorch_python.so
=========         Host Frame: torch::autograd::dispatch_to(at::Tensor const&, c10::Device, bool, bool, std::optional<c10::MemoryFormat>) [0x3d7920] in libtorch_python.so
=========         Host Frame: torch::autograd::THPVariable_cpu(_object*, _object*, _object*) [0x3d7b1d] in libtorch_python.so
=========         Host Frame:  [0x151347] in python
=========         Host Frame: PyObject_Vectorcall [0x149934] in python
=========         Host Frame: _PyEval_EvalFrameDefault [0x1d6f08] in python
=========         Host Frame: PyEval_EvalCode [0x1d544a] in python
=========         Host Frame:  [0x2085a1] in python
=========         Host Frame:  [0x2b5032] in python
=========         Host Frame: _PyRun_SimpleFileObject [0x2b4d99] in python
=========         Host Frame: _PyRun_AnyFileObject [0x2b4bce] in python
=========         Host Frame: Py_RunMain [0x2bcc34] in python
=========         Host Frame: Py_BytesMain [0x2bc71c] in python
=========         Host Frame:  [0x2a1c9] in libc.so.6
=========         Host Frame: __libc_start_main [0x2a28a] in libc.so.6
=========         Host Frame: _start [0x257bc4] in python
=========         Host Frame: validate in compare_baselines.py:117
=========         Host Frame: main in study.py:94
========= 
========= Host API memory access error at host access to 0xb11c8c000 of size 264192 bytes
=========     Uninitialized access at 0xb11c8c5a0 on access by cudaMemcpy source
=========     Saved host backtrace up to driver entry point at error
=========         Host Frame:  [0x481c0] in libcudart.so.12
=========         Host Frame:  [0x17057] in libcudart.so.12
=========         Host Frame: cudaMemcpyAsync [0x768a0] in libcudart.so.12
=========         Host Frame: at::native::copy_kernel_cuda(at::TensorIterator&, bool) [0x16a984b] in libtorch_cuda.so
=========         Host Frame: at::native::copy_impl(at::Tensor&, at::Tensor const&, bool) [clone .isra.0] [0x1a2f8a2] in libtorch_cpu.so
=========         Host Frame: at::native::copy_(at::Tensor&, at::Tensor const&, bool) [0x1a31186] in libtorch_cpu.so
=========         Host Frame: at::_ops::copy_::call(at::Tensor&, at::Tensor const&, bool) [0x26e73d6] in libtorch_cpu.so
=========         Host Frame: at::native::_to_copy(at::Tensor const&, std::optional<c10::ScalarType>, std::optional<c10::Layout>, std::optional<c10::Device>, std::optional<bool>, bool, std::optional<c10::MemoryFormat>) [0x1d12ab2] in libtorch_cpu.so
=========         Host Frame: c10::impl::wrap_kernel_functor_unboxed_<c10::impl::detail::WrapFunctionIntoFunctor_<c10::CompileTimeFunctionPointer<at::Tensor (at::Tensor const&, std::optional<c10::ScalarType>, std::optional<c10::Layout>, std::optional<c10::Device>, std::optional<bool>, bool, std::optional<c10::MemoryFormat>), &at::(anonymous namespace)::(anonymous namespace)::wrapper_CompositeExplicitAutograd___to_copy>, at::Tensor, c10::guts::typelist::typelist<at::Tensor const&, std::optional<c10::ScalarType>, std::optional<c10::Layout>, std::optional<c10::Device>, std::optional<bool>, bool, std::optional<c10::MemoryFormat> > >, at::Tensor (at::Tensor const&, std::optional<c10::ScalarType>, std::optional<c10::Layout>, std::optional<c10::Device>, std::optional<bool>, bool, std::optional<c10::MemoryFormat>)>::call(c10::OperatorKernel*, c10::DispatchKeySet, at::Tensor const&, std::optional<c10::ScalarType>, std::optional<c10::Layout>, std::optional<c10::Device>, std::optional<bool>, bool, std::optional<c10::MemoryFormat>) [0x2aed68b] in libtorch_cpu.so
=========         Host Frame: at::_ops::_to_copy::redispatch(c10::DispatchKeySet, at::Tensor const&, std::optional<c10::ScalarType>, std::optional<c10::Layout>, std::optional<c10::Device>, std::optional<bool>, bool, std::optional<c10::MemoryFormat>) [0x21c34d1] in libtorch_cpu.so
=========         Host Frame: c10::impl::wrap_kernel_functor_unboxed_<c10::impl::detail::WrapFunctionIntoFunctor_<c10::CompileTimeFunctionPointer<at::Tensor (at::Tensor const&, std::optional<c10::ScalarType>, std::optional<c10::Layout>, std::optional<c10::Device>, std::optional<bool>, bool, std::optional<c10::MemoryFormat>), &at::(anonymous namespace)::_to_copy>, at::Tensor, c10::guts::typelist::typelist<at::Tensor const&, std::optional<c10::ScalarType>, std::optional<c10::Layout>, std::optional<c10::Device>, std::optional<bool>, bool, std::optional<c10::MemoryFormat> > >, at::Tensor (at::Tensor const&, std::optional<c10::ScalarType>, std::optional<c10::Layout>, std::optional<c10::Device>, std::optional<bool>, bool, std::optional<c10::MemoryFormat>)>::call(c10::OperatorKernel*, c10::DispatchKeySet, at::Tensor const&, std::optional<c10::ScalarType>, std::optional<c10::Layout>, std::optional<c10::Device>, std::optional<bool>, bool, std::optional<c10::MemoryFormat>) [0x28ba68a] in libtorch_cpu.so
=========         Host Frame: at::_ops::_to_copy::redispatch(c10::DispatchKeySet, at::Tensor const&, std::optional<c10::ScalarType>, std::optional<c10::Layout>, std::optional<c10::Device>, std::optional<bool>, bool, std::optional<c10::MemoryFormat>) [0x21c34d1] in libtorch_cpu.so
=========         Host Frame: torch::autograd::VariableType::(anonymous namespace)::_to_copy(c10::DispatchKeySet, at::Tensor const&, std::optional<c10::ScalarType>, std::optional<c10::Layout>, std::optional<c10::Device>, std::optional<bool>, bool, std::optional<c10::MemoryFormat>) [0x49975db] in libtorch_cpu.so
=========         Host Frame: c10::impl::wrap_kernel_functor_unboxed_<c10::impl::detail::WrapFunctionIntoFunctor_<c10::CompileTimeFunctionPointer<at::Tensor (c10::DispatchKeySet, at::Tensor const&, std::optional<c10::ScalarType>, std::optional<c10::Layout>, std::optional<c10::Device>, std::optional<bool>, bool, std::optional<c10::MemoryFormat>), &torch::autograd::VariableType::(anonymous namespace)::_to_copy>, at::Tensor, c10::guts::typelist::typelist<c10::DispatchKeySet, at::Tensor const&, std::optional<c10::ScalarType>, std::optional<c10::Layout>, std::optional<c10::Device>, std::optional<bool>, bool, std::optional<c10::MemoryFormat> > >, at::Tensor (c10::DispatchKeySet, at::Tensor const&, std::optional<c10::ScalarType>, std::optional<c10::Layout>, std::optional<c10::Device>, std::optional<bool>, bool, std::optional<c10::MemoryFormat>)>::call(c10::OperatorKernel*, c10::DispatchKeySet, at::Tensor const&, std::optional<c10::ScalarType>, std::optional<c10::Layout>, std::optional<c10::Device>, std::optional<bool>, bool, std::optional<c10::MemoryFormat>) [0x4997a3e] in libtorch_cpu.so
=========         Host Frame: at::_ops::_to_copy::call(at::Tensor const&, std::optional<c10::ScalarType>, std::optional<c10::Layout>, std::optional<c10::Device>, std::optional<bool>, bool, std::optional<c10::MemoryFormat>) [0x2264f7c] in libtorch_cpu.so
=========         Host Frame: at::native::to(at::Tensor const&, std::optional<c10::ScalarType>, std::optional<c10::Layout>, std::optional<c10::Device>, std::optional<bool>, bool, bool, std::optional<c10::MemoryFormat>) [0x1d104fd] in libtorch_cpu.so
=========         Host Frame: c10::impl::wrap_kernel_functor_unboxed_<c10::impl::detail::WrapFunctionIntoFunctor_<c10::CompileTimeFunctionPointer<at::Tensor (at::Tensor const&, std::optional<c10::ScalarType>, std::optional<c10::Layout>, std::optional<c10::Device>, std::optional<bool>, bool, bool, std::optional<c10::MemoryFormat>), &at::(anonymous namespace)::(anonymous namespace)::wrapper_CompositeImplicitAutograd_dtype_layout_to>, at::Tensor, c10::guts::typelist::typelist<at::Tensor const&, std::optional<c10::ScalarType>, std::optional<c10::Layout>, std::optional<c10::Device>, std::optional<bool>, bool, bool, std::optional<c10::MemoryFormat> > >, at::Tensor (at::Tensor const&, std::optional<c10::ScalarType>, std::optional<c10::Layout>, std::optional<c10::Device>, std::optional<bool>, bool, bool, std::optional<c10::MemoryFormat>)>::call(c10::OperatorKernel*, c10::DispatchKeySet, at::Tensor const&, std::optional<c10::ScalarType>, std::optional<c10::Layout>, std::optional<c10::Device>, std::optional<bool>, bool, bool, std::optional<c10::MemoryFormat>) [0x2be4c41] in libtorch_cpu.so
=========         Host Frame: at::_ops::to_dtype_layout::call(at::Tensor const&, std::optional<c10::ScalarType>, std::optional<c10::Layout>, std::optional<c10::Device>, std::optional<bool>, bool, bool, std::optional<c10::MemoryFormat>) [0x23fbe16] in libtorch_cpu.so
=========         Host Frame: at::Tensor::to(c10::TensorOptions, bool, bool, std::optional<c10::MemoryFormat>) const [0x4354c8] in libtorch_python.so
=========         Host Frame: torch::autograd::dispatch_to(at::Tensor const&, c10::Device, bool, bool, std::optional<c10::MemoryFormat>) [0x3d7920] in libtorch_python.so
=========         Host Frame: torch::autograd::THPVariable_cpu(_object*, _object*, _object*) [0x3d7b1d] in libtorch_python.so
=========         Host Frame:  [0x151347] in python
=========         Host Frame: PyObject_Vectorcall [0x149934] in python
=========         Host Frame: _PyEval_EvalFrameDefault [0x1d6f08] in python
=========         Host Frame: PyEval_EvalCode [0x1d544a] in python
=========         Host Frame:  [0x2085a1] in python
=========         Host Frame:  [0x2b5032] in python
=========         Host Frame: _PyRun_SimpleFileObject [0x2b4d99] in python
=========         Host Frame: _PyRun_AnyFileObject [0x2b4bce] in python
=========         Host Frame: Py_RunMain [0x2bcc34] in python
=========         Host Frame: Py_BytesMain [0x2bc71c] in python
=========         Host Frame:  [0x2a1c9] in libc.so.6
=========         Host Frame: __libc_start_main [0x2a28a] in libc.so.6
=========         Host Frame: _start [0x257bc4] in python
=========         Host Frame: validate in compare_baselines.py:117
=========         Host Frame: main in study.py:94
========= 
========= Host API memory access error at host access to 0xb11c8c000 of size 264192 bytes
=========     Uninitialized access at 0xb11c8c5c0 on access by cudaMemcpy source
=========     Saved host backtrace up to driver entry point at error
=========         Host Frame:  [0x481c0] in libcudart.so.12
=========         Host Frame:  [0x17057] in libcudart.so.12
=========         Host Frame: cudaMemcpyAsync [0x768a0] in libcudart.so.12
=========         Host Frame: at::native::copy_kernel_cuda(at::TensorIterator&, bool) [0x16a984b] in libtorch_cuda.so
=========         Host Frame: at::native::copy_impl(at::Tensor&, at::Tensor const&, bool) [clone .isra.0] [0x1a2f8a2] in libtorch_cpu.so
=========         Host Frame: at::native::copy_(at::Tensor&, at::Tensor const&, bool) [0x1a31186] in libtorch_cpu.so
=========         Host Frame: at::_ops::copy_::call(at::Tensor&, at::Tensor const&, bool) [0x26e73d6] in libtorch_cpu.so
=========         Host Frame: at::native::_to_copy(at::Tensor const&, std::optional<c10::ScalarType>, std::optional<c10::Layout>, std::optional<c10::Device>, std::optional<bool>, bool, std::optional<c10::MemoryFormat>) [0x1d12ab2] in libtorch_cpu.so
=========         Host Frame: c10::impl::wrap_kernel_functor_unboxed_<c10::impl::detail::WrapFunctionIntoFunctor_<c10::CompileTimeFunctionPointer<at::Tensor (at::Tensor const&, std::optional<c10::ScalarType>, std::optional<c10::Layout>, std::optional<c10::Device>, std::optional<bool>, bool, std::optional<c10::MemoryFormat>), &at::(anonymous namespace)::(anonymous namespace)::wrapper_CompositeExplicitAutograd___to_copy>, at::Tensor, c10::guts::typelist::typelist<at::Tensor const&, std::optional<c10::ScalarType>, std::optional<c10::Layout>, std::optional<c10::Device>, std::optional<bool>, bool, std::optional<c10::MemoryFormat> > >, at::Tensor (at::Tensor const&, std::optional<c10::ScalarType>, std::optional<c10::Layout>, std::optional<c10::Device>, std::optional<bool>, bool, std::optional<c10::MemoryFormat>)>::call(c10::OperatorKernel*, c10::DispatchKeySet, at::Tensor const&, std::optional<c10::ScalarType>, std::optional<c10::Layout>, std::optional<c10::Device>, std::optional<bool>, bool, std::optional<c10::MemoryFormat>) [0x2aed68b] in libtorch_cpu.so
=========         Host Frame: at::_ops::_to_copy::redispatch(c10::DispatchKeySet, at::Tensor const&, std::optional<c10::ScalarType>, std::optional<c10::Layout>, std::optional<c10::Device>, std::optional<bool>, bool, std::optional<c10::MemoryFormat>) [0x21c34d1] in libtorch_cpu.so
=========         Host Frame: c10::impl::wrap_kernel_functor_unboxed_<c10::impl::detail::WrapFunctionIntoFunctor_<c10::CompileTimeFunctionPointer<at::Tensor (at::Tensor const&, std::optional<c10::ScalarType>, std::optional<c10::Layout>, std::optional<c10::Device>, std::optional<bool>, bool, std::optional<c10::MemoryFormat>), &at::(anonymous namespace)::_to_copy>, at::Tensor, c10::guts::typelist::typelist<at::Tensor const&, std::optional<c10::ScalarType>, std::optional<c10::Layout>, std::optional<c10::Device>, std::optional<bool>, bool, std::optional<c10::MemoryFormat> > >, at::Tensor (at::Tensor const&, std::optional<c10::ScalarType>, std::optional<c10::Layout>, std::optional<c10::Device>, std::optional<bool>, bool, std::optional<c10::MemoryFormat>)>::call(c10::OperatorKernel*, c10::DispatchKeySet, at::Tensor const&, std::optional<c10::ScalarType>, std::optional<c10::Layout>, std::optional<c10::Device>, std::optional<bool>, bool, std::optional<c10::MemoryFormat>) [0x28ba68a] in libtorch_cpu.so
=========         Host Frame: at::_ops::_to_copy::redispatch(c10::DispatchKeySet, at::Tensor const&, std::optional<c10::ScalarType>, std::optional<c10::Layout>, std::optional<c10::Device>, std::optional<bool>, bool, std::optional<c10::MemoryFormat>) [0x21c34d1] in libtorch_cpu.so
=========         Host Frame: torch::autograd::VariableType::(anonymous namespace)::_to_copy(c10::DispatchKeySet, at::Tensor const&, std::optional<c10::ScalarType>, std::optional<c10::Layout>, std::optional<c10::Device>, std::optional<bool>, bool, std::optional<c10::MemoryFormat>) [0x49975db] in libtorch_cpu.so
=========         Host Frame: c10::impl::wrap_kernel_functor_unboxed_<c10::impl::detail::WrapFunctionIntoFunctor_<c10::CompileTimeFunctionPointer<at::Tensor (c10::DispatchKeySet, at::Tensor const&, std::optional<c10::ScalarType>, std::optional<c10::Layout>, std::optional<c10::Device>, std::optional<bool>, bool, std::optional<c10::MemoryFormat>), &torch::autograd::VariableType::(anonymous namespace)::_to_copy>, at::Tensor, c10::guts::typelist::typelist<c10::DispatchKeySet, at::Tensor const&, std::optional<c10::ScalarType>, std::optional<c10::Layout>, std::optional<c10::Device>, std::optional<bool>, bool, std::optional<c10::MemoryFormat> > >, at::Tensor (c10::DispatchKeySet, at::Tensor const&, std::optional<c10::ScalarType>, std::optional<c10::Layout>, std::optional<c10::Device>, std::optional<bool>, bool, std::optional<c10::MemoryFormat>)>::call(c10::OperatorKernel*, c10::DispatchKeySet, at::Tensor const&, std::optional<c10::ScalarType>, std::optional<c10::Layout>, std::optional<c10::Device>, std::optional<bool>, bool, std::optional<c10::MemoryFormat>) [0x4997a3e] in libtorch_cpu.so
=========         Host Frame: at::_ops::_to_copy::call(at::Tensor const&, std::optional<c10::ScalarType>, std::optional<c10::Layout>, std::optional<c10::Device>, std::optional<bool>, bool, std::optional<c10::MemoryFormat>) [0x2264f7c] in libtorch_cpu.so
=========         Host Frame: at::native::to(at::Tensor const&, std::optional<c10::ScalarType>, std::optional<c10::Layout>, std::optional<c10::Device>, std::optional<bool>, bool, bool, std::optional<c10::MemoryFormat>) [0x1d104fd] in libtorch_cpu.so
=========         Host Frame: c10::impl::wrap_kernel_functor_unboxed_<c10::impl::detail::WrapFunctionIntoFunctor_<c10::CompileTimeFunctionPointer<at::Tensor (at::Tensor const&, std::optional<c10::ScalarType>, std::optional<c10::Layout>, std::optional<c10::Device>, std::optional<bool>, bool, bool, std::optional<c10::MemoryFormat>), &at::(anonymous namespace)::(anonymous namespace)::wrapper_CompositeImplicitAutograd_dtype_layout_to>, at::Tensor, c10::guts::typelist::typelist<at::Tensor const&, std::optional<c10::ScalarType>, std::optional<c10::Layout>, std::optional<c10::Device>, std::optional<bool>, bool, bool, std::optional<c10::MemoryFormat> > >, at::Tensor (at::Tensor const&, std::optional<c10::ScalarType>, std::optional<c10::Layout>, std::optional<c10::Device>, std::optional<bool>, bool, bool, std::optional<c10::MemoryFormat>)>::call(c10::OperatorKernel*, c10::DispatchKeySet, at::Tensor const&, std::optional<c10::ScalarType>, std::optional<c10::Layout>, std::optional<c10::Device>, std::optional<bool>, bool, bool, std::optional<c10::MemoryFormat>) [0x2be4c41] in libtorch_cpu.so
=========         Host Frame: at::_ops::to_dtype_layout::call(at::Tensor const&, std::optional<c10::ScalarType>, std::optional<c10::Layout>, std::optional<c10::Device>, std::optional<bool>, bool, bool, std::optional<c10::MemoryFormat>) [0x23fbe16] in libtorch_cpu.so
=========         Host Frame: at::Tensor::to(c10::TensorOptions, bool, bool, std::optional<c10::MemoryFormat>) const [0x4354c8] in libtorch_python.so
=========         Host Frame: torch::autograd::dispatch_to(at::Tensor const&, c10::Device, bool, bool, std::optional<c10::MemoryFormat>) [0x3d7920] in libtorch_python.so
=========         Host Frame: torch::autograd::THPVariable_cpu(_object*, _object*, _object*) [0x3d7b1d] in libtorch_python.so
=========         Host Frame:  [0x151347] in python
=========         Host Frame: PyObject_Vectorcall [0x149934] in python
=========         Host Frame: _PyEval_EvalFrameDefault [0x1d6f08] in python
=========         Host Frame: PyEval_EvalCode [0x1d544a] in python
=========         Host Frame:  [0x2085a1] in python
=========         Host Frame:  [0x2b5032] in python
=========         Host Frame: _PyRun_SimpleFileObject [0x2b4d99] in python
=========         Host Frame: _PyRun_AnyFileObject [0x2b4bce] in python
=========         Host Frame: Py_RunMain [0x2bcc34] in python
=========         Host Frame: Py_BytesMain [0x2bc71c] in python
=========         Host Frame:  [0x2a1c9] in libc.so.6
=========         Host Frame: __libc_start_main [0x2a28a] in libc.so.6
=========         Host Frame: _start [0x257bc4] in python
=========         Host Frame: validate in compare_baselines.py:117
=========         Host Frame: main in study.py:94
========= 
========= Host API memory access error at host access to 0xb11c8c000 of size 264192 bytes
=========     Uninitialized access at 0xb11c8c5e0 on access by cudaMemcpy source
=========     Saved host backtrace up to driver entry point at error
=========         Host Frame:  [0x481c0] in libcudart.so.12
=========         Host Frame:  [0x17057] in libcudart.so.12
=========         Host Frame: cudaMemcpyAsync [0x768a0] in libcudart.so.12
=========         Host Frame: at::native::copy_kernel_cuda(at::TensorIterator&, bool) [0x16a984b] in libtorch_cuda.so
=========         Host Frame: at::native::copy_impl(at::Tensor&, at::Tensor const&, bool) [clone .isra.0] [0x1a2f8a2] in libtorch_cpu.so
=========         Host Frame: at::native::copy_(at::Tensor&, at::Tensor const&, bool) [0x1a31186] in libtorch_cpu.so
=========         Host Frame: at::_ops::copy_::call(at::Tensor&, at::Tensor const&, bool) [0x26e73d6] in libtorch_cpu.so
=========         Host Frame: at::native::_to_copy(at::Tensor const&, std::optional<c10::ScalarType>, std::optional<c10::Layout>, std::optional<c10::Device>, std::optional<bool>, bool, std::optional<c10::MemoryFormat>) [0x1d12ab2] in libtorch_cpu.so
=========         Host Frame: c10::impl::wrap_kernel_functor_unboxed_<c10::impl::detail::WrapFunctionIntoFunctor_<c10::CompileTimeFunctionPointer<at::Tensor (at::Tensor const&, std::optional<c10::ScalarType>, std::optional<c10::Layout>, std::optional<c10::Device>, std::optional<bool>, bool, std::optional<c10::MemoryFormat>), &at::(anonymous namespace)::(anonymous namespace)::wrapper_CompositeExplicitAutograd___to_copy>, at::Tensor, c10::guts::typelist::typelist<at::Tensor const&, std::optional<c10::ScalarType>, std::optional<c10::Layout>, std::optional<c10::Device>, std::optional<bool>, bool, std::optional<c10::MemoryFormat> > >, at::Tensor (at::Tensor const&, std::optional<c10::ScalarType>, std::optional<c10::Layout>, std::optional<c10::Device>, std::optional<bool>, bool, std::optional<c10::MemoryFormat>)>::call(c10::OperatorKernel*, c10::DispatchKeySet, at::Tensor const&, std::optional<c10::ScalarType>, std::optional<c10::Layout>, std::optional<c10::Device>, std::optional<bool>, bool, std::optional<c10::MemoryFormat>) [0x2aed68b] in libtorch_cpu.so
=========         Host Frame: at::_ops::_to_copy::redispatch(c10::DispatchKeySet, at::Tensor const&, std::optional<c10::ScalarType>, std::optional<c10::Layout>, std::optional<c10::Device>, std::optional<bool>, bool, std::optional<c10::MemoryFormat>) [0x21c34d1] in libtorch_cpu.so
=========         Host Frame: c10::impl::wrap_kernel_functor_unboxed_<c10::impl::detail::WrapFunctionIntoFunctor_<c10::CompileTimeFunctionPointer<at::Tensor (at::Tensor const&, std::optional<c10::ScalarType>, std::optional<c10::Layout>, std::optional<c10::Device>, std::optional<bool>, bool, std::optional<c10::MemoryFormat>), &at::(anonymous namespace)::_to_copy>, at::Tensor, c10::guts::typelist::typelist<at::Tensor const&, std::optional<c10::ScalarType>, std::optional<c10::Layout>, std::optional<c10::Device>, std::optional<bool>, bool, std::optional<c10::MemoryFormat> > >, at::Tensor (at::Tensor const&, std::optional<c10::ScalarType>, std::optional<c10::Layout>, std::optional<c10::Device>, std::optional<bool>, bool, std::optional<c10::MemoryFormat>)>::call(c10::OperatorKernel*, c10::DispatchKeySet, at::Tensor const&, std::optional<c10::ScalarType>, std::optional<c10::Layout>, std::optional<c10::Device>, std::optional<bool>, bool, std::optional<c10::MemoryFormat>) [0x28ba68a] in libtorch_cpu.so
=========         Host Frame: at::_ops::_to_copy::redispatch(c10::DispatchKeySet, at::Tensor const&, std::optional<c10::ScalarType>, std::optional<c10::Layout>, std::optional<c10::Device>, std::optional<bool>, bool, std::optional<c10::MemoryFormat>) [0x21c34d1] in libtorch_cpu.so
=========         Host Frame: torch::autograd::VariableType::(anonymous namespace)::_to_copy(c10::DispatchKeySet, at::Tensor const&, std::optional<c10::ScalarType>, std::optional<c10::Layout>, std::optional<c10::Device>, std::optional<bool>, bool, std::optional<c10::MemoryFormat>) [0x49975db] in libtorch_cpu.so
=========         Host Frame: c10::impl::wrap_kernel_functor_unboxed_<c10::impl::detail::WrapFunctionIntoFunctor_<c10::CompileTimeFunctionPointer<at::Tensor (c10::DispatchKeySet, at::Tensor const&, std::optional<c10::ScalarType>, std::optional<c10::Layout>, std::optional<c10::Device>, std::optional<bool>, bool, std::optional<c10::MemoryFormat>), &torch::autograd::VariableType::(anonymous namespace)::_to_copy>, at::Tensor, c10::guts::typelist::typelist<c10::DispatchKeySet, at::Tensor const&, std::optional<c10::ScalarType>, std::optional<c10::Layout>, std::optional<c10::Device>, std::optional<bool>, bool, std::optional<c10::MemoryFormat> > >, at::Tensor (c10::DispatchKeySet, at::Tensor const&, std::optional<c10::ScalarType>, std::optional<c10::Layout>, std::optional<c10::Device>, std::optional<bool>, bool, std::optional<c10::MemoryFormat>)>::call(c10::OperatorKernel*, c10::DispatchKeySet, at::Tensor const&, std::optional<c10::ScalarType>, std::optional<c10::Layout>, std::optional<c10::Device>, std::optional<bool>, bool, std::optional<c10::MemoryFormat>) [0x4997a3e] in libtorch_cpu.so
=========         Host Frame: at::_ops::_to_copy::call(at::Tensor const&, std::optional<c10::ScalarType>, std::optional<c10::Layout>, std::optional<c10::Device>, std::optional<bool>, bool, std::optional<c10::MemoryFormat>) [0x2264f7c] in libtorch_cpu.so
=========         Host Frame: at::native::to(at::Tensor const&, std::optional<c10::ScalarType>, std::optional<c10::Layout>, std::optional<c10::Device>, std::optional<bool>, bool, bool, std::optional<c10::MemoryFormat>) [0x1d104fd] in libtorch_cpu.so
=========         Host Frame: c10::impl::wrap_kernel_functor_unboxed_<c10::impl::detail::WrapFunctionIntoFunctor_<c10::CompileTimeFunctionPointer<at::Tensor (at::Tensor const&, std::optional<c10::ScalarType>, std::optional<c10::Layout>, std::optional<c10::Device>, std::optional<bool>, bool, bool, std::optional<c10::MemoryFormat>), &at::(anonymous namespace)::(anonymous namespace)::wrapper_CompositeImplicitAutograd_dtype_layout_to>, at::Tensor, c10::guts::typelist::typelist<at::Tensor const&, std::optional<c10::ScalarType>, std::optional<c10::Layout>, std::optional<c10::Device>, std::optional<bool>, bool, bool, std::optional<c10::MemoryFormat> > >, at::Tensor (at::Tensor const&, std::optional<c10::ScalarType>, std::optional<c10::Layout>, std::optional<c10::Device>, std::optional<bool>, bool, bool, std::optional<c10::MemoryFormat>)>::call(c10::OperatorKernel*, c10::DispatchKeySet, at::Tensor const&, std::optional<c10::ScalarType>, std::optional<c10::Layout>, std::optional<c10::Device>, std::optional<bool>, bool, bool, std::optional<c10::MemoryFormat>) [0x2be4c41] in libtorch_cpu.so
=========         Host Frame: at::_ops::to_dtype_layout::call(at::Tensor const&, std::optional<c10::ScalarType>, std::optional<c10::Layout>, std::optional<c10::Device>, std::optional<bool>, bool, bool, std::optional<c10::MemoryFormat>) [0x23fbe16] in libtorch_cpu.so
=========         Host Frame: at::Tensor::to(c10::TensorOptions, bool, bool, std::optional<c10::MemoryFormat>) const [0x4354c8] in libtorch_python.so
=========         Host Frame: torch::autograd::dispatch_to(at::Tensor const&, c10::Device, bool, bool, std::optional<c10::MemoryFormat>) [0x3d7920] in libtorch_python.so
=========         Host Frame: torch::autograd::THPVariable_cpu(_object*, _object*, _object*) [0x3d7b1d] in libtorch_python.so
=========         Host Frame:  [0x151347] in python
=========         Host Frame: PyObject_Vectorcall [0x149934] in python
=========         Host Frame: _PyEval_EvalFrameDefault [0x1d6f08] in python
=========         Host Frame: PyEval_EvalCode [0x1d544a] in python
=========         Host Frame:  [0x2085a1] in python
=========         Host Frame:  [0x2b5032] in python
=========         Host Frame: _PyRun_SimpleFileObject [0x2b4d99] in python
=========         Host Frame: _PyRun_AnyFileObject [0x2b4bce] in python
=========         Host Frame: Py_RunMain [0x2bcc34] in python
=========         Host Frame: Py_BytesMain [0x2bc71c] in python
=========         Host Frame:  [0x2a1c9] in libc.so.6
=========         Host Frame: __libc_start_main [0x2a28a] in libc.so.6
=========         Host Frame: _start [0x257bc4] in python
=========         Host Frame: validate in compare_baselines.py:117
=========         Host Frame: main in study.py:94
========= 
========= Host API memory access error at host access to 0xb11c8c000 of size 264192 bytes
=========     Uninitialized access at 0xb11c8c600 on access by cudaMemcpy source
=========     Saved host backtrace up to driver entry point at error
=========         Host Frame:  [0x481c0] in libcudart.so.12
=========         Host Frame:  [0x17057] in libcudart.so.12
=========         Host Frame: cudaMemcpyAsync [0x768a0] in libcudart.so.12
=========         Host Frame: at::native::copy_kernel_cuda(at::TensorIterator&, bool) [0x16a984b] in libtorch_cuda.so
=========         Host Frame: at::native::copy_impl(at::Tensor&, at::Tensor const&, bool) [clone .isra.0] [0x1a2f8a2] in libtorch_cpu.so
=========         Host Frame: at::native::copy_(at::Tensor&, at::Tensor const&, bool) [0x1a31186] in libtorch_cpu.so
=========         Host Frame: at::_ops::copy_::call(at::Tensor&, at::Tensor const&, bool) [0x26e73d6] in libtorch_cpu.so
=========         Host Frame: at::native::_to_copy(at::Tensor const&, std::optional<c10::ScalarType>, std::optional<c10::Layout>, std::optional<c10::Device>, std::optional<bool>, bool, std::optional<c10::MemoryFormat>) [0x1d12ab2] in libtorch_cpu.so
=========         Host Frame: c10::impl::wrap_kernel_functor_unboxed_<c10::impl::detail::WrapFunctionIntoFunctor_<c10::CompileTimeFunctionPointer<at::Tensor (at::Tensor const&, std::optional<c10::ScalarType>, std::optional<c10::Layout>, std::optional<c10::Device>, std::optional<bool>, bool, std::optional<c10::MemoryFormat>), &at::(anonymous namespace)::(anonymous namespace)::wrapper_CompositeExplicitAutograd___to_copy>, at::Tensor, c10::guts::typelist::typelist<at::Tensor const&, std::optional<c10::ScalarType>, std::optional<c10::Layout>, std::optional<c10::Device>, std::optional<bool>, bool, std::optional<c10::MemoryFormat> > >, at::Tensor (at::Tensor const&, std::optional<c10::ScalarType>, std::optional<c10::Layout>, std::optional<c10::Device>, std::optional<bool>, bool, std::optional<c10::MemoryFormat>)>::call(c10::OperatorKernel*, c10::DispatchKeySet, at::Tensor const&, std::optional<c10::ScalarType>, std::optional<c10::Layout>, std::optional<c10::Device>, std::optional<bool>, bool, std::optional<c10::MemoryFormat>) [0x2aed68b] in libtorch_cpu.so
=========         Host Frame: at::_ops::_to_copy::redispatch(c10::DispatchKeySet, at::Tensor const&, std::optional<c10::ScalarType>, std::optional<c10::Layout>, std::optional<c10::Device>, std::optional<bool>, bool, std::optional<c10::MemoryFormat>) [0x21c34d1] in libtorch_cpu.so
=========         Host Frame: c10::impl::wrap_kernel_functor_unboxed_<c10::impl::detail::WrapFunctionIntoFunctor_<c10::CompileTimeFunctionPointer<at::Tensor (at::Tensor const&, std::optional<c10::ScalarType>, std::optional<c10::Layout>, std::optional<c10::Device>, std::optional<bool>, bool, std::optional<c10::MemoryFormat>), &at::(anonymous namespace)::_to_copy>, at::Tensor, c10::guts::typelist::typelist<at::Tensor const&, std::optional<c10::ScalarType>, std::optional<c10::Layout>, std::optional<c10::Device>, std::optional<bool>, bool, std::optional<c10::MemoryFormat> > >, at::Tensor (at::Tensor const&, std::optional<c10::ScalarType>, std::optional<c10::Layout>, std::optional<c10::Device>, std::optional<bool>, bool, std::optional<c10::MemoryFormat>)>::call(c10::OperatorKernel*, c10::DispatchKeySet, at::Tensor const&, std::optional<c10::ScalarType>, std::optional<c10::Layout>, std::optional<c10::Device>, std::optional<bool>, bool, std::optional<c10::MemoryFormat>) [0x28ba68a] in libtorch_cpu.so
=========         Host Frame: at::_ops::_to_copy::redispatch(c10::DispatchKeySet, at::Tensor const&, std::optional<c10::ScalarType>, std::optional<c10::Layout>, std::optional<c10::Device>, std::optional<bool>, bool, std::optional<c10::MemoryFormat>) [0x21c34d1] in libtorch_cpu.so
=========         Host Frame: torch::autograd::VariableType::(anonymous namespace)::_to_copy(c10::DispatchKeySet, at::Tensor const&, std::optional<c10::ScalarType>, std::optional<c10::Layout>, std::optional<c10::Device>, std::optional<bool>, bool, std::optional<c10::MemoryFormat>) [0x49975db] in libtorch_cpu.so
=========         Host Frame: c10::impl::wrap_kernel_functor_unboxed_<c10::impl::detail::WrapFunctionIntoFunctor_<c10::CompileTimeFunctionPointer<at::Tensor (c10::DispatchKeySet, at::Tensor const&, std::optional<c10::ScalarType>, std::optional<c10::Layout>, std::optional<c10::Device>, std::optional<bool>, bool, std::optional<c10::MemoryFormat>), &torch::autograd::VariableType::(anonymous namespace)::_to_copy>, at::Tensor, c10::guts::typelist::typelist<c10::DispatchKeySet, at::Tensor const&, std::optional<c10::ScalarType>, std::optional<c10::Layout>, std::optional<c10::Device>, std::optional<bool>, bool, std::optional<c10::MemoryFormat> > >, at::Tensor (c10::DispatchKeySet, at::Tensor const&, std::optional<c10::ScalarType>, std::optional<c10::Layout>, std::optional<c10::Device>, std::optional<bool>, bool, std::optional<c10::MemoryFormat>)>::call(c10::OperatorKernel*, c10::DispatchKeySet, at::Tensor const&, std::optional<c10::ScalarType>, std::optional<c10::Layout>, std::optional<c10::Device>, std::optional<bool>, bool, std::optional<c10::MemoryFormat>) [0x4997a3e] in libtorch_cpu.so
=========         Host Frame: at::_ops::_to_copy::call(at::Tensor const&, std::optional<c10::ScalarType>, std::optional<c10::Layout>, std::optional<c10::Device>, std::optional<bool>, bool, std::optional<c10::MemoryFormat>) [0x2264f7c] in libtorch_cpu.so
=========         Host Frame: at::native::to(at::Tensor const&, std::optional<c10::ScalarType>, std::optional<c10::Layout>, std::optional<c10::Device>, std::optional<bool>, bool, bool, std::optional<c10::MemoryFormat>) [0x1d104fd] in libtorch_cpu.so
=========         Host Frame: c10::impl::wrap_kernel_functor_unboxed_<c10::impl::detail::WrapFunctionIntoFunctor_<c10::CompileTimeFunctionPointer<at::Tensor (at::Tensor const&, std::optional<c10::ScalarType>, std::optional<c10::Layout>, std::optional<c10::Device>, std::optional<bool>, bool, bool, std::optional<c10::MemoryFormat>), &at::(anonymous namespace)::(anonymous namespace)::wrapper_CompositeImplicitAutograd_dtype_layout_to>, at::Tensor, c10::guts::typelist::typelist<at::Tensor const&, std::optional<c10::ScalarType>, std::optional<c10::Layout>, std::optional<c10::Device>, std::optional<bool>, bool, bool, std::optional<c10::MemoryFormat> > >, at::Tensor (at::Tensor const&, std::optional<c10::ScalarType>, std::optional<c10::Layout>, std::optional<c10::Device>, std::optional<bool>, bool, bool, std::optional<c10::MemoryFormat>)>::call(c10::OperatorKernel*, c10::DispatchKeySet, at::Tensor const&, std::optional<c10::ScalarType>, std::optional<c10::Layout>, std::optional<c10::Device>, std::optional<bool>, bool, bool, std::optional<c10::MemoryFormat>) [0x2be4c41] in libtorch_cpu.so
=========         Host Frame: at::_ops::to_dtype_layout::call(at::Tensor const&, std::optional<c10::ScalarType>, std::optional<c10::Layout>, std::optional<c10::Device>, std::optional<bool>, bool, bool, std::optional<c10::MemoryFormat>) [0x23fbe16] in libtorch_cpu.so
=========         Host Frame: at::Tensor::to(c10::TensorOptions, bool, bool, std::optional<c10::MemoryFormat>) const [0x4354c8] in libtorch_python.so
=========         Host Frame: torch::autograd::dispatch_to(at::Tensor const&, c10::Device, bool, bool, std::optional<c10::MemoryFormat>) [0x3d7920] in libtorch_python.so
=========         Host Frame: torch::autograd::THPVariable_cpu(_object*, _object*, _object*) [0x3d7b1d] in libtorch_python.so
=========         Host Frame:  [0x151347] in python
=========         Host Frame: PyObject_Vectorcall [0x149934] in python
=========         Host Frame: _PyEval_EvalFrameDefault [0x1d6f08] in python
=========         Host Frame: PyEval_EvalCode [0x1d544a] in python
=========         Host Frame:  [0x2085a1] in python
=========         Host Frame:  [0x2b5032] in python
=========         Host Frame: _PyRun_SimpleFileObject [0x2b4d99] in python
=========         Host Frame: _PyRun_AnyFileObject [0x2b4bce] in python
=========         Host Frame: Py_RunMain [0x2bcc34] in python
=========         Host Frame: Py_BytesMain [0x2bc71c] in python
=========         Host Frame:  [0x2a1c9] in libc.so.6
=========         Host Frame: __libc_start_main [0x2a28a] in libc.so.6
=========         Host Frame: _start [0x257bc4] in python
=========         Host Frame: validate in compare_baselines.py:117
=========         Host Frame: main in study.py:94
========= 
========= Host API memory access error at host access to 0xb11c8c000 of size 264192 bytes
=========     Uninitialized access at 0xb11c8c620 on access by cudaMemcpy source
=========     Saved host backtrace up to driver entry point at error
=========         Host Frame:  [0x481c0] in libcudart.so.12
=========         Host Frame:  [0x17057] in libcudart.so.12
=========         Host Frame: cudaMemcpyAsync [0x768a0] in libcudart.so.12
=========         Host Frame: at::native::copy_kernel_cuda(at::TensorIterator&, bool) [0x16a984b] in libtorch_cuda.so
=========         Host Frame: at::native::copy_impl(at::Tensor&, at::Tensor const&, bool) [clone .isra.0] [0x1a2f8a2] in libtorch_cpu.so
=========         Host Frame: at::native::copy_(at::Tensor&, at::Tensor const&, bool) [0x1a31186] in libtorch_cpu.so
=========         Host Frame: at::_ops::copy_::call(at::Tensor&, at::Tensor const&, bool) [0x26e73d6] in libtorch_cpu.so
=========         Host Frame: at::native::_to_copy(at::Tensor const&, std::optional<c10::ScalarType>, std::optional<c10::Layout>, std::optional<c10::Device>, std::optional<bool>, bool, std::optional<c10::MemoryFormat>) [0x1d12ab2] in libtorch_cpu.so
=========         Host Frame: c10::impl::wrap_kernel_functor_unboxed_<c10::impl::detail::WrapFunctionIntoFunctor_<c10::CompileTimeFunctionPointer<at::Tensor (at::Tensor const&, std::optional<c10::ScalarType>, std::optional<c10::Layout>, std::optional<c10::Device>, std::optional<bool>, bool, std::optional<c10::MemoryFormat>), &at::(anonymous namespace)::(anonymous namespace)::wrapper_CompositeExplicitAutograd___to_copy>, at::Tensor, c10::guts::typelist::typelist<at::Tensor const&, std::optional<c10::ScalarType>, std::optional<c10::Layout>, std::optional<c10::Device>, std::optional<bool>, bool, std::optional<c10::MemoryFormat> > >, at::Tensor (at::Tensor const&, std::optional<c10::ScalarType>, std::optional<c10::Layout>, std::optional<c10::Device>, std::optional<bool>, bool, std::optional<c10::MemoryFormat>)>::call(c10::OperatorKernel*, c10::DispatchKeySet, at::Tensor const&, std::optional<c10::ScalarType>, std::optional<c10::Layout>, std::optional<c10::Device>, std::optional<bool>, bool, std::optional<c10::MemoryFormat>) [0x2aed68b] in libtorch_cpu.so
=========         Host Frame: at::_ops::_to_copy::redispatch(c10::DispatchKeySet, at::Tensor const&, std::optional<c10::ScalarType>, std::optional<c10::Layout>, std::optional<c10::Device>, std::optional<bool>, bool, std::optional<c10::MemoryFormat>) [0x21c34d1] in libtorch_cpu.so
=========         Host Frame: c10::impl::wrap_kernel_functor_unboxed_<c10::impl::detail::WrapFunctionIntoFunctor_<c10::CompileTimeFunctionPointer<at::Tensor (at::Tensor const&, std::optional<c10::ScalarType>, std::optional<c10::Layout>, std::optional<c10::Device>, std::optional<bool>, bool, std::optional<c10::MemoryFormat>), &at::(anonymous namespace)::_to_copy>, at::Tensor, c10::guts::typelist::typelist<at::Tensor const&, std::optional<c10::ScalarType>, std::optional<c10::Layout>, std::optional<c10::Device>, std::optional<bool>, bool, std::optional<c10::MemoryFormat> > >, at::Tensor (at::Tensor const&, std::optional<c10::ScalarType>, std::optional<c10::Layout>, std::optional<c10::Device>, std::optional<bool>, bool, std::optional<c10::MemoryFormat>)>::call(c10::OperatorKernel*, c10::DispatchKeySet, at::Tensor const&, std::optional<c10::ScalarType>, std::optional<c10::Layout>, std::optional<c10::Device>, std::optional<bool>, bool, std::optional<c10::MemoryFormat>) [0x28ba68a] in libtorch_cpu.so
=========         Host Frame: at::_ops::_to_copy::redispatch(c10::DispatchKeySet, at::Tensor const&, std::optional<c10::ScalarType>, std::optional<c10::Layout>, std::optional<c10::Device>, std::optional<bool>, bool, std::optional<c10::MemoryFormat>) [0x21c34d1] in libtorch_cpu.so
=========         Host Frame: torch::autograd::VariableType::(anonymous namespace)::_to_copy(c10::DispatchKeySet, at::Tensor const&, std::optional<c10::ScalarType>, std::optional<c10::Layout>, std::optional<c10::Device>, std::optional<bool>, bool, std::optional<c10::MemoryFormat>) [0x49975db] in libtorch_cpu.so
=========         Host Frame: c10::impl::wrap_kernel_functor_unboxed_<c10::impl::detail::WrapFunctionIntoFunctor_<c10::CompileTimeFunctionPointer<at::Tensor (c10::DispatchKeySet, at::Tensor const&, std::optional<c10::ScalarType>, std::optional<c10::Layout>, std::optional<c10::Device>, std::optional<bool>, bool, std::optional<c10::MemoryFormat>), &torch::autograd::VariableType::(anonymous namespace)::_to_copy>, at::Tensor, c10::guts::typelist::typelist<c10::DispatchKeySet, at::Tensor const&, std::optional<c10::ScalarType>, std::optional<c10::Layout>, std::optional<c10::Device>, std::optional<bool>, bool, std::optional<c10::MemoryFormat> > >, at::Tensor (c10::DispatchKeySet, at::Tensor const&, std::optional<c10::ScalarType>, std::optional<c10::Layout>, std::optional<c10::Device>, std::optional<bool>, bool, std::optional<c10::MemoryFormat>)>::call(c10::OperatorKernel*, c10::DispatchKeySet, at::Tensor const&, std::optional<c10::ScalarType>, std::optional<c10::Layout>, std::optional<c10::Device>, std::optional<bool>, bool, std::optional<c10::MemoryFormat>) [0x4997a3e] in libtorch_cpu.so
=========         Host Frame: at::_ops::_to_copy::call(at::Tensor const&, std::optional<c10::ScalarType>, std::optional<c10::Layout>, std::optional<c10::Device>, std::optional<bool>, bool, std::optional<c10::MemoryFormat>) [0x2264f7c] in libtorch_cpu.so
=========         Host Frame: at::native::to(at::Tensor const&, std::optional<c10::ScalarType>, std::optional<c10::Layout>, std::optional<c10::Device>, std::optional<bool>, bool, bool, std::optional<c10::MemoryFormat>) [0x1d104fd] in libtorch_cpu.so
=========         Host Frame: c10::impl::wrap_kernel_functor_unboxed_<c10::impl::detail::WrapFunctionIntoFunctor_<c10::CompileTimeFunctionPointer<at::Tensor (at::Tensor const&, std::optional<c10::ScalarType>, std::optional<c10::Layout>, std::optional<c10::Device>, std::optional<bool>, bool, bool, std::optional<c10::MemoryFormat>), &at::(anonymous namespace)::(anonymous namespace)::wrapper_CompositeImplicitAutograd_dtype_layout_to>, at::Tensor, c10::guts::typelist::typelist<at::Tensor const&, std::optional<c10::ScalarType>, std::optional<c10::Layout>, std::optional<c10::Device>, std::optional<bool>, bool, bool, std::optional<c10::MemoryFormat> > >, at::Tensor (at::Tensor const&, std::optional<c10::ScalarType>, std::optional<c10::Layout>, std::optional<c10::Device>, std::optional<bool>, bool, bool, std::optional<c10::MemoryFormat>)>::call(c10::OperatorKernel*, c10::DispatchKeySet, at::Tensor const&, std::optional<c10::ScalarType>, std::optional<c10::Layout>, std::optional<c10::Device>, std::optional<bool>, bool, bool, std::optional<c10::MemoryFormat>) [0x2be4c41] in libtorch_cpu.so
=========         Host Frame: at::_ops::to_dtype_layout::call(at::Tensor const&, std::optional<c10::ScalarType>, std::optional<c10::Layout>, std::optional<c10::Device>, std::optional<bool>, bool, bool, std::optional<c10::MemoryFormat>) [0x23fbe16] in libtorch_cpu.so
=========         Host Frame: at::Tensor::to(c10::TensorOptions, bool, bool, std::optional<c10::MemoryFormat>) const [0x4354c8] in libtorch_python.so
=========         Host Frame: torch::autograd::dispatch_to(at::Tensor const&, c10::Device, bool, bool, std::optional<c10::MemoryFormat>) [0x3d7920] in libtorch_python.so
=========         Host Frame: torch::autograd::THPVariable_cpu(_object*, _object*, _object*) [0x3d7b1d] in libtorch_python.so
=========         Host Frame:  [0x151347] in python
=========         Host Frame: PyObject_Vectorcall [0x149934] in python
=========         Host Frame: _PyEval_EvalFrameDefault [0x1d6f08] in python
=========         Host Frame: PyEval_EvalCode [0x1d544a] in python
=========         Host Frame:  [0x2085a1] in python
=========         Host Frame:  [0x2b5032] in python
=========         Host Frame: _PyRun_SimpleFileObject [0x2b4d99] in python
=========         Host Frame: _PyRun_AnyFileObject [0x2b4bce] in python
=========         Host Frame: Py_RunMain [0x2bcc34] in python
=========         Host Frame: Py_BytesMain [0x2bc71c] in python
=========         Host Frame:  [0x2a1c9] in libc.so.6
=========         Host Frame: __libc_start_main [0x2a28a] in libc.so.6
=========         Host Frame: _start [0x257bc4] in python
=========         Host Frame: validate in compare_baselines.py:117
=========         Host Frame: main in study.py:94
========= 
========= Host API memory access error at host access to 0xb11c8c000 of size 264192 bytes
=========     Uninitialized access at 0xb11c8c640 on access by cudaMemcpy source
=========     Saved host backtrace up to driver entry point at error
=========         Host Frame:  [0x481c0] in libcudart.so.12
=========         Host Frame:  [0x17057] in libcudart.so.12
=========         Host Frame: cudaMemcpyAsync [0x768a0] in libcudart.so.12
=========         Host Frame: at::native::copy_kernel_cuda(at::TensorIterator&, bool) [0x16a984b] in libtorch_cuda.so
=========         Host Frame: at::native::copy_impl(at::Tensor&, at::Tensor const&, bool) [clone .isra.0] [0x1a2f8a2] in libtorch_cpu.so
=========         Host Frame: at::native::copy_(at::Tensor&, at::Tensor const&, bool) [0x1a31186] in libtorch_cpu.so
=========         Host Frame: at::_ops::copy_::call(at::Tensor&, at::Tensor const&, bool) [0x26e73d6] in libtorch_cpu.so
=========         Host Frame: at::native::_to_copy(at::Tensor const&, std::optional<c10::ScalarType>, std::optional<c10::Layout>, std::optional<c10::Device>, std::optional<bool>, bool, std::optional<c10::MemoryFormat>) [0x1d12ab2] in libtorch_cpu.so
=========         Host Frame: c10::impl::wrap_kernel_functor_unboxed_<c10::impl::detail::WrapFunctionIntoFunctor_<c10::CompileTimeFunctionPointer<at::Tensor (at::Tensor const&, std::optional<c10::ScalarType>, std::optional<c10::Layout>, std::optional<c10::Device>, std::optional<bool>, bool, std::optional<c10::MemoryFormat>), &at::(anonymous namespace)::(anonymous namespace)::wrapper_CompositeExplicitAutograd___to_copy>, at::Tensor, c10::guts::typelist::typelist<at::Tensor const&, std::optional<c10::ScalarType>, std::optional<c10::Layout>, std::optional<c10::Device>, std::optional<bool>, bool, std::optional<c10::MemoryFormat> > >, at::Tensor (at::Tensor const&, std::optional<c10::ScalarType>, std::optional<c10::Layout>, std::optional<c10::Device>, std::optional<bool>, bool, std::optional<c10::MemoryFormat>)>::call(c10::OperatorKernel*, c10::DispatchKeySet, at::Tensor const&, std::optional<c10::ScalarType>, std::optional<c10::Layout>, std::optional<c10::Device>, std::optional<bool>, bool, std::optional<c10::MemoryFormat>) [0x2aed68b] in libtorch_cpu.so
=========         Host Frame: at::_ops::_to_copy::redispatch(c10::DispatchKeySet, at::Tensor const&, std::optional<c10::ScalarType>, std::optional<c10::Layout>, std::optional<c10::Device>, std::optional<bool>, bool, std::optional<c10::MemoryFormat>) [0x21c34d1] in libtorch_cpu.so
=========         Host Frame: c10::impl::wrap_kernel_functor_unboxed_<c10::impl::detail::WrapFunctionIntoFunctor_<c10::CompileTimeFunctionPointer<at::Tensor (at::Tensor const&, std::optional<c10::ScalarType>, std::optional<c10::Layout>, std::optional<c10::Device>, std::optional<bool>, bool, std::optional<c10::MemoryFormat>), &at::(anonymous namespace)::_to_copy>, at::Tensor, c10::guts::typelist::typelist<at::Tensor const&, std::optional<c10::ScalarType>, std::optional<c10::Layout>, std::optional<c10::Device>, std::optional<bool>, bool, std::optional<c10::MemoryFormat> > >, at::Tensor (at::Tensor const&, std::optional<c10::ScalarType>, std::optional<c10::Layout>, std::optional<c10::Device>, std::optional<bool>, bool, std::optional<c10::MemoryFormat>)>::call(c10::OperatorKernel*, c10::DispatchKeySet, at::Tensor const&, std::optional<c10::ScalarType>, std::optional<c10::Layout>, std::optional<c10::Device>, std::optional<bool>, bool, std::optional<c10::MemoryFormat>) [0x28ba68a] in libtorch_cpu.so
=========         Host Frame: at::_ops::_to_copy::redispatch(c10::DispatchKeySet, at::Tensor const&, std::optional<c10::ScalarType>, std::optional<c10::Layout>, std::optional<c10::Device>, std::optional<bool>, bool, std::optional<c10::MemoryFormat>) [0x21c34d1] in libtorch_cpu.so
=========         Host Frame: torch::autograd::VariableType::(anonymous namespace)::_to_copy(c10::DispatchKeySet, at::Tensor const&, std::optional<c10::ScalarType>, std::optional<c10::Layout>, std::optional<c10::Device>, std::optional<bool>, bool, std::optional<c10::MemoryFormat>) [0x49975db] in libtorch_cpu.so
=========         Host Frame: c10::impl::wrap_kernel_functor_unboxed_<c10::impl::detail::WrapFunctionIntoFunctor_<c10::CompileTimeFunctionPointer<at::Tensor (c10::DispatchKeySet, at::Tensor const&, std::optional<c10::ScalarType>, std::optional<c10::Layout>, std::optional<c10::Device>, std::optional<bool>, bool, std::optional<c10::MemoryFormat>), &torch::autograd::VariableType::(anonymous namespace)::_to_copy>, at::Tensor, c10::guts::typelist::typelist<c10::DispatchKeySet, at::Tensor const&, std::optional<c10::ScalarType>, std::optional<c10::Layout>, std::optional<c10::Device>, std::optional<bool>, bool, std::optional<c10::MemoryFormat> > >, at::Tensor (c10::DispatchKeySet, at::Tensor const&, std::optional<c10::ScalarType>, std::optional<c10::Layout>, std::optional<c10::Device>, std::optional<bool>, bool, std::optional<c10::MemoryFormat>)>::call(c10::OperatorKernel*, c10::DispatchKeySet, at::Tensor const&, std::optional<c10::ScalarType>, std::optional<c10::Layout>, std::optional<c10::Device>, std::optional<bool>, bool, std::optional<c10::MemoryFormat>) [0x4997a3e] in libtorch_cpu.so
=========         Host Frame: at::_ops::_to_copy::call(at::Tensor const&, std::optional<c10::ScalarType>, std::optional<c10::Layout>, std::optional<c10::Device>, std::optional<bool>, bool, std::optional<c10::MemoryFormat>) [0x2264f7c] in libtorch_cpu.so
=========         Host Frame: at::native::to(at::Tensor const&, std::optional<c10::ScalarType>, std::optional<c10::Layout>, std::optional<c10::Device>, std::optional<bool>, bool, bool, std::optional<c10::MemoryFormat>) [0x1d104fd] in libtorch_cpu.so
=========         Host Frame: c10::impl::wrap_kernel_functor_unboxed_<c10::impl::detail::WrapFunctionIntoFunctor_<c10::CompileTimeFunctionPointer<at::Tensor (at::Tensor const&, std::optional<c10::ScalarType>, std::optional<c10::Layout>, std::optional<c10::Device>, std::optional<bool>, bool, bool, std::optional<c10::MemoryFormat>), &at::(anonymous namespace)::(anonymous namespace)::wrapper_CompositeImplicitAutograd_dtype_layout_to>, at::Tensor, c10::guts::typelist::typelist<at::Tensor const&, std::optional<c10::ScalarType>, std::optional<c10::Layout>, std::optional<c10::Device>, std::optional<bool>, bool, bool, std::optional<c10::MemoryFormat> > >, at::Tensor (at::Tensor const&, std::optional<c10::ScalarType>, std::optional<c10::Layout>, std::optional<c10::Device>, std::optional<bool>, bool, bool, std::optional<c10::MemoryFormat>)>::call(c10::OperatorKernel*, c10::DispatchKeySet, at::Tensor const&, std::optional<c10::ScalarType>, std::optional<c10::Layout>, std::optional<c10::Device>, std::optional<bool>, bool, bool, std::optional<c10::MemoryFormat>) [0x2be4c41] in libtorch_cpu.so
=========         Host Frame: at::_ops::to_dtype_layout::call(at::Tensor const&, std::optional<c10::ScalarType>, std::optional<c10::Layout>, std::optional<c10::Device>, std::optional<bool>, bool, bool, std::optional<c10::MemoryFormat>) [0x23fbe16] in libtorch_cpu.so
=========         Host Frame: at::Tensor::to(c10::TensorOptions, bool, bool, std::optional<c10::MemoryFormat>) const [0x4354c8] in libtorch_python.so
=========         Host Frame: torch::autograd::dispatch_to(at::Tensor const&, c10::Device, bool, bool, std::optional<c10::MemoryFormat>) [0x3d7920] in libtorch_python.so
=========         Host Frame: torch::autograd::THPVariable_cpu(_object*, _object*, _object*) [0x3d7b1d] in libtorch_python.so
=========         Host Frame:  [0x151347] in python
=========         Host Frame: PyObject_Vectorcall [0x149934] in python
=========         Host Frame: _PyEval_EvalFrameDefault [0x1d6f08] in python
=========         Host Frame: PyEval_EvalCode [0x1d544a] in python
=========         Host Frame:  [0x2085a1] in python
=========         Host Frame:  [0x2b5032] in python
=========         Host Frame: _PyRun_SimpleFileObject [0x2b4d99] in python
=========         Host Frame: _PyRun_AnyFileObject [0x2b4bce] in python
=========         Host Frame: Py_RunMain [0x2bcc34] in python
=========         Host Frame: Py_BytesMain [0x2bc71c] in python
=========         Host Frame:  [0x2a1c9] in libc.so.6
=========         Host Frame: __libc_start_main [0x2a28a] in libc.so.6
=========         Host Frame: _start [0x257bc4] in python
=========         Host Frame: validate in compare_baselines.py:117
=========         Host Frame: main in study.py:94
========= 
========= Host API memory access error at host access to 0xb11c8c000 of size 264192 bytes
=========     Uninitialized access at 0xb11c8c660 on access by cudaMemcpy source
=========     Saved host backtrace up to driver entry point at error
=========         Host Frame:  [0x481c0] in libcudart.so.12
=========         Host Frame:  [0x17057] in libcudart.so.12
=========         Host Frame: cudaMemcpyAsync [0x768a0] in libcudart.so.12
=========         Host Frame: at::native::copy_kernel_cuda(at::TensorIterator&, bool) [0x16a984b] in libtorch_cuda.so
=========         Host Frame: at::native::copy_impl(at::Tensor&, at::Tensor const&, bool) [clone .isra.0] [0x1a2f8a2] in libtorch_cpu.so
=========         Host Frame: at::native::copy_(at::Tensor&, at::Tensor const&, bool) [0x1a31186] in libtorch_cpu.so
=========         Host Frame: at::_ops::copy_::call(at::Tensor&, at::Tensor const&, bool) [0x26e73d6] in libtorch_cpu.so
=========         Host Frame: at::native::_to_copy(at::Tensor const&, std::optional<c10::ScalarType>, std::optional<c10::Layout>, std::optional<c10::Device>, std::optional<bool>, bool, std::optional<c10::MemoryFormat>) [0x1d12ab2] in libtorch_cpu.so
=========         Host Frame: c10::impl::wrap_kernel_functor_unboxed_<c10::impl::detail::WrapFunctionIntoFunctor_<c10::CompileTimeFunctionPointer<at::Tensor (at::Tensor const&, std::optional<c10::ScalarType>, std::optional<c10::Layout>, std::optional<c10::Device>, std::optional<bool>, bool, std::optional<c10::MemoryFormat>), &at::(anonymous namespace)::(anonymous namespace)::wrapper_CompositeExplicitAutograd___to_copy>, at::Tensor, c10::guts::typelist::typelist<at::Tensor const&, std::optional<c10::ScalarType>, std::optional<c10::Layout>, std::optional<c10::Device>, std::optional<bool>, bool, std::optional<c10::MemoryFormat> > >, at::Tensor (at::Tensor const&, std::optional<c10::ScalarType>, std::optional<c10::Layout>, std::optional<c10::Device>, std::optional<bool>, bool, std::optional<c10::MemoryFormat>)>::call(c10::OperatorKernel*, c10::DispatchKeySet, at::Tensor const&, std::optional<c10::ScalarType>, std::optional<c10::Layout>, std::optional<c10::Device>, std::optional<bool>, bool, std::optional<c10::MemoryFormat>) [0x2aed68b] in libtorch_cpu.so
=========         Host Frame: at::_ops::_to_copy::redispatch(c10::DispatchKeySet, at::Tensor const&, std::optional<c10::ScalarType>, std::optional<c10::Layout>, std::optional<c10::Device>, std::optional<bool>, bool, std::optional<c10::MemoryFormat>) [0x21c34d1] in libtorch_cpu.so
=========         Host Frame: c10::impl::wrap_kernel_functor_unboxed_<c10::impl::detail::WrapFunctionIntoFunctor_<c10::CompileTimeFunctionPointer<at::Tensor (at::Tensor const&, std::optional<c10::ScalarType>, std::optional<c10::Layout>, std::optional<c10::Device>, std::optional<bool>, bool, std::optional<c10::MemoryFormat>), &at::(anonymous namespace)::_to_copy>, at::Tensor, c10::guts::typelist::typelist<at::Tensor const&, std::optional<c10::ScalarType>, std::optional<c10::Layout>, std::optional<c10::Device>, std::optional<bool>, bool, std::optional<c10::MemoryFormat> > >, at::Tensor (at::Tensor const&, std::optional<c10::ScalarType>, std::optional<c10::Layout>, std::optional<c10::Device>, std::optional<bool>, bool, std::optional<c10::MemoryFormat>)>::call(c10::OperatorKernel*, c10::DispatchKeySet, at::Tensor const&, std::optional<c10::ScalarType>, std::optional<c10::Layout>, std::optional<c10::Device>, std::optional<bool>, bool, std::optional<c10::MemoryFormat>) [0x28ba68a] in libtorch_cpu.so
=========         Host Frame: at::_ops::_to_copy::redispatch(c10::DispatchKeySet, at::Tensor const&, std::optional<c10::ScalarType>, std::optional<c10::Layout>, std::optional<c10::Device>, std::optional<bool>, bool, std::optional<c10::MemoryFormat>) [0x21c34d1] in libtorch_cpu.so
=========         Host Frame: torch::autograd::VariableType::(anonymous namespace)::_to_copy(c10::DispatchKeySet, at::Tensor const&, std::optional<c10::ScalarType>, std::optional<c10::Layout>, std::optional<c10::Device>, std::optional<bool>, bool, std::optional<c10::MemoryFormat>) [0x49975db] in libtorch_cpu.so
=========         Host Frame: c10::impl::wrap_kernel_functor_unboxed_<c10::impl::detail::WrapFunctionIntoFunctor_<c10::CompileTimeFunctionPointer<at::Tensor (c10::DispatchKeySet, at::Tensor const&, std::optional<c10::ScalarType>, std::optional<c10::Layout>, std::optional<c10::Device>, std::optional<bool>, bool, std::optional<c10::MemoryFormat>), &torch::autograd::VariableType::(anonymous namespace)::_to_copy>, at::Tensor, c10::guts::typelist::typelist<c10::DispatchKeySet, at::Tensor const&, std::optional<c10::ScalarType>, std::optional<c10::Layout>, std::optional<c10::Device>, std::optional<bool>, bool, std::optional<c10::MemoryFormat> > >, at::Tensor (c10::DispatchKeySet, at::Tensor const&, std::optional<c10::ScalarType>, std::optional<c10::Layout>, std::optional<c10::Device>, std::optional<bool>, bool, std::optional<c10::MemoryFormat>)>::call(c10::OperatorKernel*, c10::DispatchKeySet, at::Tensor const&, std::optional<c10::ScalarType>, std::optional<c10::Layout>, std::optional<c10::Device>, std::optional<bool>, bool, std::optional<c10::MemoryFormat>) [0x4997a3e] in libtorch_cpu.so
=========         Host Frame: at::_ops::_to_copy::call(at::Tensor const&, std::optional<c10::ScalarType>, std::optional<c10::Layout>, std::optional<c10::Device>, std::optional<bool>, bool, std::optional<c10::MemoryFormat>) [0x2264f7c] in libtorch_cpu.so
=========         Host Frame: at::native::to(at::Tensor const&, std::optional<c10::ScalarType>, std::optional<c10::Layout>, std::optional<c10::Device>, std::optional<bool>, bool, bool, std::optional<c10::MemoryFormat>) [0x1d104fd] in libtorch_cpu.so
=========         Host Frame: c10::impl::wrap_kernel_functor_unboxed_<c10::impl::detail::WrapFunctionIntoFunctor_<c10::CompileTimeFunctionPointer<at::Tensor (at::Tensor const&, std::optional<c10::ScalarType>, std::optional<c10::Layout>, std::optional<c10::Device>, std::optional<bool>, bool, bool, std::optional<c10::MemoryFormat>), &at::(anonymous namespace)::(anonymous namespace)::wrapper_CompositeImplicitAutograd_dtype_layout_to>, at::Tensor, c10::guts::typelist::typelist<at::Tensor const&, std::optional<c10::ScalarType>, std::optional<c10::Layout>, std::optional<c10::Device>, std::optional<bool>, bool, bool, std::optional<c10::MemoryFormat> > >, at::Tensor (at::Tensor const&, std::optional<c10::ScalarType>, std::optional<c10::Layout>, std::optional<c10::Device>, std::optional<bool>, bool, bool, std::optional<c10::MemoryFormat>)>::call(c10::OperatorKernel*, c10::DispatchKeySet, at::Tensor const&, std::optional<c10::ScalarType>, std::optional<c10::Layout>, std::optional<c10::Device>, std::optional<bool>, bool, bool, std::optional<c10::MemoryFormat>) [0x2be4c41] in libtorch_cpu.so
=========         Host Frame: at::_ops::to_dtype_layout::call(at::Tensor const&, std::optional<c10::ScalarType>, std::optional<c10::Layout>, std::optional<c10::Device>, std::optional<bool>, bool, bool, std::optional<c10::MemoryFormat>) [0x23fbe16] in libtorch_cpu.so
=========         Host Frame: at::Tensor::to(c10::TensorOptions, bool, bool, std::optional<c10::MemoryFormat>) const [0x4354c8] in libtorch_python.so
=========         Host Frame: torch::autograd::dispatch_to(at::Tensor const&, c10::Device, bool, bool, std::optional<c10::MemoryFormat>) [0x3d7920] in libtorch_python.so
=========         Host Frame: torch::autograd::THPVariable_cpu(_object*, _object*, _object*) [0x3d7b1d] in libtorch_python.so
=========         Host Frame:  [0x151347] in python
=========         Host Frame: PyObject_Vectorcall [0x149934] in python
=========         Host Frame: _PyEval_EvalFrameDefault [0x1d6f08] in python
=========         Host Frame: PyEval_EvalCode [0x1d544a] in python
=========         Host Frame:  [0x2085a1] in python
=========         Host Frame:  [0x2b5032] in python
=========         Host Frame: _PyRun_SimpleFileObject [0x2b4d99] in python
=========         Host Frame: _PyRun_AnyFileObject [0x2b4bce] in python
=========         Host Frame: Py_RunMain [0x2bcc34] in python
=========         Host Frame: Py_BytesMain [0x2bc71c] in python
=========         Host Frame:  [0x2a1c9] in libc.so.6
=========         Host Frame: __libc_start_main [0x2a28a] in libc.so.6
=========         Host Frame: _start [0x257bc4] in python
=========         Host Frame: validate in compare_baselines.py:117
=========         Host Frame: main in study.py:94
========= 
========= Host API memory access error at host access to 0xb11c8c000 of size 264192 bytes
=========     Uninitialized access at 0xb11c8c680 on access by cudaMemcpy source
=========     Saved host backtrace up to driver entry point at error
=========         Host Frame:  [0x481c0] in libcudart.so.12
=========         Host Frame:  [0x17057] in libcudart.so.12
=========         Host Frame: cudaMemcpyAsync [0x768a0] in libcudart.so.12
=========         Host Frame: at::native::copy_kernel_cuda(at::TensorIterator&, bool) [0x16a984b] in libtorch_cuda.so
=========         Host Frame: at::native::copy_impl(at::Tensor&, at::Tensor const&, bool) [clone .isra.0] [0x1a2f8a2] in libtorch_cpu.so
=========         Host Frame: at::native::copy_(at::Tensor&, at::Tensor const&, bool) [0x1a31186] in libtorch_cpu.so
=========         Host Frame: at::_ops::copy_::call(at::Tensor&, at::Tensor const&, bool) [0x26e73d6] in libtorch_cpu.so
=========         Host Frame: at::native::_to_copy(at::Tensor const&, std::optional<c10::ScalarType>, std::optional<c10::Layout>, std::optional<c10::Device>, std::optional<bool>, bool, std::optional<c10::MemoryFormat>) [0x1d12ab2] in libtorch_cpu.so
=========         Host Frame: c10::impl::wrap_kernel_functor_unboxed_<c10::impl::detail::WrapFunctionIntoFunctor_<c10::CompileTimeFunctionPointer<at::Tensor (at::Tensor const&, std::optional<c10::ScalarType>, std::optional<c10::Layout>, std::optional<c10::Device>, std::optional<bool>, bool, std::optional<c10::MemoryFormat>), &at::(anonymous namespace)::(anonymous namespace)::wrapper_CompositeExplicitAutograd___to_copy>, at::Tensor, c10::guts::typelist::typelist<at::Tensor const&, std::optional<c10::ScalarType>, std::optional<c10::Layout>, std::optional<c10::Device>, std::optional<bool>, bool, std::optional<c10::MemoryFormat> > >, at::Tensor (at::Tensor const&, std::optional<c10::ScalarType>, std::optional<c10::Layout>, std::optional<c10::Device>, std::optional<bool>, bool, std::optional<c10::MemoryFormat>)>::call(c10::OperatorKernel*, c10::DispatchKeySet, at::Tensor const&, std::optional<c10::ScalarType>, std::optional<c10::Layout>, std::optional<c10::Device>, std::optional<bool>, bool, std::optional<c10::MemoryFormat>) [0x2aed68b] in libtorch_cpu.so
=========         Host Frame: at::_ops::_to_copy::redispatch(c10::DispatchKeySet, at::Tensor const&, std::optional<c10::ScalarType>, std::optional<c10::Layout>, std::optional<c10::Device>, std::optional<bool>, bool, std::optional<c10::MemoryFormat>) [0x21c34d1] in libtorch_cpu.so
=========         Host Frame: c10::impl::wrap_kernel_functor_unboxed_<c10::impl::detail::WrapFunctionIntoFunctor_<c10::CompileTimeFunctionPointer<at::Tensor (at::Tensor const&, std::optional<c10::ScalarType>, std::optional<c10::Layout>, std::optional<c10::Device>, std::optional<bool>, bool, std::optional<c10::MemoryFormat>), &at::(anonymous namespace)::_to_copy>, at::Tensor, c10::guts::typelist::typelist<at::Tensor const&, std::optional<c10::ScalarType>, std::optional<c10::Layout>, std::optional<c10::Device>, std::optional<bool>, bool, std::optional<c10::MemoryFormat> > >, at::Tensor (at::Tensor const&, std::optional<c10::ScalarType>, std::optional<c10::Layout>, std::optional<c10::Device>, std::optional<bool>, bool, std::optional<c10::MemoryFormat>)>::call(c10::OperatorKernel*, c10::DispatchKeySet, at::Tensor const&, std::optional<c10::ScalarType>, std::optional<c10::Layout>, std::optional<c10::Device>, std::optional<bool>, bool, std::optional<c10::MemoryFormat>) [0x28ba68a] in libtorch_cpu.so
=========         Host Frame: at::_ops::_to_copy::redispatch(c10::DispatchKeySet, at::Tensor const&, std::optional<c10::ScalarType>, std::optional<c10::Layout>, std::optional<c10::Device>, std::optional<bool>, bool, std::optional<c10::MemoryFormat>) [0x21c34d1] in libtorch_cpu.so
=========         Host Frame: torch::autograd::VariableType::(anonymous namespace)::_to_copy(c10::DispatchKeySet, at::Tensor const&, std::optional<c10::ScalarType>, std::optional<c10::Layout>, std::optional<c10::Device>, std::optional<bool>, bool, std::optional<c10::MemoryFormat>) [0x49975db] in libtorch_cpu.so
=========         Host Frame: c10::impl::wrap_kernel_functor_unboxed_<c10::impl::detail::WrapFunctionIntoFunctor_<c10::CompileTimeFunctionPointer<at::Tensor (c10::DispatchKeySet, at::Tensor const&, std::optional<c10::ScalarType>, std::optional<c10::Layout>, std::optional<c10::Device>, std::optional<bool>, bool, std::optional<c10::MemoryFormat>), &torch::autograd::VariableType::(anonymous namespace)::_to_copy>, at::Tensor, c10::guts::typelist::typelist<c10::DispatchKeySet, at::Tensor const&, std::optional<c10::ScalarType>, std::optional<c10::Layout>, std::optional<c10::Device>, std::optional<bool>, bool, std::optional<c10::MemoryFormat> > >, at::Tensor (c10::DispatchKeySet, at::Tensor const&, std::optional<c10::ScalarType>, std::optional<c10::Layout>, std::optional<c10::Device>, std::optional<bool>, bool, std::optional<c10::MemoryFormat>)>::call(c10::OperatorKernel*, c10::DispatchKeySet, at::Tensor const&, std::optional<c10::ScalarType>, std::optional<c10::Layout>, std::optional<c10::Device>, std::optional<bool>, bool, std::optional<c10::MemoryFormat>) [0x4997a3e] in libtorch_cpu.so
=========         Host Frame: at::_ops::_to_copy::call(at::Tensor const&, std::optional<c10::ScalarType>, std::optional<c10::Layout>, std::optional<c10::Device>, std::optional<bool>, bool, std::optional<c10::MemoryFormat>) [0x2264f7c] in libtorch_cpu.so
=========         Host Frame: at::native::to(at::Tensor const&, std::optional<c10::ScalarType>, std::optional<c10::Layout>, std::optional<c10::Device>, std::optional<bool>, bool, bool, std::optional<c10::MemoryFormat>) [0x1d104fd] in libtorch_cpu.so
=========         Host Frame: c10::impl::wrap_kernel_functor_unboxed_<c10::impl::detail::WrapFunctionIntoFunctor_<c10::CompileTimeFunctionPointer<at::Tensor (at::Tensor const&, std::optional<c10::ScalarType>, std::optional<c10::Layout>, std::optional<c10::Device>, std::optional<bool>, bool, bool, std::optional<c10::MemoryFormat>), &at::(anonymous namespace)::(anonymous namespace)::wrapper_CompositeImplicitAutograd_dtype_layout_to>, at::Tensor, c10::guts::typelist::typelist<at::Tensor const&, std::optional<c10::ScalarType>, std::optional<c10::Layout>, std::optional<c10::Device>, std::optional<bool>, bool, bool, std::optional<c10::MemoryFormat> > >, at::Tensor (at::Tensor const&, std::optional<c10::ScalarType>, std::optional<c10::Layout>, std::optional<c10::Device>, std::optional<bool>, bool, bool, std::optional<c10::MemoryFormat>)>::call(c10::OperatorKernel*, c10::DispatchKeySet, at::Tensor const&, std::optional<c10::ScalarType>, std::optional<c10::Layout>, std::optional<c10::Device>, std::optional<bool>, bool, bool, std::optional<c10::MemoryFormat>) [0x2be4c41] in libtorch_cpu.so
=========         Host Frame: at::_ops::to_dtype_layout::call(at::Tensor const&, std::optional<c10::ScalarType>, std::optional<c10::Layout>, std::optional<c10::Device>, std::optional<bool>, bool, bool, std::optional<c10::MemoryFormat>) [0x23fbe16] in libtorch_cpu.so
=========         Host Frame: at::Tensor::to(c10::TensorOptions, bool, bool, std::optional<c10::MemoryFormat>) const [0x4354c8] in libtorch_python.so
=========         Host Frame: torch::autograd::dispatch_to(at::Tensor const&, c10::Device, bool, bool, std::optional<c10::MemoryFormat>) [0x3d7920] in libtorch_python.so
=========         Host Frame: torch::autograd::THPVariable_cpu(_object*, _object*, _object*) [0x3d7b1d] in libtorch_python.so
=========         Host Frame:  [0x151347] in python
=========         Host Frame: PyObject_Vectorcall [0x149934] in python
=========         Host Frame: _PyEval_EvalFrameDefault [0x1d6f08] in python
=========         Host Frame: PyEval_EvalCode [0x1d544a] in python
=========         Host Frame:  [0x2085a1] in python
=========         Host Frame:  [0x2b5032] in python
=========         Host Frame: _PyRun_SimpleFileObject [0x2b4d99] in python
=========         Host Frame: _PyRun_AnyFileObject [0x2b4bce] in python
=========         Host Frame: Py_RunMain [0x2bcc34] in python
=========         Host Frame: Py_BytesMain [0x2bc71c] in python
=========         Host Frame:  [0x2a1c9] in libc.so.6
=========         Host Frame: __libc_start_main [0x2a28a] in libc.so.6
=========         Host Frame: _start [0x257bc4] in python
=========         Host Frame: validate in compare_baselines.py:117
=========         Host Frame: main in study.py:94
========= 
========= Host API memory access error at host access to 0xb11c8c000 of size 264192 bytes
=========     Uninitialized access at 0xb11c8c6a0 on access by cudaMemcpy source
=========     Saved host backtrace up to driver entry point at error
=========         Host Frame:  [0x481c0] in libcudart.so.12
=========         Host Frame:  [0x17057] in libcudart.so.12
=========         Host Frame: cudaMemcpyAsync [0x768a0] in libcudart.so.12
=========         Host Frame: at::native::copy_kernel_cuda(at::TensorIterator&, bool) [0x16a984b] in libtorch_cuda.so
=========         Host Frame: at::native::copy_impl(at::Tensor&, at::Tensor const&, bool) [clone .isra.0] [0x1a2f8a2] in libtorch_cpu.so
=========         Host Frame: at::native::copy_(at::Tensor&, at::Tensor const&, bool) [0x1a31186] in libtorch_cpu.so
=========         Host Frame: at::_ops::copy_::call(at::Tensor&, at::Tensor const&, bool) [0x26e73d6] in libtorch_cpu.so
=========         Host Frame: at::native::_to_copy(at::Tensor const&, std::optional<c10::ScalarType>, std::optional<c10::Layout>, std::optional<c10::Device>, std::optional<bool>, bool, std::optional<c10::MemoryFormat>) [0x1d12ab2] in libtorch_cpu.so
=========         Host Frame: c10::impl::wrap_kernel_functor_unboxed_<c10::impl::detail::WrapFunctionIntoFunctor_<c10::CompileTimeFunctionPointer<at::Tensor (at::Tensor const&, std::optional<c10::ScalarType>, std::optional<c10::Layout>, std::optional<c10::Device>, std::optional<bool>, bool, std::optional<c10::MemoryFormat>), &at::(anonymous namespace)::(anonymous namespace)::wrapper_CompositeExplicitAutograd___to_copy>, at::Tensor, c10::guts::typelist::typelist<at::Tensor const&, std::optional<c10::ScalarType>, std::optional<c10::Layout>, std::optional<c10::Device>, std::optional<bool>, bool, std::optional<c10::MemoryFormat> > >, at::Tensor (at::Tensor const&, std::optional<c10::ScalarType>, std::optional<c10::Layout>, std::optional<c10::Device>, std::optional<bool>, bool, std::optional<c10::MemoryFormat>)>::call(c10::OperatorKernel*, c10::DispatchKeySet, at::Tensor const&, std::optional<c10::ScalarType>, std::optional<c10::Layout>, std::optional<c10::Device>, std::optional<bool>, bool, std::optional<c10::MemoryFormat>) [0x2aed68b] in libtorch_cpu.so
=========         Host Frame: at::_ops::_to_copy::redispatch(c10::DispatchKeySet, at::Tensor const&, std::optional<c10::ScalarType>, std::optional<c10::Layout>, std::optional<c10::Device>, std::optional<bool>, bool, std::optional<c10::MemoryFormat>) [0x21c34d1] in libtorch_cpu.so
=========         Host Frame: c10::impl::wrap_kernel_functor_unboxed_<c10::impl::detail::WrapFunctionIntoFunctor_<c10::CompileTimeFunctionPointer<at::Tensor (at::Tensor const&, std::optional<c10::ScalarType>, std::optional<c10::Layout>, std::optional<c10::Device>, std::optional<bool>, bool, std::optional<c10::MemoryFormat>), &at::(anonymous namespace)::_to_copy>, at::Tensor, c10::guts::typelist::typelist<at::Tensor const&, std::optional<c10::ScalarType>, std::optional<c10::Layout>, std::optional<c10::Device>, std::optional<bool>, bool, std::optional<c10::MemoryFormat> > >, at::Tensor (at::Tensor const&, std::optional<c10::ScalarType>, std::optional<c10::Layout>, std::optional<c10::Device>, std::optional<bool>, bool, std::optional<c10::MemoryFormat>)>::call(c10::OperatorKernel*, c10::DispatchKeySet, at::Tensor const&, std::optional<c10::ScalarType>, std::optional<c10::Layout>, std::optional<c10::Device>, std::optional<bool>, bool, std::optional<c10::MemoryFormat>) [0x28ba68a] in libtorch_cpu.so
=========         Host Frame: at::_ops::_to_copy::redispatch(c10::DispatchKeySet, at::Tensor const&, std::optional<c10::ScalarType>, std::optional<c10::Layout>, std::optional<c10::Device>, std::optional<bool>, bool, std::optional<c10::MemoryFormat>) [0x21c34d1] in libtorch_cpu.so
=========         Host Frame: torch::autograd::VariableType::(anonymous namespace)::_to_copy(c10::DispatchKeySet, at::Tensor const&, std::optional<c10::ScalarType>, std::optional<c10::Layout>, std::optional<c10::Device>, std::optional<bool>, bool, std::optional<c10::MemoryFormat>) [0x49975db] in libtorch_cpu.so
=========         Host Frame: c10::impl::wrap_kernel_functor_unboxed_<c10::impl::detail::WrapFunctionIntoFunctor_<c10::CompileTimeFunctionPointer<at::Tensor (c10::DispatchKeySet, at::Tensor const&, std::optional<c10::ScalarType>, std::optional<c10::Layout>, std::optional<c10::Device>, std::optional<bool>, bool, std::optional<c10::MemoryFormat>), &torch::autograd::VariableType::(anonymous namespace)::_to_copy>, at::Tensor, c10::guts::typelist::typelist<c10::DispatchKeySet, at::Tensor const&, std::optional<c10::ScalarType>, std::optional<c10::Layout>, std::optional<c10::Device>, std::optional<bool>, bool, std::optional<c10::MemoryFormat> > >, at::Tensor (c10::DispatchKeySet, at::Tensor const&, std::optional<c10::ScalarType>, std::optional<c10::Layout>, std::optional<c10::Device>, std::optional<bool>, bool, std::optional<c10::MemoryFormat>)>::call(c10::OperatorKernel*, c10::DispatchKeySet, at::Tensor const&, std::optional<c10::ScalarType>, std::optional<c10::Layout>, std::optional<c10::Device>, std::optional<bool>, bool, std::optional<c10::MemoryFormat>) [0x4997a3e] in libtorch_cpu.so
=========         Host Frame: at::_ops::_to_copy::call(at::Tensor const&, std::optional<c10::ScalarType>, std::optional<c10::Layout>, std::optional<c10::Device>, std::optional<bool>, bool, std::optional<c10::MemoryFormat>) [0x2264f7c] in libtorch_cpu.so
=========         Host Frame: at::native::to(at::Tensor const&, std::optional<c10::ScalarType>, std::optional<c10::Layout>, std::optional<c10::Device>, std::optional<bool>, bool, bool, std::optional<c10::MemoryFormat>) [0x1d104fd] in libtorch_cpu.so
=========         Host Frame: c10::impl::wrap_kernel_functor_unboxed_<c10::impl::detail::WrapFunctionIntoFunctor_<c10::CompileTimeFunctionPointer<at::Tensor (at::Tensor const&, std::optional<c10::ScalarType>, std::optional<c10::Layout>, std::optional<c10::Device>, std::optional<bool>, bool, bool, std::optional<c10::MemoryFormat>), &at::(anonymous namespace)::(anonymous namespace)::wrapper_CompositeImplicitAutograd_dtype_layout_to>, at::Tensor, c10::guts::typelist::typelist<at::Tensor const&, std::optional<c10::ScalarType>, std::optional<c10::Layout>, std::optional<c10::Device>, std::optional<bool>, bool, bool, std::optional<c10::MemoryFormat> > >, at::Tensor (at::Tensor const&, std::optional<c10::ScalarType>, std::optional<c10::Layout>, std::optional<c10::Device>, std::optional<bool>, bool, bool, std::optional<c10::MemoryFormat>)>::call(c10::OperatorKernel*, c10::DispatchKeySet, at::Tensor const&, std::optional<c10::ScalarType>, std::optional<c10::Layout>, std::optional<c10::Device>, std::optional<bool>, bool, bool, std::optional<c10::MemoryFormat>) [0x2be4c41] in libtorch_cpu.so
=========         Host Frame: at::_ops::to_dtype_layout::call(at::Tensor const&, std::optional<c10::ScalarType>, std::optional<c10::Layout>, std::optional<c10::Device>, std::optional<bool>, bool, bool, std::optional<c10::MemoryFormat>) [0x23fbe16] in libtorch_cpu.so
=========         Host Frame: at::Tensor::to(c10::TensorOptions, bool, bool, std::optional<c10::MemoryFormat>) const [0x4354c8] in libtorch_python.so
=========         Host Frame: torch::autograd::dispatch_to(at::Tensor const&, c10::Device, bool, bool, std::optional<c10::MemoryFormat>) [0x3d7920] in libtorch_python.so
=========         Host Frame: torch::autograd::THPVariable_cpu(_object*, _object*, _object*) [0x3d7b1d] in libtorch_python.so
=========         Host Frame:  [0x151347] in python
=========         Host Frame: PyObject_Vectorcall [0x149934] in python
=========         Host Frame: _PyEval_EvalFrameDefault [0x1d6f08] in python
=========         Host Frame: PyEval_EvalCode [0x1d544a] in python
=========         Host Frame:  [0x2085a1] in python
=========         Host Frame:  [0x2b5032] in python
=========         Host Frame: _PyRun_SimpleFileObject [0x2b4d99] in python
=========         Host Frame: _PyRun_AnyFileObject [0x2b4bce] in python
=========         Host Frame: Py_RunMain [0x2bcc34] in python
=========         Host Frame: Py_BytesMain [0x2bc71c] in python
=========         Host Frame:  [0x2a1c9] in libc.so.6
=========         Host Frame: __libc_start_main [0x2a28a] in libc.so.6
=========         Host Frame: _start [0x257bc4] in python
=========         Host Frame: validate in compare_baselines.py:117
=========         Host Frame: main in study.py:94
========= 
========= Host API memory access error at host access to 0xb11c8c000 of size 264192 bytes
=========     Uninitialized access at 0xb11c8c6c0 on access by cudaMemcpy source
=========     Saved host backtrace up to driver entry point at error
=========         Host Frame:  [0x481c0] in libcudart.so.12
=========         Host Frame:  [0x17057] in libcudart.so.12
=========         Host Frame: cudaMemcpyAsync [0x768a0] in libcudart.so.12
=========         Host Frame: at::native::copy_kernel_cuda(at::TensorIterator&, bool) [0x16a984b] in libtorch_cuda.so
=========         Host Frame: at::native::copy_impl(at::Tensor&, at::Tensor const&, bool) [clone .isra.0] [0x1a2f8a2] in libtorch_cpu.so
=========         Host Frame: at::native::copy_(at::Tensor&, at::Tensor const&, bool) [0x1a31186] in libtorch_cpu.so
=========         Host Frame: at::_ops::copy_::call(at::Tensor&, at::Tensor const&, bool) [0x26e73d6] in libtorch_cpu.so
=========         Host Frame: at::native::_to_copy(at::Tensor const&, std::optional<c10::ScalarType>, std::optional<c10::Layout>, std::optional<c10::Device>, std::optional<bool>, bool, std::optional<c10::MemoryFormat>) [0x1d12ab2] in libtorch_cpu.so
=========         Host Frame: c10::impl::wrap_kernel_functor_unboxed_<c10::impl::detail::WrapFunctionIntoFunctor_<c10::CompileTimeFunctionPointer<at::Tensor (at::Tensor const&, std::optional<c10::ScalarType>, std::optional<c10::Layout>, std::optional<c10::Device>, std::optional<bool>, bool, std::optional<c10::MemoryFormat>), &at::(anonymous namespace)::(anonymous namespace)::wrapper_CompositeExplicitAutograd___to_copy>, at::Tensor, c10::guts::typelist::typelist<at::Tensor const&, std::optional<c10::ScalarType>, std::optional<c10::Layout>, std::optional<c10::Device>, std::optional<bool>, bool, std::optional<c10::MemoryFormat> > >, at::Tensor (at::Tensor const&, std::optional<c10::ScalarType>, std::optional<c10::Layout>, std::optional<c10::Device>, std::optional<bool>, bool, std::optional<c10::MemoryFormat>)>::call(c10::OperatorKernel*, c10::DispatchKeySet, at::Tensor const&, std::optional<c10::ScalarType>, std::optional<c10::Layout>, std::optional<c10::Device>, std::optional<bool>, bool, std::optional<c10::MemoryFormat>) [0x2aed68b] in libtorch_cpu.so
=========         Host Frame: at::_ops::_to_copy::redispatch(c10::DispatchKeySet, at::Tensor const&, std::optional<c10::ScalarType>, std::optional<c10::Layout>, std::optional<c10::Device>, std::optional<bool>, bool, std::optional<c10::MemoryFormat>) [0x21c34d1] in libtorch_cpu.so
=========         Host Frame: c10::impl::wrap_kernel_functor_unboxed_<c10::impl::detail::WrapFunctionIntoFunctor_<c10::CompileTimeFunctionPointer<at::Tensor (at::Tensor const&, std::optional<c10::ScalarType>, std::optional<c10::Layout>, std::optional<c10::Device>, std::optional<bool>, bool, std::optional<c10::MemoryFormat>), &at::(anonymous namespace)::_to_copy>, at::Tensor, c10::guts::typelist::typelist<at::Tensor const&, std::optional<c10::ScalarType>, std::optional<c10::Layout>, std::optional<c10::Device>, std::optional<bool>, bool, std::optional<c10::MemoryFormat> > >, at::Tensor (at::Tensor const&, std::optional<c10::ScalarType>, std::optional<c10::Layout>, std::optional<c10::Device>, std::optional<bool>, bool, std::optional<c10::MemoryFormat>)>::call(c10::OperatorKernel*, c10::DispatchKeySet, at::Tensor const&, std::optional<c10::ScalarType>, std::optional<c10::Layout>, std::optional<c10::Device>, std::optional<bool>, bool, std::optional<c10::MemoryFormat>) [0x28ba68a] in libtorch_cpu.so
=========         Host Frame: at::_ops::_to_copy::redispatch(c10::DispatchKeySet, at::Tensor const&, std::optional<c10::ScalarType>, std::optional<c10::Layout>, std::optional<c10::Device>, std::optional<bool>, bool, std::optional<c10::MemoryFormat>) [0x21c34d1] in libtorch_cpu.so
=========         Host Frame: torch::autograd::VariableType::(anonymous namespace)::_to_copy(c10::DispatchKeySet, at::Tensor const&, std::optional<c10::ScalarType>, std::optional<c10::Layout>, std::optional<c10::Device>, std::optional<bool>, bool, std::optional<c10::MemoryFormat>) [0x49975db] in libtorch_cpu.so
=========         Host Frame: c10::impl::wrap_kernel_functor_unboxed_<c10::impl::detail::WrapFunctionIntoFunctor_<c10::CompileTimeFunctionPointer<at::Tensor (c10::DispatchKeySet, at::Tensor const&, std::optional<c10::ScalarType>, std::optional<c10::Layout>, std::optional<c10::Device>, std::optional<bool>, bool, std::optional<c10::MemoryFormat>), &torch::autograd::VariableType::(anonymous namespace)::_to_copy>, at::Tensor, c10::guts::typelist::typelist<c10::DispatchKeySet, at::Tensor const&, std::optional<c10::ScalarType>, std::optional<c10::Layout>, std::optional<c10::Device>, std::optional<bool>, bool, std::optional<c10::MemoryFormat> > >, at::Tensor (c10::DispatchKeySet, at::Tensor const&, std::optional<c10::ScalarType>, std::optional<c10::Layout>, std::optional<c10::Device>, std::optional<bool>, bool, std::optional<c10::MemoryFormat>)>::call(c10::OperatorKernel*, c10::DispatchKeySet, at::Tensor const&, std::optional<c10::ScalarType>, std::optional<c10::Layout>, std::optional<c10::Device>, std::optional<bool>, bool, std::optional<c10::MemoryFormat>) [0x4997a3e] in libtorch_cpu.so
=========         Host Frame: at::_ops::_to_copy::call(at::Tensor const&, std::optional<c10::ScalarType>, std::optional<c10::Layout>, std::optional<c10::Device>, std::optional<bool>, bool, std::optional<c10::MemoryFormat>) [0x2264f7c] in libtorch_cpu.so
=========         Host Frame: at::native::to(at::Tensor const&, std::optional<c10::ScalarType>, std::optional<c10::Layout>, std::optional<c10::Device>, std::optional<bool>, bool, bool, std::optional<c10::MemoryFormat>) [0x1d104fd] in libtorch_cpu.so
=========         Host Frame: c10::impl::wrap_kernel_functor_unboxed_<c10::impl::detail::WrapFunctionIntoFunctor_<c10::CompileTimeFunctionPointer<at::Tensor (at::Tensor const&, std::optional<c10::ScalarType>, std::optional<c10::Layout>, std::optional<c10::Device>, std::optional<bool>, bool, bool, std::optional<c10::MemoryFormat>), &at::(anonymous namespace)::(anonymous namespace)::wrapper_CompositeImplicitAutograd_dtype_layout_to>, at::Tensor, c10::guts::typelist::typelist<at::Tensor const&, std::optional<c10::ScalarType>, std::optional<c10::Layout>, std::optional<c10::Device>, std::optional<bool>, bool, bool, std::optional<c10::MemoryFormat> > >, at::Tensor (at::Tensor const&, std::optional<c10::ScalarType>, std::optional<c10::Layout>, std::optional<c10::Device>, std::optional<bool>, bool, bool, std::optional<c10::MemoryFormat>)>::call(c10::OperatorKernel*, c10::DispatchKeySet, at::Tensor const&, std::optional<c10::ScalarType>, std::optional<c10::Layout>, std::optional<c10::Device>, std::optional<bool>, bool, bool, std::optional<c10::MemoryFormat>) [0x2be4c41] in libtorch_cpu.so
=========         Host Frame: at::_ops::to_dtype_layout::call(at::Tensor const&, std::optional<c10::ScalarType>, std::optional<c10::Layout>, std::optional<c10::Device>, std::optional<bool>, bool, bool, std::optional<c10::MemoryFormat>) [0x23fbe16] in libtorch_cpu.so
=========         Host Frame: at::Tensor::to(c10::TensorOptions, bool, bool, std::optional<c10::MemoryFormat>) const [0x4354c8] in libtorch_python.so
=========         Host Frame: torch::autograd::dispatch_to(at::Tensor const&, c10::Device, bool, bool, std::optional<c10::MemoryFormat>) [0x3d7920] in libtorch_python.so
=========         Host Frame: torch::autograd::THPVariable_cpu(_object*, _object*, _object*) [0x3d7b1d] in libtorch_python.so
=========         Host Frame:  [0x151347] in python
=========         Host Frame: PyObject_Vectorcall [0x149934] in python
=========         Host Frame: _PyEval_EvalFrameDefault [0x1d6f08] in python
=========         Host Frame: PyEval_EvalCode [0x1d544a] in python
=========         Host Frame:  [0x2085a1] in python
=========         Host Frame:  [0x2b5032] in python
=========         Host Frame: _PyRun_SimpleFileObject [0x2b4d99] in python
=========         Host Frame: _PyRun_AnyFileObject [0x2b4bce] in python
=========         Host Frame: Py_RunMain [0x2bcc34] in python
=========         Host Frame: Py_BytesMain [0x2bc71c] in python
=========         Host Frame:  [0x2a1c9] in libc.so.6
=========         Host Frame: __libc_start_main [0x2a28a] in libc.so.6
=========         Host Frame: _start [0x257bc4] in python
=========         Host Frame: validate in compare_baselines.py:117
=========         Host Frame: main in study.py:94
========= 
========= Host API memory access error at host access to 0xb11c8c000 of size 264192 bytes
=========     Uninitialized access at 0xb11c8c6e0 on access by cudaMemcpy source
=========     Saved host backtrace up to driver entry point at error
=========         Host Frame:  [0x481c0] in libcudart.so.12
=========         Host Frame:  [0x17057] in libcudart.so.12
=========         Host Frame: cudaMemcpyAsync [0x768a0] in libcudart.so.12
=========         Host Frame: at::native::copy_kernel_cuda(at::TensorIterator&, bool) [0x16a984b] in libtorch_cuda.so
=========         Host Frame: at::native::copy_impl(at::Tensor&, at::Tensor const&, bool) [clone .isra.0] [0x1a2f8a2] in libtorch_cpu.so
=========         Host Frame: at::native::copy_(at::Tensor&, at::Tensor const&, bool) [0x1a31186] in libtorch_cpu.so
=========         Host Frame: at::_ops::copy_::call(at::Tensor&, at::Tensor const&, bool) [0x26e73d6] in libtorch_cpu.so
=========         Host Frame: at::native::_to_copy(at::Tensor const&, std::optional<c10::ScalarType>, std::optional<c10::Layout>, std::optional<c10::Device>, std::optional<bool>, bool, std::optional<c10::MemoryFormat>) [0x1d12ab2] in libtorch_cpu.so
=========         Host Frame: c10::impl::wrap_kernel_functor_unboxed_<c10::impl::detail::WrapFunctionIntoFunctor_<c10::CompileTimeFunctionPointer<at::Tensor (at::Tensor const&, std::optional<c10::ScalarType>, std::optional<c10::Layout>, std::optional<c10::Device>, std::optional<bool>, bool, std::optional<c10::MemoryFormat>), &at::(anonymous namespace)::(anonymous namespace)::wrapper_CompositeExplicitAutograd___to_copy>, at::Tensor, c10::guts::typelist::typelist<at::Tensor const&, std::optional<c10::ScalarType>, std::optional<c10::Layout>, std::optional<c10::Device>, std::optional<bool>, bool, std::optional<c10::MemoryFormat> > >, at::Tensor (at::Tensor const&, std::optional<c10::ScalarType>, std::optional<c10::Layout>, std::optional<c10::Device>, std::optional<bool>, bool, std::optional<c10::MemoryFormat>)>::call(c10::OperatorKernel*, c10::DispatchKeySet, at::Tensor const&, std::optional<c10::ScalarType>, std::optional<c10::Layout>, std::optional<c10::Device>, std::optional<bool>, bool, std::optional<c10::MemoryFormat>) [0x2aed68b] in libtorch_cpu.so
=========         Host Frame: at::_ops::_to_copy::redispatch(c10::DispatchKeySet, at::Tensor const&, std::optional<c10::ScalarType>, std::optional<c10::Layout>, std::optional<c10::Device>, std::optional<bool>, bool, std::optional<c10::MemoryFormat>) [0x21c34d1] in libtorch_cpu.so
=========         Host Frame: c10::impl::wrap_kernel_functor_unboxed_<c10::impl::detail::WrapFunctionIntoFunctor_<c10::CompileTimeFunctionPointer<at::Tensor (at::Tensor const&, std::optional<c10::ScalarType>, std::optional<c10::Layout>, std::optional<c10::Device>, std::optional<bool>, bool, std::optional<c10::MemoryFormat>), &at::(anonymous namespace)::_to_copy>, at::Tensor, c10::guts::typelist::typelist<at::Tensor const&, std::optional<c10::ScalarType>, std::optional<c10::Layout>, std::optional<c10::Device>, std::optional<bool>, bool, std::optional<c10::MemoryFormat> > >, at::Tensor (at::Tensor const&, std::optional<c10::ScalarType>, std::optional<c10::Layout>, std::optional<c10::Device>, std::optional<bool>, bool, std::optional<c10::MemoryFormat>)>::call(c10::OperatorKernel*, c10::DispatchKeySet, at::Tensor const&, std::optional<c10::ScalarType>, std::optional<c10::Layout>, std::optional<c10::Device>, std::optional<bool>, bool, std::optional<c10::MemoryFormat>) [0x28ba68a] in libtorch_cpu.so
=========         Host Frame: at::_ops::_to_copy::redispatch(c10::DispatchKeySet, at::Tensor const&, std::optional<c10::ScalarType>, std::optional<c10::Layout>, std::optional<c10::Device>, std::optional<bool>, bool, std::optional<c10::MemoryFormat>) [0x21c34d1] in libtorch_cpu.so
=========         Host Frame: torch::autograd::VariableType::(anonymous namespace)::_to_copy(c10::DispatchKeySet, at::Tensor const&, std::optional<c10::ScalarType>, std::optional<c10::Layout>, std::optional<c10::Device>, std::optional<bool>, bool, std::optional<c10::MemoryFormat>) [0x49975db] in libtorch_cpu.so
=========         Host Frame: c10::impl::wrap_kernel_functor_unboxed_<c10::impl::detail::WrapFunctionIntoFunctor_<c10::CompileTimeFunctionPointer<at::Tensor (c10::DispatchKeySet, at::Tensor const&, std::optional<c10::ScalarType>, std::optional<c10::Layout>, std::optional<c10::Device>, std::optional<bool>, bool, std::optional<c10::MemoryFormat>), &torch::autograd::VariableType::(anonymous namespace)::_to_copy>, at::Tensor, c10::guts::typelist::typelist<c10::DispatchKeySet, at::Tensor const&, std::optional<c10::ScalarType>, std::optional<c10::Layout>, std::optional<c10::Device>, std::optional<bool>, bool, std::optional<c10::MemoryFormat> > >, at::Tensor (c10::DispatchKeySet, at::Tensor const&, std::optional<c10::ScalarType>, std::optional<c10::Layout>, std::optional<c10::Device>, std::optional<bool>, bool, std::optional<c10::MemoryFormat>)>::call(c10::OperatorKernel*, c10::DispatchKeySet, at::Tensor const&, std::optional<c10::ScalarType>, std::optional<c10::Layout>, std::optional<c10::Device>, std::optional<bool>, bool, std::optional<c10::MemoryFormat>) [0x4997a3e] in libtorch_cpu.so
=========         Host Frame: at::_ops::_to_copy::call(at::Tensor const&, std::optional<c10::ScalarType>, std::optional<c10::Layout>, std::optional<c10::Device>, std::optional<bool>, bool, std::optional<c10::MemoryFormat>) [0x2264f7c] in libtorch_cpu.so
=========         Host Frame: at::native::to(at::Tensor const&, std::optional<c10::ScalarType>, std::optional<c10::Layout>, std::optional<c10::Device>, std::optional<bool>, bool, bool, std::optional<c10::MemoryFormat>) [0x1d104fd] in libtorch_cpu.so
=========         Host Frame: c10::impl::wrap_kernel_functor_unboxed_<c10::impl::detail::WrapFunctionIntoFunctor_<c10::CompileTimeFunctionPointer<at::Tensor (at::Tensor const&, std::optional<c10::ScalarType>, std::optional<c10::Layout>, std::optional<c10::Device>, std::optional<bool>, bool, bool, std::optional<c10::MemoryFormat>), &at::(anonymous namespace)::(anonymous namespace)::wrapper_CompositeImplicitAutograd_dtype_layout_to>, at::Tensor, c10::guts::typelist::typelist<at::Tensor const&, std::optional<c10::ScalarType>, std::optional<c10::Layout>, std::optional<c10::Device>, std::optional<bool>, bool, bool, std::optional<c10::MemoryFormat> > >, at::Tensor (at::Tensor const&, std::optional<c10::ScalarType>, std::optional<c10::Layout>, std::optional<c10::Device>, std::optional<bool>, bool, bool, std::optional<c10::MemoryFormat>)>::call(c10::OperatorKernel*, c10::DispatchKeySet, at::Tensor const&, std::optional<c10::ScalarType>, std::optional<c10::Layout>, std::optional<c10::Device>, std::optional<bool>, bool, bool, std::optional<c10::MemoryFormat>) [0x2be4c41] in libtorch_cpu.so
=========         Host Frame: at::_ops::to_dtype_layout::call(at::Tensor const&, std::optional<c10::ScalarType>, std::optional<c10::Layout>, std::optional<c10::Device>, std::optional<bool>, bool, bool, std::optional<c10::MemoryFormat>) [0x23fbe16] in libtorch_cpu.so
=========         Host Frame: at::Tensor::to(c10::TensorOptions, bool, bool, std::optional<c10::MemoryFormat>) const [0x4354c8] in libtorch_python.so
=========         Host Frame: torch::autograd::dispatch_to(at::Tensor const&, c10::Device, bool, bool, std::optional<c10::MemoryFormat>) [0x3d7920] in libtorch_python.so
=========         Host Frame: torch::autograd::THPVariable_cpu(_object*, _object*, _object*) [0x3d7b1d] in libtorch_python.so
=========         Host Frame:  [0x151347] in python
=========         Host Frame: PyObject_Vectorcall [0x149934] in python
=========         Host Frame: _PyEval_EvalFrameDefault [0x1d6f08] in python
=========         Host Frame: PyEval_EvalCode [0x1d544a] in python
=========         Host Frame:  [0x2085a1] in python
=========         Host Frame:  [0x2b5032] in python
=========         Host Frame: _PyRun_SimpleFileObject [0x2b4d99] in python
=========         Host Frame: _PyRun_AnyFileObject [0x2b4bce] in python
=========         Host Frame: Py_RunMain [0x2bcc34] in python
=========         Host Frame: Py_BytesMain [0x2bc71c] in python
=========         Host Frame:  [0x2a1c9] in libc.so.6
=========         Host Frame: __libc_start_main [0x2a28a] in libc.so.6
=========         Host Frame: _start [0x257bc4] in python
=========         Host Frame: validate in compare_baselines.py:117
=========         Host Frame: main in study.py:94
========= 
========= Host API memory access error at host access to 0xb11c8c000 of size 264192 bytes
=========     Uninitialized access at 0xb11c8c700 on access by cudaMemcpy source
=========     Saved host backtrace up to driver entry point at error
=========         Host Frame:  [0x481c0] in libcudart.so.12
=========         Host Frame:  [0x17057] in libcudart.so.12
=========         Host Frame: cudaMemcpyAsync [0x768a0] in libcudart.so.12
=========         Host Frame: at::native::copy_kernel_cuda(at::TensorIterator&, bool) [0x16a984b] in libtorch_cuda.so
=========         Host Frame: at::native::copy_impl(at::Tensor&, at::Tensor const&, bool) [clone .isra.0] [0x1a2f8a2] in libtorch_cpu.so
=========         Host Frame: at::native::copy_(at::Tensor&, at::Tensor const&, bool) [0x1a31186] in libtorch_cpu.so
=========         Host Frame: at::_ops::copy_::call(at::Tensor&, at::Tensor const&, bool) [0x26e73d6] in libtorch_cpu.so
=========         Host Frame: at::native::_to_copy(at::Tensor const&, std::optional<c10::ScalarType>, std::optional<c10::Layout>, std::optional<c10::Device>, std::optional<bool>, bool, std::optional<c10::MemoryFormat>) [0x1d12ab2] in libtorch_cpu.so
=========         Host Frame: c10::impl::wrap_kernel_functor_unboxed_<c10::impl::detail::WrapFunctionIntoFunctor_<c10::CompileTimeFunctionPointer<at::Tensor (at::Tensor const&, std::optional<c10::ScalarType>, std::optional<c10::Layout>, std::optional<c10::Device>, std::optional<bool>, bool, std::optional<c10::MemoryFormat>), &at::(anonymous namespace)::(anonymous namespace)::wrapper_CompositeExplicitAutograd___to_copy>, at::Tensor, c10::guts::typelist::typelist<at::Tensor const&, std::optional<c10::ScalarType>, std::optional<c10::Layout>, std::optional<c10::Device>, std::optional<bool>, bool, std::optional<c10::MemoryFormat> > >, at::Tensor (at::Tensor const&, std::optional<c10::ScalarType>, std::optional<c10::Layout>, std::optional<c10::Device>, std::optional<bool>, bool, std::optional<c10::MemoryFormat>)>::call(c10::OperatorKernel*, c10::DispatchKeySet, at::Tensor const&, std::optional<c10::ScalarType>, std::optional<c10::Layout>, std::optional<c10::Device>, std::optional<bool>, bool, std::optional<c10::MemoryFormat>) [0x2aed68b] in libtorch_cpu.so
=========         Host Frame: at::_ops::_to_copy::redispatch(c10::DispatchKeySet, at::Tensor const&, std::optional<c10::ScalarType>, std::optional<c10::Layout>, std::optional<c10::Device>, std::optional<bool>, bool, std::optional<c10::MemoryFormat>) [0x21c34d1] in libtorch_cpu.so
=========         Host Frame: c10::impl::wrap_kernel_functor_unboxed_<c10::impl::detail::WrapFunctionIntoFunctor_<c10::CompileTimeFunctionPointer<at::Tensor (at::Tensor const&, std::optional<c10::ScalarType>, std::optional<c10::Layout>, std::optional<c10::Device>, std::optional<bool>, bool, std::optional<c10::MemoryFormat>), &at::(anonymous namespace)::_to_copy>, at::Tensor, c10::guts::typelist::typelist<at::Tensor const&, std::optional<c10::ScalarType>, std::optional<c10::Layout>, std::optional<c10::Device>, std::optional<bool>, bool, std::optional<c10::MemoryFormat> > >, at::Tensor (at::Tensor const&, std::optional<c10::ScalarType>, std::optional<c10::Layout>, std::optional<c10::Device>, std::optional<bool>, bool, std::optional<c10::MemoryFormat>)>::call(c10::OperatorKernel*, c10::DispatchKeySet, at::Tensor const&, std::optional<c10::ScalarType>, std::optional<c10::Layout>, std::optional<c10::Device>, std::optional<bool>, bool, std::optional<c10::MemoryFormat>) [0x28ba68a] in libtorch_cpu.so
=========         Host Frame: at::_ops::_to_copy::redispatch(c10::DispatchKeySet, at::Tensor const&, std::optional<c10::ScalarType>, std::optional<c10::Layout>, std::optional<c10::Device>, std::optional<bool>, bool, std::optional<c10::MemoryFormat>) [0x21c34d1] in libtorch_cpu.so
=========         Host Frame: torch::autograd::VariableType::(anonymous namespace)::_to_copy(c10::DispatchKeySet, at::Tensor const&, std::optional<c10::ScalarType>, std::optional<c10::Layout>, std::optional<c10::Device>, std::optional<bool>, bool, std::optional<c10::MemoryFormat>) [0x49975db] in libtorch_cpu.so
=========         Host Frame: c10::impl::wrap_kernel_functor_unboxed_<c10::impl::detail::WrapFunctionIntoFunctor_<c10::CompileTimeFunctionPointer<at::Tensor (c10::DispatchKeySet, at::Tensor const&, std::optional<c10::ScalarType>, std::optional<c10::Layout>, std::optional<c10::Device>, std::optional<bool>, bool, std::optional<c10::MemoryFormat>), &torch::autograd::VariableType::(anonymous namespace)::_to_copy>, at::Tensor, c10::guts::typelist::typelist<c10::DispatchKeySet, at::Tensor const&, std::optional<c10::ScalarType>, std::optional<c10::Layout>, std::optional<c10::Device>, std::optional<bool>, bool, std::optional<c10::MemoryFormat> > >, at::Tensor (c10::DispatchKeySet, at::Tensor const&, std::optional<c10::ScalarType>, std::optional<c10::Layout>, std::optional<c10::Device>, std::optional<bool>, bool, std::optional<c10::MemoryFormat>)>::call(c10::OperatorKernel*, c10::DispatchKeySet, at::Tensor const&, std::optional<c10::ScalarType>, std::optional<c10::Layout>, std::optional<c10::Device>, std::optional<bool>, bool, std::optional<c10::MemoryFormat>) [0x4997a3e] in libtorch_cpu.so
=========         Host Frame: at::_ops::_to_copy::call(at::Tensor const&, std::optional<c10::ScalarType>, std::optional<c10::Layout>, std::optional<c10::Device>, std::optional<bool>, bool, std::optional<c10::MemoryFormat>) [0x2264f7c] in libtorch_cpu.so
=========         Host Frame: at::native::to(at::Tensor const&, std::optional<c10::ScalarType>, std::optional<c10::Layout>, std::optional<c10::Device>, std::optional<bool>, bool, bool, std::optional<c10::MemoryFormat>) [0x1d104fd] in libtorch_cpu.so
=========         Host Frame: c10::impl::wrap_kernel_functor_unboxed_<c10::impl::detail::WrapFunctionIntoFunctor_<c10::CompileTimeFunctionPointer<at::Tensor (at::Tensor const&, std::optional<c10::ScalarType>, std::optional<c10::Layout>, std::optional<c10::Device>, std::optional<bool>, bool, bool, std::optional<c10::MemoryFormat>), &at::(anonymous namespace)::(anonymous namespace)::wrapper_CompositeImplicitAutograd_dtype_layout_to>, at::Tensor, c10::guts::typelist::typelist<at::Tensor const&, std::optional<c10::ScalarType>, std::optional<c10::Layout>, std::optional<c10::Device>, std::optional<bool>, bool, bool, std::optional<c10::MemoryFormat> > >, at::Tensor (at::Tensor const&, std::optional<c10::ScalarType>, std::optional<c10::Layout>, std::optional<c10::Device>, std::optional<bool>, bool, bool, std::optional<c10::MemoryFormat>)>::call(c10::OperatorKernel*, c10::DispatchKeySet, at::Tensor const&, std::optional<c10::ScalarType>, std::optional<c10::Layout>, std::optional<c10::Device>, std::optional<bool>, bool, bool, std::optional<c10::MemoryFormat>) [0x2be4c41] in libtorch_cpu.so
=========         Host Frame: at::_ops::to_dtype_layout::call(at::Tensor const&, std::optional<c10::ScalarType>, std::optional<c10::Layout>, std::optional<c10::Device>, std::optional<bool>, bool, bool, std::optional<c10::MemoryFormat>) [0x23fbe16] in libtorch_cpu.so
=========         Host Frame: at::Tensor::to(c10::TensorOptions, bool, bool, std::optional<c10::MemoryFormat>) const [0x4354c8] in libtorch_python.so
=========         Host Frame: torch::autograd::dispatch_to(at::Tensor const&, c10::Device, bool, bool, std::optional<c10::MemoryFormat>) [0x3d7920] in libtorch_python.so
=========         Host Frame: torch::autograd::THPVariable_cpu(_object*, _object*, _object*) [0x3d7b1d] in libtorch_python.so
=========         Host Frame:  [0x151347] in python
=========         Host Frame: PyObject_Vectorcall [0x149934] in python
=========         Host Frame: _PyEval_EvalFrameDefault [0x1d6f08] in python
=========         Host Frame: PyEval_EvalCode [0x1d544a] in python
=========         Host Frame:  [0x2085a1] in python
=========         Host Frame:  [0x2b5032] in python
=========         Host Frame: _PyRun_SimpleFileObject [0x2b4d99] in python
=========         Host Frame: _PyRun_AnyFileObject [0x2b4bce] in python
=========         Host Frame: Py_RunMain [0x2bcc34] in python
=========         Host Frame: Py_BytesMain [0x2bc71c] in python
=========         Host Frame:  [0x2a1c9] in libc.so.6
=========         Host Frame: __libc_start_main [0x2a28a] in libc.so.6
=========         Host Frame: _start [0x257bc4] in python
=========         Host Frame: validate in compare_baselines.py:117
=========         Host Frame: main in study.py:94
========= 
========= Host API memory access error at host access to 0xb11c8c000 of size 264192 bytes
=========     Uninitialized access at 0xb11c8c720 on access by cudaMemcpy source
=========     Saved host backtrace up to driver entry point at error
=========         Host Frame:  [0x481c0] in libcudart.so.12
=========         Host Frame:  [0x17057] in libcudart.so.12
=========         Host Frame: cudaMemcpyAsync [0x768a0] in libcudart.so.12
=========         Host Frame: at::native::copy_kernel_cuda(at::TensorIterator&, bool) [0x16a984b] in libtorch_cuda.so
=========         Host Frame: at::native::copy_impl(at::Tensor&, at::Tensor const&, bool) [clone .isra.0] [0x1a2f8a2] in libtorch_cpu.so
=========         Host Frame: at::native::copy_(at::Tensor&, at::Tensor const&, bool) [0x1a31186] in libtorch_cpu.so
=========         Host Frame: at::_ops::copy_::call(at::Tensor&, at::Tensor const&, bool) [0x26e73d6] in libtorch_cpu.so
=========         Host Frame: at::native::_to_copy(at::Tensor const&, std::optional<c10::ScalarType>, std::optional<c10::Layout>, std::optional<c10::Device>, std::optional<bool>, bool, std::optional<c10::MemoryFormat>) [0x1d12ab2] in libtorch_cpu.so
=========         Host Frame: c10::impl::wrap_kernel_functor_unboxed_<c10::impl::detail::WrapFunctionIntoFunctor_<c10::CompileTimeFunctionPointer<at::Tensor (at::Tensor const&, std::optional<c10::ScalarType>, std::optional<c10::Layout>, std::optional<c10::Device>, std::optional<bool>, bool, std::optional<c10::MemoryFormat>), &at::(anonymous namespace)::(anonymous namespace)::wrapper_CompositeExplicitAutograd___to_copy>, at::Tensor, c10::guts::typelist::typelist<at::Tensor const&, std::optional<c10::ScalarType>, std::optional<c10::Layout>, std::optional<c10::Device>, std::optional<bool>, bool, std::optional<c10::MemoryFormat> > >, at::Tensor (at::Tensor const&, std::optional<c10::ScalarType>, std::optional<c10::Layout>, std::optional<c10::Device>, std::optional<bool>, bool, std::optional<c10::MemoryFormat>)>::call(c10::OperatorKernel*, c10::DispatchKeySet, at::Tensor const&, std::optional<c10::ScalarType>, std::optional<c10::Layout>, std::optional<c10::Device>, std::optional<bool>, bool, std::optional<c10::MemoryFormat>) [0x2aed68b] in libtorch_cpu.so
=========         Host Frame: at::_ops::_to_copy::redispatch(c10::DispatchKeySet, at::Tensor const&, std::optional<c10::ScalarType>, std::optional<c10::Layout>, std::optional<c10::Device>, std::optional<bool>, bool, std::optional<c10::MemoryFormat>) [0x21c34d1] in libtorch_cpu.so
=========         Host Frame: c10::impl::wrap_kernel_functor_unboxed_<c10::impl::detail::WrapFunctionIntoFunctor_<c10::CompileTimeFunctionPointer<at::Tensor (at::Tensor const&, std::optional<c10::ScalarType>, std::optional<c10::Layout>, std::optional<c10::Device>, std::optional<bool>, bool, std::optional<c10::MemoryFormat>), &at::(anonymous namespace)::_to_copy>, at::Tensor, c10::guts::typelist::typelist<at::Tensor const&, std::optional<c10::ScalarType>, std::optional<c10::Layout>, std::optional<c10::Device>, std::optional<bool>, bool, std::optional<c10::MemoryFormat> > >, at::Tensor (at::Tensor const&, std::optional<c10::ScalarType>, std::optional<c10::Layout>, std::optional<c10::Device>, std::optional<bool>, bool, std::optional<c10::MemoryFormat>)>::call(c10::OperatorKernel*, c10::DispatchKeySet, at::Tensor const&, std::optional<c10::ScalarType>, std::optional<c10::Layout>, std::optional<c10::Device>, std::optional<bool>, bool, std::optional<c10::MemoryFormat>) [0x28ba68a] in libtorch_cpu.so
=========         Host Frame: at::_ops::_to_copy::redispatch(c10::DispatchKeySet, at::Tensor const&, std::optional<c10::ScalarType>, std::optional<c10::Layout>, std::optional<c10::Device>, std::optional<bool>, bool, std::optional<c10::MemoryFormat>) [0x21c34d1] in libtorch_cpu.so
=========         Host Frame: torch::autograd::VariableType::(anonymous namespace)::_to_copy(c10::DispatchKeySet, at::Tensor const&, std::optional<c10::ScalarType>, std::optional<c10::Layout>, std::optional<c10::Device>, std::optional<bool>, bool, std::optional<c10::MemoryFormat>) [0x49975db] in libtorch_cpu.so
=========         Host Frame: c10::impl::wrap_kernel_functor_unboxed_<c10::impl::detail::WrapFunctionIntoFunctor_<c10::CompileTimeFunctionPointer<at::Tensor (c10::DispatchKeySet, at::Tensor const&, std::optional<c10::ScalarType>, std::optional<c10::Layout>, std::optional<c10::Device>, std::optional<bool>, bool, std::optional<c10::MemoryFormat>), &torch::autograd::VariableType::(anonymous namespace)::_to_copy>, at::Tensor, c10::guts::typelist::typelist<c10::DispatchKeySet, at::Tensor const&, std::optional<c10::ScalarType>, std::optional<c10::Layout>, std::optional<c10::Device>, std::optional<bool>, bool, std::optional<c10::MemoryFormat> > >, at::Tensor (c10::DispatchKeySet, at::Tensor const&, std::optional<c10::ScalarType>, std::optional<c10::Layout>, std::optional<c10::Device>, std::optional<bool>, bool, std::optional<c10::MemoryFormat>)>::call(c10::OperatorKernel*, c10::DispatchKeySet, at::Tensor const&, std::optional<c10::ScalarType>, std::optional<c10::Layout>, std::optional<c10::Device>, std::optional<bool>, bool, std::optional<c10::MemoryFormat>) [0x4997a3e] in libtorch_cpu.so
=========         Host Frame: at::_ops::_to_copy::call(at::Tensor const&, std::optional<c10::ScalarType>, std::optional<c10::Layout>, std::optional<c10::Device>, std::optional<bool>, bool, std::optional<c10::MemoryFormat>) [0x2264f7c] in libtorch_cpu.so
=========         Host Frame: at::native::to(at::Tensor const&, std::optional<c10::ScalarType>, std::optional<c10::Layout>, std::optional<c10::Device>, std::optional<bool>, bool, bool, std::optional<c10::MemoryFormat>) [0x1d104fd] in libtorch_cpu.so
=========         Host Frame: c10::impl::wrap_kernel_functor_unboxed_<c10::impl::detail::WrapFunctionIntoFunctor_<c10::CompileTimeFunctionPointer<at::Tensor (at::Tensor const&, std::optional<c10::ScalarType>, std::optional<c10::Layout>, std::optional<c10::Device>, std::optional<bool>, bool, bool, std::optional<c10::MemoryFormat>), &at::(anonymous namespace)::(anonymous namespace)::wrapper_CompositeImplicitAutograd_dtype_layout_to>, at::Tensor, c10::guts::typelist::typelist<at::Tensor const&, std::optional<c10::ScalarType>, std::optional<c10::Layout>, std::optional<c10::Device>, std::optional<bool>, bool, bool, std::optional<c10::MemoryFormat> > >, at::Tensor (at::Tensor const&, std::optional<c10::ScalarType>, std::optional<c10::Layout>, std::optional<c10::Device>, std::optional<bool>, bool, bool, std::optional<c10::MemoryFormat>)>::call(c10::OperatorKernel*, c10::DispatchKeySet, at::Tensor const&, std::optional<c10::ScalarType>, std::optional<c10::Layout>, std::optional<c10::Device>, std::optional<bool>, bool, bool, std::optional<c10::MemoryFormat>) [0x2be4c41] in libtorch_cpu.so
=========         Host Frame: at::_ops::to_dtype_layout::call(at::Tensor const&, std::optional<c10::ScalarType>, std::optional<c10::Layout>, std::optional<c10::Device>, std::optional<bool>, bool, bool, std::optional<c10::MemoryFormat>) [0x23fbe16] in libtorch_cpu.so
=========         Host Frame: at::Tensor::to(c10::TensorOptions, bool, bool, std::optional<c10::MemoryFormat>) const [0x4354c8] in libtorch_python.so
=========         Host Frame: torch::autograd::dispatch_to(at::Tensor const&, c10::Device, bool, bool, std::optional<c10::MemoryFormat>) [0x3d7920] in libtorch_python.so
=========         Host Frame: torch::autograd::THPVariable_cpu(_object*, _object*, _object*) [0x3d7b1d] in libtorch_python.so
=========         Host Frame:  [0x151347] in python
=========         Host Frame: PyObject_Vectorcall [0x149934] in python
=========         Host Frame: _PyEval_EvalFrameDefault [0x1d6f08] in python
=========         Host Frame: PyEval_EvalCode [0x1d544a] in python
=========         Host Frame:  [0x2085a1] in python
=========         Host Frame:  [0x2b5032] in python
=========         Host Frame: _PyRun_SimpleFileObject [0x2b4d99] in python
=========         Host Frame: _PyRun_AnyFileObject [0x2b4bce] in python
=========         Host Frame: Py_RunMain [0x2bcc34] in python
=========         Host Frame: Py_BytesMain [0x2bc71c] in python
=========         Host Frame:  [0x2a1c9] in libc.so.6
=========         Host Frame: __libc_start_main [0x2a28a] in libc.so.6
=========         Host Frame: _start [0x257bc4] in python
=========         Host Frame: validate in compare_baselines.py:117
=========         Host Frame: main in study.py:94
========= 
========= Host API memory access error at host access to 0xb11c8c000 of size 264192 bytes
=========     Uninitialized access at 0xb11c8c740 on access by cudaMemcpy source
=========     Saved host backtrace up to driver entry point at error
=========         Host Frame:  [0x481c0] in libcudart.so.12
=========         Host Frame:  [0x17057] in libcudart.so.12
=========         Host Frame: cudaMemcpyAsync [0x768a0] in libcudart.so.12
=========         Host Frame: at::native::copy_kernel_cuda(at::TensorIterator&, bool) [0x16a984b] in libtorch_cuda.so
=========         Host Frame: at::native::copy_impl(at::Tensor&, at::Tensor const&, bool) [clone .isra.0] [0x1a2f8a2] in libtorch_cpu.so
=========         Host Frame: at::native::copy_(at::Tensor&, at::Tensor const&, bool) [0x1a31186] in libtorch_cpu.so
=========         Host Frame: at::_ops::copy_::call(at::Tensor&, at::Tensor const&, bool) [0x26e73d6] in libtorch_cpu.so
=========         Host Frame: at::native::_to_copy(at::Tensor const&, std::optional<c10::ScalarType>, std::optional<c10::Layout>, std::optional<c10::Device>, std::optional<bool>, bool, std::optional<c10::MemoryFormat>) [0x1d12ab2] in libtorch_cpu.so
=========         Host Frame: c10::impl::wrap_kernel_functor_unboxed_<c10::impl::detail::WrapFunctionIntoFunctor_<c10::CompileTimeFunctionPointer<at::Tensor (at::Tensor const&, std::optional<c10::ScalarType>, std::optional<c10::Layout>, std::optional<c10::Device>, std::optional<bool>, bool, std::optional<c10::MemoryFormat>), &at::(anonymous namespace)::(anonymous namespace)::wrapper_CompositeExplicitAutograd___to_copy>, at::Tensor, c10::guts::typelist::typelist<at::Tensor const&, std::optional<c10::ScalarType>, std::optional<c10::Layout>, std::optional<c10::Device>, std::optional<bool>, bool, std::optional<c10::MemoryFormat> > >, at::Tensor (at::Tensor const&, std::optional<c10::ScalarType>, std::optional<c10::Layout>, std::optional<c10::Device>, std::optional<bool>, bool, std::optional<c10::MemoryFormat>)>::call(c10::OperatorKernel*, c10::DispatchKeySet, at::Tensor const&, std::optional<c10::ScalarType>, std::optional<c10::Layout>, std::optional<c10::Device>, std::optional<bool>, bool, std::optional<c10::MemoryFormat>) [0x2aed68b] in libtorch_cpu.so
=========         Host Frame: at::_ops::_to_copy::redispatch(c10::DispatchKeySet, at::Tensor const&, std::optional<c10::ScalarType>, std::optional<c10::Layout>, std::optional<c10::Device>, std::optional<bool>, bool, std::optional<c10::MemoryFormat>) [0x21c34d1] in libtorch_cpu.so
=========         Host Frame: c10::impl::wrap_kernel_functor_unboxed_<c10::impl::detail::WrapFunctionIntoFunctor_<c10::CompileTimeFunctionPointer<at::Tensor (at::Tensor const&, std::optional<c10::ScalarType>, std::optional<c10::Layout>, std::optional<c10::Device>, std::optional<bool>, bool, std::optional<c10::MemoryFormat>), &at::(anonymous namespace)::_to_copy>, at::Tensor, c10::guts::typelist::typelist<at::Tensor const&, std::optional<c10::ScalarType>, std::optional<c10::Layout>, std::optional<c10::Device>, std::optional<bool>, bool, std::optional<c10::MemoryFormat> > >, at::Tensor (at::Tensor const&, std::optional<c10::ScalarType>, std::optional<c10::Layout>, std::optional<c10::Device>, std::optional<bool>, bool, std::optional<c10::MemoryFormat>)>::call(c10::OperatorKernel*, c10::DispatchKeySet, at::Tensor const&, std::optional<c10::ScalarType>, std::optional<c10::Layout>, std::optional<c10::Device>, std::optional<bool>, bool, std::optional<c10::MemoryFormat>) [0x28ba68a] in libtorch_cpu.so
=========         Host Frame: at::_ops::_to_copy::redispatch(c10::DispatchKeySet, at::Tensor const&, std::optional<c10::ScalarType>, std::optional<c10::Layout>, std::optional<c10::Device>, std::optional<bool>, bool, std::optional<c10::MemoryFormat>) [0x21c34d1] in libtorch_cpu.so
=========         Host Frame: torch::autograd::VariableType::(anonymous namespace)::_to_copy(c10::DispatchKeySet, at::Tensor const&, std::optional<c10::ScalarType>, std::optional<c10::Layout>, std::optional<c10::Device>, std::optional<bool>, bool, std::optional<c10::MemoryFormat>) [0x49975db] in libtorch_cpu.so
=========         Host Frame: c10::impl::wrap_kernel_functor_unboxed_<c10::impl::detail::WrapFunctionIntoFunctor_<c10::CompileTimeFunctionPointer<at::Tensor (c10::DispatchKeySet, at::Tensor const&, std::optional<c10::ScalarType>, std::optional<c10::Layout>, std::optional<c10::Device>, std::optional<bool>, bool, std::optional<c10::MemoryFormat>), &torch::autograd::VariableType::(anonymous namespace)::_to_copy>, at::Tensor, c10::guts::typelist::typelist<c10::DispatchKeySet, at::Tensor const&, std::optional<c10::ScalarType>, std::optional<c10::Layout>, std::optional<c10::Device>, std::optional<bool>, bool, std::optional<c10::MemoryFormat> > >, at::Tensor (c10::DispatchKeySet, at::Tensor const&, std::optional<c10::ScalarType>, std::optional<c10::Layout>, std::optional<c10::Device>, std::optional<bool>, bool, std::optional<c10::MemoryFormat>)>::call(c10::OperatorKernel*, c10::DispatchKeySet, at::Tensor const&, std::optional<c10::ScalarType>, std::optional<c10::Layout>, std::optional<c10::Device>, std::optional<bool>, bool, std::optional<c10::MemoryFormat>) [0x4997a3e] in libtorch_cpu.so
=========         Host Frame: at::_ops::_to_copy::call(at::Tensor const&, std::optional<c10::ScalarType>, std::optional<c10::Layout>, std::optional<c10::Device>, std::optional<bool>, bool, std::optional<c10::MemoryFormat>) [0x2264f7c] in libtorch_cpu.so
=========         Host Frame: at::native::to(at::Tensor const&, std::optional<c10::ScalarType>, std::optional<c10::Layout>, std::optional<c10::Device>, std::optional<bool>, bool, bool, std::optional<c10::MemoryFormat>) [0x1d104fd] in libtorch_cpu.so
=========         Host Frame: c10::impl::wrap_kernel_functor_unboxed_<c10::impl::detail::WrapFunctionIntoFunctor_<c10::CompileTimeFunctionPointer<at::Tensor (at::Tensor const&, std::optional<c10::ScalarType>, std::optional<c10::Layout>, std::optional<c10::Device>, std::optional<bool>, bool, bool, std::optional<c10::MemoryFormat>), &at::(anonymous namespace)::(anonymous namespace)::wrapper_CompositeImplicitAutograd_dtype_layout_to>, at::Tensor, c10::guts::typelist::typelist<at::Tensor const&, std::optional<c10::ScalarType>, std::optional<c10::Layout>, std::optional<c10::Device>, std::optional<bool>, bool, bool, std::optional<c10::MemoryFormat> > >, at::Tensor (at::Tensor const&, std::optional<c10::ScalarType>, std::optional<c10::Layout>, std::optional<c10::Device>, std::optional<bool>, bool, bool, std::optional<c10::MemoryFormat>)>::call(c10::OperatorKernel*, c10::DispatchKeySet, at::Tensor const&, std::optional<c10::ScalarType>, std::optional<c10::Layout>, std::optional<c10::Device>, std::optional<bool>, bool, bool, std::optional<c10::MemoryFormat>) [0x2be4c41] in libtorch_cpu.so
=========         Host Frame: at::_ops::to_dtype_layout::call(at::Tensor const&, std::optional<c10::ScalarType>, std::optional<c10::Layout>, std::optional<c10::Device>, std::optional<bool>, bool, bool, std::optional<c10::MemoryFormat>) [0x23fbe16] in libtorch_cpu.so
=========         Host Frame: at::Tensor::to(c10::TensorOptions, bool, bool, std::optional<c10::MemoryFormat>) const [0x4354c8] in libtorch_python.so
=========         Host Frame: torch::autograd::dispatch_to(at::Tensor const&, c10::Device, bool, bool, std::optional<c10::MemoryFormat>) [0x3d7920] in libtorch_python.so
=========         Host Frame: torch::autograd::THPVariable_cpu(_object*, _object*, _object*) [0x3d7b1d] in libtorch_python.so
=========         Host Frame:  [0x151347] in python
=========         Host Frame: PyObject_Vectorcall [0x149934] in python
=========         Host Frame: _PyEval_EvalFrameDefault [0x1d6f08] in python
=========         Host Frame: PyEval_EvalCode [0x1d544a] in python
=========         Host Frame:  [0x2085a1] in python
=========         Host Frame:  [0x2b5032] in python
=========         Host Frame: _PyRun_SimpleFileObject [0x2b4d99] in python
=========         Host Frame: _PyRun_AnyFileObject [0x2b4bce] in python
=========         Host Frame: Py_RunMain [0x2bcc34] in python
=========         Host Frame: Py_BytesMain [0x2bc71c] in python
=========         Host Frame:  [0x2a1c9] in libc.so.6
=========         Host Frame: __libc_start_main [0x2a28a] in libc.so.6
=========         Host Frame: _start [0x257bc4] in python
=========         Host Frame: validate in compare_baselines.py:117
=========         Host Frame: main in study.py:94
========= 
========= Host API memory access error at host access to 0xb11c8c000 of size 264192 bytes
=========     Uninitialized access at 0xb11c8c760 on access by cudaMemcpy source
=========     Saved host backtrace up to driver entry point at error
=========         Host Frame:  [0x481c0] in libcudart.so.12
=========         Host Frame:  [0x17057] in libcudart.so.12
=========         Host Frame: cudaMemcpyAsync [0x768a0] in libcudart.so.12
=========         Host Frame: at::native::copy_kernel_cuda(at::TensorIterator&, bool) [0x16a984b] in libtorch_cuda.so
=========         Host Frame: at::native::copy_impl(at::Tensor&, at::Tensor const&, bool) [clone .isra.0] [0x1a2f8a2] in libtorch_cpu.so
=========         Host Frame: at::native::copy_(at::Tensor&, at::Tensor const&, bool) [0x1a31186] in libtorch_cpu.so
=========         Host Frame: at::_ops::copy_::call(at::Tensor&, at::Tensor const&, bool) [0x26e73d6] in libtorch_cpu.so
=========         Host Frame: at::native::_to_copy(at::Tensor const&, std::optional<c10::ScalarType>, std::optional<c10::Layout>, std::optional<c10::Device>, std::optional<bool>, bool, std::optional<c10::MemoryFormat>) [0x1d12ab2] in libtorch_cpu.so
=========         Host Frame: c10::impl::wrap_kernel_functor_unboxed_<c10::impl::detail::WrapFunctionIntoFunctor_<c10::CompileTimeFunctionPointer<at::Tensor (at::Tensor const&, std::optional<c10::ScalarType>, std::optional<c10::Layout>, std::optional<c10::Device>, std::optional<bool>, bool, std::optional<c10::MemoryFormat>), &at::(anonymous namespace)::(anonymous namespace)::wrapper_CompositeExplicitAutograd___to_copy>, at::Tensor, c10::guts::typelist::typelist<at::Tensor const&, std::optional<c10::ScalarType>, std::optional<c10::Layout>, std::optional<c10::Device>, std::optional<bool>, bool, std::optional<c10::MemoryFormat> > >, at::Tensor (at::Tensor const&, std::optional<c10::ScalarType>, std::optional<c10::Layout>, std::optional<c10::Device>, std::optional<bool>, bool, std::optional<c10::MemoryFormat>)>::call(c10::OperatorKernel*, c10::DispatchKeySet, at::Tensor const&, std::optional<c10::ScalarType>, std::optional<c10::Layout>, std::optional<c10::Device>, std::optional<bool>, bool, std::optional<c10::MemoryFormat>) [0x2aed68b] in libtorch_cpu.so
=========         Host Frame: at::_ops::_to_copy::redispatch(c10::DispatchKeySet, at::Tensor const&, std::optional<c10::ScalarType>, std::optional<c10::Layout>, std::optional<c10::Device>, std::optional<bool>, bool, std::optional<c10::MemoryFormat>) [0x21c34d1] in libtorch_cpu.so
=========         Host Frame: c10::impl::wrap_kernel_functor_unboxed_<c10::impl::detail::WrapFunctionIntoFunctor_<c10::CompileTimeFunctionPointer<at::Tensor (at::Tensor const&, std::optional<c10::ScalarType>, std::optional<c10::Layout>, std::optional<c10::Device>, std::optional<bool>, bool, std::optional<c10::MemoryFormat>), &at::(anonymous namespace)::_to_copy>, at::Tensor, c10::guts::typelist::typelist<at::Tensor const&, std::optional<c10::ScalarType>, std::optional<c10::Layout>, std::optional<c10::Device>, std::optional<bool>, bool, std::optional<c10::MemoryFormat> > >, at::Tensor (at::Tensor const&, std::optional<c10::ScalarType>, std::optional<c10::Layout>, std::optional<c10::Device>, std::optional<bool>, bool, std::optional<c10::MemoryFormat>)>::call(c10::OperatorKernel*, c10::DispatchKeySet, at::Tensor const&, std::optional<c10::ScalarType>, std::optional<c10::Layout>, std::optional<c10::Device>, std::optional<bool>, bool, std::optional<c10::MemoryFormat>) [0x28ba68a] in libtorch_cpu.so
=========         Host Frame: at::_ops::_to_copy::redispatch(c10::DispatchKeySet, at::Tensor const&, std::optional<c10::ScalarType>, std::optional<c10::Layout>, std::optional<c10::Device>, std::optional<bool>, bool, std::optional<c10::MemoryFormat>) [0x21c34d1] in libtorch_cpu.so
=========         Host Frame: torch::autograd::VariableType::(anonymous namespace)::_to_copy(c10::DispatchKeySet, at::Tensor const&, std::optional<c10::ScalarType>, std::optional<c10::Layout>, std::optional<c10::Device>, std::optional<bool>, bool, std::optional<c10::MemoryFormat>) [0x49975db] in libtorch_cpu.so
=========         Host Frame: c10::impl::wrap_kernel_functor_unboxed_<c10::impl::detail::WrapFunctionIntoFunctor_<c10::CompileTimeFunctionPointer<at::Tensor (c10::DispatchKeySet, at::Tensor const&, std::optional<c10::ScalarType>, std::optional<c10::Layout>, std::optional<c10::Device>, std::optional<bool>, bool, std::optional<c10::MemoryFormat>), &torch::autograd::VariableType::(anonymous namespace)::_to_copy>, at::Tensor, c10::guts::typelist::typelist<c10::DispatchKeySet, at::Tensor const&, std::optional<c10::ScalarType>, std::optional<c10::Layout>, std::optional<c10::Device>, std::optional<bool>, bool, std::optional<c10::MemoryFormat> > >, at::Tensor (c10::DispatchKeySet, at::Tensor const&, std::optional<c10::ScalarType>, std::optional<c10::Layout>, std::optional<c10::Device>, std::optional<bool>, bool, std::optional<c10::MemoryFormat>)>::call(c10::OperatorKernel*, c10::DispatchKeySet, at::Tensor const&, std::optional<c10::ScalarType>, std::optional<c10::Layout>, std::optional<c10::Device>, std::optional<bool>, bool, std::optional<c10::MemoryFormat>) [0x4997a3e] in libtorch_cpu.so
=========         Host Frame: at::_ops::_to_copy::call(at::Tensor const&, std::optional<c10::ScalarType>, std::optional<c10::Layout>, std::optional<c10::Device>, std::optional<bool>, bool, std::optional<c10::MemoryFormat>) [0x2264f7c] in libtorch_cpu.so
=========         Host Frame: at::native::to(at::Tensor const&, std::optional<c10::ScalarType>, std::optional<c10::Layout>, std::optional<c10::Device>, std::optional<bool>, bool, bool, std::optional<c10::MemoryFormat>) [0x1d104fd] in libtorch_cpu.so
=========         Host Frame: c10::impl::wrap_kernel_functor_unboxed_<c10::impl::detail::WrapFunctionIntoFunctor_<c10::CompileTimeFunctionPointer<at::Tensor (at::Tensor const&, std::optional<c10::ScalarType>, std::optional<c10::Layout>, std::optional<c10::Device>, std::optional<bool>, bool, bool, std::optional<c10::MemoryFormat>), &at::(anonymous namespace)::(anonymous namespace)::wrapper_CompositeImplicitAutograd_dtype_layout_to>, at::Tensor, c10::guts::typelist::typelist<at::Tensor const&, std::optional<c10::ScalarType>, std::optional<c10::Layout>, std::optional<c10::Device>, std::optional<bool>, bool, bool, std::optional<c10::MemoryFormat> > >, at::Tensor (at::Tensor const&, std::optional<c10::ScalarType>, std::optional<c10::Layout>, std::optional<c10::Device>, std::optional<bool>, bool, bool, std::optional<c10::MemoryFormat>)>::call(c10::OperatorKernel*, c10::DispatchKeySet, at::Tensor const&, std::optional<c10::ScalarType>, std::optional<c10::Layout>, std::optional<c10::Device>, std::optional<bool>, bool, bool, std::optional<c10::MemoryFormat>) [0x2be4c41] in libtorch_cpu.so
=========         Host Frame: at::_ops::to_dtype_layout::call(at::Tensor const&, std::optional<c10::ScalarType>, std::optional<c10::Layout>, std::optional<c10::Device>, std::optional<bool>, bool, bool, std::optional<c10::MemoryFormat>) [0x23fbe16] in libtorch_cpu.so
=========         Host Frame: at::Tensor::to(c10::TensorOptions, bool, bool, std::optional<c10::MemoryFormat>) const [0x4354c8] in libtorch_python.so
=========         Host Frame: torch::autograd::dispatch_to(at::Tensor const&, c10::Device, bool, bool, std::optional<c10::MemoryFormat>) [0x3d7920] in libtorch_python.so
=========         Host Frame: torch::autograd::THPVariable_cpu(_object*, _object*, _object*) [0x3d7b1d] in libtorch_python.so
=========         Host Frame:  [0x151347] in python
=========         Host Frame: PyObject_Vectorcall [0x149934] in python
=========         Host Frame: _PyEval_EvalFrameDefault [0x1d6f08] in python
=========         Host Frame: PyEval_EvalCode [0x1d544a] in python
=========         Host Frame:  [0x2085a1] in python
=========         Host Frame:  [0x2b5032] in python
=========         Host Frame: _PyRun_SimpleFileObject [0x2b4d99] in python
=========         Host Frame: _PyRun_AnyFileObject [0x2b4bce] in python
=========         Host Frame: Py_RunMain [0x2bcc34] in python
=========         Host Frame: Py_BytesMain [0x2bc71c] in python
=========         Host Frame:  [0x2a1c9] in libc.so.6
=========         Host Frame: __libc_start_main [0x2a28a] in libc.so.6
=========         Host Frame: _start [0x257bc4] in python
=========         Host Frame: validate in compare_baselines.py:117
=========         Host Frame: main in study.py:94
========= 
========= Host API memory access error at host access to 0xb11c8c000 of size 264192 bytes
=========     Uninitialized access at 0xb11c8c780 on access by cudaMemcpy source
=========     Saved host backtrace up to driver entry point at error
=========         Host Frame:  [0x481c0] in libcudart.so.12
=========         Host Frame:  [0x17057] in libcudart.so.12
=========         Host Frame: cudaMemcpyAsync [0x768a0] in libcudart.so.12
=========         Host Frame: at::native::copy_kernel_cuda(at::TensorIterator&, bool) [0x16a984b] in libtorch_cuda.so
=========         Host Frame: at::native::copy_impl(at::Tensor&, at::Tensor const&, bool) [clone .isra.0] [0x1a2f8a2] in libtorch_cpu.so
=========         Host Frame: at::native::copy_(at::Tensor&, at::Tensor const&, bool) [0x1a31186] in libtorch_cpu.so
=========         Host Frame: at::_ops::copy_::call(at::Tensor&, at::Tensor const&, bool) [0x26e73d6] in libtorch_cpu.so
=========         Host Frame: at::native::_to_copy(at::Tensor const&, std::optional<c10::ScalarType>, std::optional<c10::Layout>, std::optional<c10::Device>, std::optional<bool>, bool, std::optional<c10::MemoryFormat>) [0x1d12ab2] in libtorch_cpu.so
=========         Host Frame: c10::impl::wrap_kernel_functor_unboxed_<c10::impl::detail::WrapFunctionIntoFunctor_<c10::CompileTimeFunctionPointer<at::Tensor (at::Tensor const&, std::optional<c10::ScalarType>, std::optional<c10::Layout>, std::optional<c10::Device>, std::optional<bool>, bool, std::optional<c10::MemoryFormat>), &at::(anonymous namespace)::(anonymous namespace)::wrapper_CompositeExplicitAutograd___to_copy>, at::Tensor, c10::guts::typelist::typelist<at::Tensor const&, std::optional<c10::ScalarType>, std::optional<c10::Layout>, std::optional<c10::Device>, std::optional<bool>, bool, std::optional<c10::MemoryFormat> > >, at::Tensor (at::Tensor const&, std::optional<c10::ScalarType>, std::optional<c10::Layout>, std::optional<c10::Device>, std::optional<bool>, bool, std::optional<c10::MemoryFormat>)>::call(c10::OperatorKernel*, c10::DispatchKeySet, at::Tensor const&, std::optional<c10::ScalarType>, std::optional<c10::Layout>, std::optional<c10::Device>, std::optional<bool>, bool, std::optional<c10::MemoryFormat>) [0x2aed68b] in libtorch_cpu.so
=========         Host Frame: at::_ops::_to_copy::redispatch(c10::DispatchKeySet, at::Tensor const&, std::optional<c10::ScalarType>, std::optional<c10::Layout>, std::optional<c10::Device>, std::optional<bool>, bool, std::optional<c10::MemoryFormat>) [0x21c34d1] in libtorch_cpu.so
=========         Host Frame: c10::impl::wrap_kernel_functor_unboxed_<c10::impl::detail::WrapFunctionIntoFunctor_<c10::CompileTimeFunctionPointer<at::Tensor (at::Tensor const&, std::optional<c10::ScalarType>, std::optional<c10::Layout>, std::optional<c10::Device>, std::optional<bool>, bool, std::optional<c10::MemoryFormat>), &at::(anonymous namespace)::_to_copy>, at::Tensor, c10::guts::typelist::typelist<at::Tensor const&, std::optional<c10::ScalarType>, std::optional<c10::Layout>, std::optional<c10::Device>, std::optional<bool>, bool, std::optional<c10::MemoryFormat> > >, at::Tensor (at::Tensor const&, std::optional<c10::ScalarType>, std::optional<c10::Layout>, std::optional<c10::Device>, std::optional<bool>, bool, std::optional<c10::MemoryFormat>)>::call(c10::OperatorKernel*, c10::DispatchKeySet, at::Tensor const&, std::optional<c10::ScalarType>, std::optional<c10::Layout>, std::optional<c10::Device>, std::optional<bool>, bool, std::optional<c10::MemoryFormat>) [0x28ba68a] in libtorch_cpu.so
=========         Host Frame: at::_ops::_to_copy::redispatch(c10::DispatchKeySet, at::Tensor const&, std::optional<c10::ScalarType>, std::optional<c10::Layout>, std::optional<c10::Device>, std::optional<bool>, bool, std::optional<c10::MemoryFormat>) [0x21c34d1] in libtorch_cpu.so
=========         Host Frame: torch::autograd::VariableType::(anonymous namespace)::_to_copy(c10::DispatchKeySet, at::Tensor const&, std::optional<c10::ScalarType>, std::optional<c10::Layout>, std::optional<c10::Device>, std::optional<bool>, bool, std::optional<c10::MemoryFormat>) [0x49975db] in libtorch_cpu.so
=========         Host Frame: c10::impl::wrap_kernel_functor_unboxed_<c10::impl::detail::WrapFunctionIntoFunctor_<c10::CompileTimeFunctionPointer<at::Tensor (c10::DispatchKeySet, at::Tensor const&, std::optional<c10::ScalarType>, std::optional<c10::Layout>, std::optional<c10::Device>, std::optional<bool>, bool, std::optional<c10::MemoryFormat>), &torch::autograd::VariableType::(anonymous namespace)::_to_copy>, at::Tensor, c10::guts::typelist::typelist<c10::DispatchKeySet, at::Tensor const&, std::optional<c10::ScalarType>, std::optional<c10::Layout>, std::optional<c10::Device>, std::optional<bool>, bool, std::optional<c10::MemoryFormat> > >, at::Tensor (c10::DispatchKeySet, at::Tensor const&, std::optional<c10::ScalarType>, std::optional<c10::Layout>, std::optional<c10::Device>, std::optional<bool>, bool, std::optional<c10::MemoryFormat>)>::call(c10::OperatorKernel*, c10::DispatchKeySet, at::Tensor const&, std::optional<c10::ScalarType>, std::optional<c10::Layout>, std::optional<c10::Device>, std::optional<bool>, bool, std::optional<c10::MemoryFormat>) [0x4997a3e] in libtorch_cpu.so
=========         Host Frame: at::_ops::_to_copy::call(at::Tensor const&, std::optional<c10::ScalarType>, std::optional<c10::Layout>, std::optional<c10::Device>, std::optional<bool>, bool, std::optional<c10::MemoryFormat>) [0x2264f7c] in libtorch_cpu.so
=========         Host Frame: at::native::to(at::Tensor const&, std::optional<c10::ScalarType>, std::optional<c10::Layout>, std::optional<c10::Device>, std::optional<bool>, bool, bool, std::optional<c10::MemoryFormat>) [0x1d104fd] in libtorch_cpu.so
=========         Host Frame: c10::impl::wrap_kernel_functor_unboxed_<c10::impl::detail::WrapFunctionIntoFunctor_<c10::CompileTimeFunctionPointer<at::Tensor (at::Tensor const&, std::optional<c10::ScalarType>, std::optional<c10::Layout>, std::optional<c10::Device>, std::optional<bool>, bool, bool, std::optional<c10::MemoryFormat>), &at::(anonymous namespace)::(anonymous namespace)::wrapper_CompositeImplicitAutograd_dtype_layout_to>, at::Tensor, c10::guts::typelist::typelist<at::Tensor const&, std::optional<c10::ScalarType>, std::optional<c10::Layout>, std::optional<c10::Device>, std::optional<bool>, bool, bool, std::optional<c10::MemoryFormat> > >, at::Tensor (at::Tensor const&, std::optional<c10::ScalarType>, std::optional<c10::Layout>, std::optional<c10::Device>, std::optional<bool>, bool, bool, std::optional<c10::MemoryFormat>)>::call(c10::OperatorKernel*, c10::DispatchKeySet, at::Tensor const&, std::optional<c10::ScalarType>, std::optional<c10::Layout>, std::optional<c10::Device>, std::optional<bool>, bool, bool, std::optional<c10::MemoryFormat>) [0x2be4c41] in libtorch_cpu.so
=========         Host Frame: at::_ops::to_dtype_layout::call(at::Tensor const&, std::optional<c10::ScalarType>, std::optional<c10::Layout>, std::optional<c10::Device>, std::optional<bool>, bool, bool, std::optional<c10::MemoryFormat>) [0x23fbe16] in libtorch_cpu.so
=========         Host Frame: at::Tensor::to(c10::TensorOptions, bool, bool, std::optional<c10::MemoryFormat>) const [0x4354c8] in libtorch_python.so
=========         Host Frame: torch::autograd::dispatch_to(at::Tensor const&, c10::Device, bool, bool, std::optional<c10::MemoryFormat>) [0x3d7920] in libtorch_python.so
=========         Host Frame: torch::autograd::THPVariable_cpu(_object*, _object*, _object*) [0x3d7b1d] in libtorch_python.so
=========         Host Frame:  [0x151347] in python
=========         Host Frame: PyObject_Vectorcall [0x149934] in python
=========         Host Frame: _PyEval_EvalFrameDefault [0x1d6f08] in python
=========         Host Frame: PyEval_EvalCode [0x1d544a] in python
=========         Host Frame:  [0x2085a1] in python
=========         Host Frame:  [0x2b5032] in python
=========         Host Frame: _PyRun_SimpleFileObject [0x2b4d99] in python
=========         Host Frame: _PyRun_AnyFileObject [0x2b4bce] in python
=========         Host Frame: Py_RunMain [0x2bcc34] in python
=========         Host Frame: Py_BytesMain [0x2bc71c] in python
=========         Host Frame:  [0x2a1c9] in libc.so.6
=========         Host Frame: __libc_start_main [0x2a28a] in libc.so.6
=========         Host Frame: _start [0x257bc4] in python
=========         Host Frame: validate in compare_baselines.py:117
=========         Host Frame: main in study.py:94
========= 
========= Host API memory access error at host access to 0xb11c8c000 of size 264192 bytes
=========     Uninitialized access at 0xb11c8c7a0 on access by cudaMemcpy source
=========     Saved host backtrace up to driver entry point at error
=========         Host Frame:  [0x481c0] in libcudart.so.12
=========         Host Frame:  [0x17057] in libcudart.so.12
=========         Host Frame: cudaMemcpyAsync [0x768a0] in libcudart.so.12
=========         Host Frame: at::native::copy_kernel_cuda(at::TensorIterator&, bool) [0x16a984b] in libtorch_cuda.so
=========         Host Frame: at::native::copy_impl(at::Tensor&, at::Tensor const&, bool) [clone .isra.0] [0x1a2f8a2] in libtorch_cpu.so
=========         Host Frame: at::native::copy_(at::Tensor&, at::Tensor const&, bool) [0x1a31186] in libtorch_cpu.so
=========         Host Frame: at::_ops::copy_::call(at::Tensor&, at::Tensor const&, bool) [0x26e73d6] in libtorch_cpu.so
=========         Host Frame: at::native::_to_copy(at::Tensor const&, std::optional<c10::ScalarType>, std::optional<c10::Layout>, std::optional<c10::Device>, std::optional<bool>, bool, std::optional<c10::MemoryFormat>) [0x1d12ab2] in libtorch_cpu.so
=========         Host Frame: c10::impl::wrap_kernel_functor_unboxed_<c10::impl::detail::WrapFunctionIntoFunctor_<c10::CompileTimeFunctionPointer<at::Tensor (at::Tensor const&, std::optional<c10::ScalarType>, std::optional<c10::Layout>, std::optional<c10::Device>, std::optional<bool>, bool, std::optional<c10::MemoryFormat>), &at::(anonymous namespace)::(anonymous namespace)::wrapper_CompositeExplicitAutograd___to_copy>, at::Tensor, c10::guts::typelist::typelist<at::Tensor const&, std::optional<c10::ScalarType>, std::optional<c10::Layout>, std::optional<c10::Device>, std::optional<bool>, bool, std::optional<c10::MemoryFormat> > >, at::Tensor (at::Tensor const&, std::optional<c10::ScalarType>, std::optional<c10::Layout>, std::optional<c10::Device>, std::optional<bool>, bool, std::optional<c10::MemoryFormat>)>::call(c10::OperatorKernel*, c10::DispatchKeySet, at::Tensor const&, std::optional<c10::ScalarType>, std::optional<c10::Layout>, std::optional<c10::Device>, std::optional<bool>, bool, std::optional<c10::MemoryFormat>) [0x2aed68b] in libtorch_cpu.so
=========         Host Frame: at::_ops::_to_copy::redispatch(c10::DispatchKeySet, at::Tensor const&, std::optional<c10::ScalarType>, std::optional<c10::Layout>, std::optional<c10::Device>, std::optional<bool>, bool, std::optional<c10::MemoryFormat>) [0x21c34d1] in libtorch_cpu.so
=========         Host Frame: c10::impl::wrap_kernel_functor_unboxed_<c10::impl::detail::WrapFunctionIntoFunctor_<c10::CompileTimeFunctionPointer<at::Tensor (at::Tensor const&, std::optional<c10::ScalarType>, std::optional<c10::Layout>, std::optional<c10::Device>, std::optional<bool>, bool, std::optional<c10::MemoryFormat>), &at::(anonymous namespace)::_to_copy>, at::Tensor, c10::guts::typelist::typelist<at::Tensor const&, std::optional<c10::ScalarType>, std::optional<c10::Layout>, std::optional<c10::Device>, std::optional<bool>, bool, std::optional<c10::MemoryFormat> > >, at::Tensor (at::Tensor const&, std::optional<c10::ScalarType>, std::optional<c10::Layout>, std::optional<c10::Device>, std::optional<bool>, bool, std::optional<c10::MemoryFormat>)>::call(c10::OperatorKernel*, c10::DispatchKeySet, at::Tensor const&, std::optional<c10::ScalarType>, std::optional<c10::Layout>, std::optional<c10::Device>, std::optional<bool>, bool, std::optional<c10::MemoryFormat>) [0x28ba68a] in libtorch_cpu.so
=========         Host Frame: at::_ops::_to_copy::redispatch(c10::DispatchKeySet, at::Tensor const&, std::optional<c10::ScalarType>, std::optional<c10::Layout>, std::optional<c10::Device>, std::optional<bool>, bool, std::optional<c10::MemoryFormat>) [0x21c34d1] in libtorch_cpu.so
=========         Host Frame: torch::autograd::VariableType::(anonymous namespace)::_to_copy(c10::DispatchKeySet, at::Tensor const&, std::optional<c10::ScalarType>, std::optional<c10::Layout>, std::optional<c10::Device>, std::optional<bool>, bool, std::optional<c10::MemoryFormat>) [0x49975db] in libtorch_cpu.so
=========         Host Frame: c10::impl::wrap_kernel_functor_unboxed_<c10::impl::detail::WrapFunctionIntoFunctor_<c10::CompileTimeFunctionPointer<at::Tensor (c10::DispatchKeySet, at::Tensor const&, std::optional<c10::ScalarType>, std::optional<c10::Layout>, std::optional<c10::Device>, std::optional<bool>, bool, std::optional<c10::MemoryFormat>), &torch::autograd::VariableType::(anonymous namespace)::_to_copy>, at::Tensor, c10::guts::typelist::typelist<c10::DispatchKeySet, at::Tensor const&, std::optional<c10::ScalarType>, std::optional<c10::Layout>, std::optional<c10::Device>, std::optional<bool>, bool, std::optional<c10::MemoryFormat> > >, at::Tensor (c10::DispatchKeySet, at::Tensor const&, std::optional<c10::ScalarType>, std::optional<c10::Layout>, std::optional<c10::Device>, std::optional<bool>, bool, std::optional<c10::MemoryFormat>)>::call(c10::OperatorKernel*, c10::DispatchKeySet, at::Tensor const&, std::optional<c10::ScalarType>, std::optional<c10::Layout>, std::optional<c10::Device>, std::optional<bool>, bool, std::optional<c10::MemoryFormat>) [0x4997a3e] in libtorch_cpu.so
=========         Host Frame: at::_ops::_to_copy::call(at::Tensor const&, std::optional<c10::ScalarType>, std::optional<c10::Layout>, std::optional<c10::Device>, std::optional<bool>, bool, std::optional<c10::MemoryFormat>) [0x2264f7c] in libtorch_cpu.so
=========         Host Frame: at::native::to(at::Tensor const&, std::optional<c10::ScalarType>, std::optional<c10::Layout>, std::optional<c10::Device>, std::optional<bool>, bool, bool, std::optional<c10::MemoryFormat>) [0x1d104fd] in libtorch_cpu.so
=========         Host Frame: c10::impl::wrap_kernel_functor_unboxed_<c10::impl::detail::WrapFunctionIntoFunctor_<c10::CompileTimeFunctionPointer<at::Tensor (at::Tensor const&, std::optional<c10::ScalarType>, std::optional<c10::Layout>, std::optional<c10::Device>, std::optional<bool>, bool, bool, std::optional<c10::MemoryFormat>), &at::(anonymous namespace)::(anonymous namespace)::wrapper_CompositeImplicitAutograd_dtype_layout_to>, at::Tensor, c10::guts::typelist::typelist<at::Tensor const&, std::optional<c10::ScalarType>, std::optional<c10::Layout>, std::optional<c10::Device>, std::optional<bool>, bool, bool, std::optional<c10::MemoryFormat> > >, at::Tensor (at::Tensor const&, std::optional<c10::ScalarType>, std::optional<c10::Layout>, std::optional<c10::Device>, std::optional<bool>, bool, bool, std::optional<c10::MemoryFormat>)>::call(c10::OperatorKernel*, c10::DispatchKeySet, at::Tensor const&, std::optional<c10::ScalarType>, std::optional<c10::Layout>, std::optional<c10::Device>, std::optional<bool>, bool, bool, std::optional<c10::MemoryFormat>) [0x2be4c41] in libtorch_cpu.so
=========         Host Frame: at::_ops::to_dtype_layout::call(at::Tensor const&, std::optional<c10::ScalarType>, std::optional<c10::Layout>, std::optional<c10::Device>, std::optional<bool>, bool, bool, std::optional<c10::MemoryFormat>) [0x23fbe16] in libtorch_cpu.so
=========         Host Frame: at::Tensor::to(c10::TensorOptions, bool, bool, std::optional<c10::MemoryFormat>) const [0x4354c8] in libtorch_python.so
=========         Host Frame: torch::autograd::dispatch_to(at::Tensor const&, c10::Device, bool, bool, std::optional<c10::MemoryFormat>) [0x3d7920] in libtorch_python.so
=========         Host Frame: torch::autograd::THPVariable_cpu(_object*, _object*, _object*) [0x3d7b1d] in libtorch_python.so
=========         Host Frame:  [0x151347] in python
=========         Host Frame: PyObject_Vectorcall [0x149934] in python
=========         Host Frame: _PyEval_EvalFrameDefault [0x1d6f08] in python
=========         Host Frame: PyEval_EvalCode [0x1d544a] in python
=========         Host Frame:  [0x2085a1] in python
=========         Host Frame:  [0x2b5032] in python
=========         Host Frame: _PyRun_SimpleFileObject [0x2b4d99] in python
=========         Host Frame: _PyRun_AnyFileObject [0x2b4bce] in python
=========         Host Frame: Py_RunMain [0x2bcc34] in python
=========         Host Frame: Py_BytesMain [0x2bc71c] in python
=========         Host Frame:  [0x2a1c9] in libc.so.6
=========         Host Frame: __libc_start_main [0x2a28a] in libc.so.6
=========         Host Frame: _start [0x257bc4] in python
=========         Host Frame: validate in compare_baselines.py:117
=========         Host Frame: main in study.py:94
========= 
========= Host API memory access error at host access to 0xb11c8c000 of size 264192 bytes
=========     Uninitialized access at 0xb11c8c7c0 on access by cudaMemcpy source
=========     Saved host backtrace up to driver entry point at error
=========         Host Frame:  [0x481c0] in libcudart.so.12
=========         Host Frame:  [0x17057] in libcudart.so.12
=========         Host Frame: cudaMemcpyAsync [0x768a0] in libcudart.so.12
=========         Host Frame: at::native::copy_kernel_cuda(at::TensorIterator&, bool) [0x16a984b] in libtorch_cuda.so
=========         Host Frame: at::native::copy_impl(at::Tensor&, at::Tensor const&, bool) [clone .isra.0] [0x1a2f8a2] in libtorch_cpu.so
=========         Host Frame: at::native::copy_(at::Tensor&, at::Tensor const&, bool) [0x1a31186] in libtorch_cpu.so
=========         Host Frame: at::_ops::copy_::call(at::Tensor&, at::Tensor const&, bool) [0x26e73d6] in libtorch_cpu.so
=========         Host Frame: at::native::_to_copy(at::Tensor const&, std::optional<c10::ScalarType>, std::optional<c10::Layout>, std::optional<c10::Device>, std::optional<bool>, bool, std::optional<c10::MemoryFormat>) [0x1d12ab2] in libtorch_cpu.so
=========         Host Frame: c10::impl::wrap_kernel_functor_unboxed_<c10::impl::detail::WrapFunctionIntoFunctor_<c10::CompileTimeFunctionPointer<at::Tensor (at::Tensor const&, std::optional<c10::ScalarType>, std::optional<c10::Layout>, std::optional<c10::Device>, std::optional<bool>, bool, std::optional<c10::MemoryFormat>), &at::(anonymous namespace)::(anonymous namespace)::wrapper_CompositeExplicitAutograd___to_copy>, at::Tensor, c10::guts::typelist::typelist<at::Tensor const&, std::optional<c10::ScalarType>, std::optional<c10::Layout>, std::optional<c10::Device>, std::optional<bool>, bool, std::optional<c10::MemoryFormat> > >, at::Tensor (at::Tensor const&, std::optional<c10::ScalarType>, std::optional<c10::Layout>, std::optional<c10::Device>, std::optional<bool>, bool, std::optional<c10::MemoryFormat>)>::call(c10::OperatorKernel*, c10::DispatchKeySet, at::Tensor const&, std::optional<c10::ScalarType>, std::optional<c10::Layout>, std::optional<c10::Device>, std::optional<bool>, bool, std::optional<c10::MemoryFormat>) [0x2aed68b] in libtorch_cpu.so
=========         Host Frame: at::_ops::_to_copy::redispatch(c10::DispatchKeySet, at::Tensor const&, std::optional<c10::ScalarType>, std::optional<c10::Layout>, std::optional<c10::Device>, std::optional<bool>, bool, std::optional<c10::MemoryFormat>) [0x21c34d1] in libtorch_cpu.so
=========         Host Frame: c10::impl::wrap_kernel_functor_unboxed_<c10::impl::detail::WrapFunctionIntoFunctor_<c10::CompileTimeFunctionPointer<at::Tensor (at::Tensor const&, std::optional<c10::ScalarType>, std::optional<c10::Layout>, std::optional<c10::Device>, std::optional<bool>, bool, std::optional<c10::MemoryFormat>), &at::(anonymous namespace)::_to_copy>, at::Tensor, c10::guts::typelist::typelist<at::Tensor const&, std::optional<c10::ScalarType>, std::optional<c10::Layout>, std::optional<c10::Device>, std::optional<bool>, bool, std::optional<c10::MemoryFormat> > >, at::Tensor (at::Tensor const&, std::optional<c10::ScalarType>, std::optional<c10::Layout>, std::optional<c10::Device>, std::optional<bool>, bool, std::optional<c10::MemoryFormat>)>::call(c10::OperatorKernel*, c10::DispatchKeySet, at::Tensor const&, std::optional<c10::ScalarType>, std::optional<c10::Layout>, std::optional<c10::Device>, std::optional<bool>, bool, std::optional<c10::MemoryFormat>) [0x28ba68a] in libtorch_cpu.so
=========         Host Frame: at::_ops::_to_copy::redispatch(c10::DispatchKeySet, at::Tensor const&, std::optional<c10::ScalarType>, std::optional<c10::Layout>, std::optional<c10::Device>, std::optional<bool>, bool, std::optional<c10::MemoryFormat>) [0x21c34d1] in libtorch_cpu.so
=========         Host Frame: torch::autograd::VariableType::(anonymous namespace)::_to_copy(c10::DispatchKeySet, at::Tensor const&, std::optional<c10::ScalarType>, std::optional<c10::Layout>, std::optional<c10::Device>, std::optional<bool>, bool, std::optional<c10::MemoryFormat>) [0x49975db] in libtorch_cpu.so
=========         Host Frame: c10::impl::wrap_kernel_functor_unboxed_<c10::impl::detail::WrapFunctionIntoFunctor_<c10::CompileTimeFunctionPointer<at::Tensor (c10::DispatchKeySet, at::Tensor const&, std::optional<c10::ScalarType>, std::optional<c10::Layout>, std::optional<c10::Device>, std::optional<bool>, bool, std::optional<c10::MemoryFormat>), &torch::autograd::VariableType::(anonymous namespace)::_to_copy>, at::Tensor, c10::guts::typelist::typelist<c10::DispatchKeySet, at::Tensor const&, std::optional<c10::ScalarType>, std::optional<c10::Layout>, std::optional<c10::Device>, std::optional<bool>, bool, std::optional<c10::MemoryFormat> > >, at::Tensor (c10::DispatchKeySet, at::Tensor const&, std::optional<c10::ScalarType>, std::optional<c10::Layout>, std::optional<c10::Device>, std::optional<bool>, bool, std::optional<c10::MemoryFormat>)>::call(c10::OperatorKernel*, c10::DispatchKeySet, at::Tensor const&, std::optional<c10::ScalarType>, std::optional<c10::Layout>, std::optional<c10::Device>, std::optional<bool>, bool, std::optional<c10::MemoryFormat>) [0x4997a3e] in libtorch_cpu.so
=========         Host Frame: at::_ops::_to_copy::call(at::Tensor const&, std::optional<c10::ScalarType>, std::optional<c10::Layout>, std::optional<c10::Device>, std::optional<bool>, bool, std::optional<c10::MemoryFormat>) [0x2264f7c] in libtorch_cpu.so
=========         Host Frame: at::native::to(at::Tensor const&, std::optional<c10::ScalarType>, std::optional<c10::Layout>, std::optional<c10::Device>, std::optional<bool>, bool, bool, std::optional<c10::MemoryFormat>) [0x1d104fd] in libtorch_cpu.so
=========         Host Frame: c10::impl::wrap_kernel_functor_unboxed_<c10::impl::detail::WrapFunctionIntoFunctor_<c10::CompileTimeFunctionPointer<at::Tensor (at::Tensor const&, std::optional<c10::ScalarType>, std::optional<c10::Layout>, std::optional<c10::Device>, std::optional<bool>, bool, bool, std::optional<c10::MemoryFormat>), &at::(anonymous namespace)::(anonymous namespace)::wrapper_CompositeImplicitAutograd_dtype_layout_to>, at::Tensor, c10::guts::typelist::typelist<at::Tensor const&, std::optional<c10::ScalarType>, std::optional<c10::Layout>, std::optional<c10::Device>, std::optional<bool>, bool, bool, std::optional<c10::MemoryFormat> > >, at::Tensor (at::Tensor const&, std::optional<c10::ScalarType>, std::optional<c10::Layout>, std::optional<c10::Device>, std::optional<bool>, bool, bool, std::optional<c10::MemoryFormat>)>::call(c10::OperatorKernel*, c10::DispatchKeySet, at::Tensor const&, std::optional<c10::ScalarType>, std::optional<c10::Layout>, std::optional<c10::Device>, std::optional<bool>, bool, bool, std::optional<c10::MemoryFormat>) [0x2be4c41] in libtorch_cpu.so
=========         Host Frame: at::_ops::to_dtype_layout::call(at::Tensor const&, std::optional<c10::ScalarType>, std::optional<c10::Layout>, std::optional<c10::Device>, std::optional<bool>, bool, bool, std::optional<c10::MemoryFormat>) [0x23fbe16] in libtorch_cpu.so
=========         Host Frame: at::Tensor::to(c10::TensorOptions, bool, bool, std::optional<c10::MemoryFormat>) const [0x4354c8] in libtorch_python.so
=========         Host Frame: torch::autograd::dispatch_to(at::Tensor const&, c10::Device, bool, bool, std::optional<c10::MemoryFormat>) [0x3d7920] in libtorch_python.so
=========         Host Frame: torch::autograd::THPVariable_cpu(_object*, _object*, _object*) [0x3d7b1d] in libtorch_python.so
=========         Host Frame:  [0x151347] in python
=========         Host Frame: PyObject_Vectorcall [0x149934] in python
=========         Host Frame: _PyEval_EvalFrameDefault [0x1d6f08] in python
=========         Host Frame: PyEval_EvalCode [0x1d544a] in python
=========         Host Frame:  [0x2085a1] in python
=========         Host Frame:  [0x2b5032] in python
=========         Host Frame: _PyRun_SimpleFileObject [0x2b4d99] in python
=========         Host Frame: _PyRun_AnyFileObject [0x2b4bce] in python
=========         Host Frame: Py_RunMain [0x2bcc34] in python
=========         Host Frame: Py_BytesMain [0x2bc71c] in python
=========         Host Frame:  [0x2a1c9] in libc.so.6
=========         Host Frame: __libc_start_main [0x2a28a] in libc.so.6
=========         Host Frame: _start [0x257bc4] in python
=========         Host Frame: validate in compare_baselines.py:117
=========         Host Frame: main in study.py:94
========= 
========= Host API memory access error at host access to 0xb11c8c000 of size 264192 bytes
=========     Uninitialized access at 0xb11c8c7e0 on access by cudaMemcpy source
=========     Saved host backtrace up to driver entry point at error
=========         Host Frame:  [0x481c0] in libcudart.so.12
=========         Host Frame:  [0x17057] in libcudart.so.12
=========         Host Frame: cudaMemcpyAsync [0x768a0] in libcudart.so.12
=========         Host Frame: at::native::copy_kernel_cuda(at::TensorIterator&, bool) [0x16a984b] in libtorch_cuda.so
=========         Host Frame: at::native::copy_impl(at::Tensor&, at::Tensor const&, bool) [clone .isra.0] [0x1a2f8a2] in libtorch_cpu.so
=========         Host Frame: at::native::copy_(at::Tensor&, at::Tensor const&, bool) [0x1a31186] in libtorch_cpu.so
=========         Host Frame: at::_ops::copy_::call(at::Tensor&, at::Tensor const&, bool) [0x26e73d6] in libtorch_cpu.so
=========         Host Frame: at::native::_to_copy(at::Tensor const&, std::optional<c10::ScalarType>, std::optional<c10::Layout>, std::optional<c10::Device>, std::optional<bool>, bool, std::optional<c10::MemoryFormat>) [0x1d12ab2] in libtorch_cpu.so
=========         Host Frame: c10::impl::wrap_kernel_functor_unboxed_<c10::impl::detail::WrapFunctionIntoFunctor_<c10::CompileTimeFunctionPointer<at::Tensor (at::Tensor const&, std::optional<c10::ScalarType>, std::optional<c10::Layout>, std::optional<c10::Device>, std::optional<bool>, bool, std::optional<c10::MemoryFormat>), &at::(anonymous namespace)::(anonymous namespace)::wrapper_CompositeExplicitAutograd___to_copy>, at::Tensor, c10::guts::typelist::typelist<at::Tensor const&, std::optional<c10::ScalarType>, std::optional<c10::Layout>, std::optional<c10::Device>, std::optional<bool>, bool, std::optional<c10::MemoryFormat> > >, at::Tensor (at::Tensor const&, std::optional<c10::ScalarType>, std::optional<c10::Layout>, std::optional<c10::Device>, std::optional<bool>, bool, std::optional<c10::MemoryFormat>)>::call(c10::OperatorKernel*, c10::DispatchKeySet, at::Tensor const&, std::optional<c10::ScalarType>, std::optional<c10::Layout>, std::optional<c10::Device>, std::optional<bool>, bool, std::optional<c10::MemoryFormat>) [0x2aed68b] in libtorch_cpu.so
=========         Host Frame: at::_ops::_to_copy::redispatch(c10::DispatchKeySet, at::Tensor const&, std::optional<c10::ScalarType>, std::optional<c10::Layout>, std::optional<c10::Device>, std::optional<bool>, bool, std::optional<c10::MemoryFormat>) [0x21c34d1] in libtorch_cpu.so
=========         Host Frame: c10::impl::wrap_kernel_functor_unboxed_<c10::impl::detail::WrapFunctionIntoFunctor_<c10::CompileTimeFunctionPointer<at::Tensor (at::Tensor const&, std::optional<c10::ScalarType>, std::optional<c10::Layout>, std::optional<c10::Device>, std::optional<bool>, bool, std::optional<c10::MemoryFormat>), &at::(anonymous namespace)::_to_copy>, at::Tensor, c10::guts::typelist::typelist<at::Tensor const&, std::optional<c10::ScalarType>, std::optional<c10::Layout>, std::optional<c10::Device>, std::optional<bool>, bool, std::optional<c10::MemoryFormat> > >, at::Tensor (at::Tensor const&, std::optional<c10::ScalarType>, std::optional<c10::Layout>, std::optional<c10::Device>, std::optional<bool>, bool, std::optional<c10::MemoryFormat>)>::call(c10::OperatorKernel*, c10::DispatchKeySet, at::Tensor const&, std::optional<c10::ScalarType>, std::optional<c10::Layout>, std::optional<c10::Device>, std::optional<bool>, bool, std::optional<c10::MemoryFormat>) [0x28ba68a] in libtorch_cpu.so
=========         Host Frame: at::_ops::_to_copy::redispatch(c10::DispatchKeySet, at::Tensor const&, std::optional<c10::ScalarType>, std::optional<c10::Layout>, std::optional<c10::Device>, std::optional<bool>, bool, std::optional<c10::MemoryFormat>) [0x21c34d1] in libtorch_cpu.so
=========         Host Frame: torch::autograd::VariableType::(anonymous namespace)::_to_copy(c10::DispatchKeySet, at::Tensor const&, std::optional<c10::ScalarType>, std::optional<c10::Layout>, std::optional<c10::Device>, std::optional<bool>, bool, std::optional<c10::MemoryFormat>) [0x49975db] in libtorch_cpu.so
=========         Host Frame: c10::impl::wrap_kernel_functor_unboxed_<c10::impl::detail::WrapFunctionIntoFunctor_<c10::CompileTimeFunctionPointer<at::Tensor (c10::DispatchKeySet, at::Tensor const&, std::optional<c10::ScalarType>, std::optional<c10::Layout>, std::optional<c10::Device>, std::optional<bool>, bool, std::optional<c10::MemoryFormat>), &torch::autograd::VariableType::(anonymous namespace)::_to_copy>, at::Tensor, c10::guts::typelist::typelist<c10::DispatchKeySet, at::Tensor const&, std::optional<c10::ScalarType>, std::optional<c10::Layout>, std::optional<c10::Device>, std::optional<bool>, bool, std::optional<c10::MemoryFormat> > >, at::Tensor (c10::DispatchKeySet, at::Tensor const&, std::optional<c10::ScalarType>, std::optional<c10::Layout>, std::optional<c10::Device>, std::optional<bool>, bool, std::optional<c10::MemoryFormat>)>::call(c10::OperatorKernel*, c10::DispatchKeySet, at::Tensor const&, std::optional<c10::ScalarType>, std::optional<c10::Layout>, std::optional<c10::Device>, std::optional<bool>, bool, std::optional<c10::MemoryFormat>) [0x4997a3e] in libtorch_cpu.so
=========         Host Frame: at::_ops::_to_copy::call(at::Tensor const&, std::optional<c10::ScalarType>, std::optional<c10::Layout>, std::optional<c10::Device>, std::optional<bool>, bool, std::optional<c10::MemoryFormat>) [0x2264f7c] in libtorch_cpu.so
=========         Host Frame: at::native::to(at::Tensor const&, std::optional<c10::ScalarType>, std::optional<c10::Layout>, std::optional<c10::Device>, std::optional<bool>, bool, bool, std::optional<c10::MemoryFormat>) [0x1d104fd] in libtorch_cpu.so
=========         Host Frame: c10::impl::wrap_kernel_functor_unboxed_<c10::impl::detail::WrapFunctionIntoFunctor_<c10::CompileTimeFunctionPointer<at::Tensor (at::Tensor const&, std::optional<c10::ScalarType>, std::optional<c10::Layout>, std::optional<c10::Device>, std::optional<bool>, bool, bool, std::optional<c10::MemoryFormat>), &at::(anonymous namespace)::(anonymous namespace)::wrapper_CompositeImplicitAutograd_dtype_layout_to>, at::Tensor, c10::guts::typelist::typelist<at::Tensor const&, std::optional<c10::ScalarType>, std::optional<c10::Layout>, std::optional<c10::Device>, std::optional<bool>, bool, bool, std::optional<c10::MemoryFormat> > >, at::Tensor (at::Tensor const&, std::optional<c10::ScalarType>, std::optional<c10::Layout>, std::optional<c10::Device>, std::optional<bool>, bool, bool, std::optional<c10::MemoryFormat>)>::call(c10::OperatorKernel*, c10::DispatchKeySet, at::Tensor const&, std::optional<c10::ScalarType>, std::optional<c10::Layout>, std::optional<c10::Device>, std::optional<bool>, bool, bool, std::optional<c10::MemoryFormat>) [0x2be4c41] in libtorch_cpu.so
=========         Host Frame: at::_ops::to_dtype_layout::call(at::Tensor const&, std::optional<c10::ScalarType>, std::optional<c10::Layout>, std::optional<c10::Device>, std::optional<bool>, bool, bool, std::optional<c10::MemoryFormat>) [0x23fbe16] in libtorch_cpu.so
=========         Host Frame: at::Tensor::to(c10::TensorOptions, bool, bool, std::optional<c10::MemoryFormat>) const [0x4354c8] in libtorch_python.so
=========         Host Frame: torch::autograd::dispatch_to(at::Tensor const&, c10::Device, bool, bool, std::optional<c10::MemoryFormat>) [0x3d7920] in libtorch_python.so
=========         Host Frame: torch::autograd::THPVariable_cpu(_object*, _object*, _object*) [0x3d7b1d] in libtorch_python.so
=========         Host Frame:  [0x151347] in python
=========         Host Frame: PyObject_Vectorcall [0x149934] in python
=========         Host Frame: _PyEval_EvalFrameDefault [0x1d6f08] in python
=========         Host Frame: PyEval_EvalCode [0x1d544a] in python
=========         Host Frame:  [0x2085a1] in python
=========         Host Frame:  [0x2b5032] in python
=========         Host Frame: _PyRun_SimpleFileObject [0x2b4d99] in python
=========         Host Frame: _PyRun_AnyFileObject [0x2b4bce] in python
=========         Host Frame: Py_RunMain [0x2bcc34] in python
=========         Host Frame: Py_BytesMain [0x2bc71c] in python
=========         Host Frame:  [0x2a1c9] in libc.so.6
=========         Host Frame: __libc_start_main [0x2a28a] in libc.so.6
=========         Host Frame: _start [0x257bc4] in python
=========         Host Frame: validate in compare_baselines.py:117
=========         Host Frame: main in study.py:94
========= 
========= Host API memory access error at host access to 0xb11c8c000 of size 264192 bytes
=========     Uninitialized access at 0xb11c8c800 on access by cudaMemcpy source
=========     Saved host backtrace up to driver entry point at error
=========         Host Frame:  [0x481c0] in libcudart.so.12
=========         Host Frame:  [0x17057] in libcudart.so.12
=========         Host Frame: cudaMemcpyAsync [0x768a0] in libcudart.so.12
=========         Host Frame: at::native::copy_kernel_cuda(at::TensorIterator&, bool) [0x16a984b] in libtorch_cuda.so
=========         Host Frame: at::native::copy_impl(at::Tensor&, at::Tensor const&, bool) [clone .isra.0] [0x1a2f8a2] in libtorch_cpu.so
=========         Host Frame: at::native::copy_(at::Tensor&, at::Tensor const&, bool) [0x1a31186] in libtorch_cpu.so
=========         Host Frame: at::_ops::copy_::call(at::Tensor&, at::Tensor const&, bool) [0x26e73d6] in libtorch_cpu.so
=========         Host Frame: at::native::_to_copy(at::Tensor const&, std::optional<c10::ScalarType>, std::optional<c10::Layout>, std::optional<c10::Device>, std::optional<bool>, bool, std::optional<c10::MemoryFormat>) [0x1d12ab2] in libtorch_cpu.so
=========         Host Frame: c10::impl::wrap_kernel_functor_unboxed_<c10::impl::detail::WrapFunctionIntoFunctor_<c10::CompileTimeFunctionPointer<at::Tensor (at::Tensor const&, std::optional<c10::ScalarType>, std::optional<c10::Layout>, std::optional<c10::Device>, std::optional<bool>, bool, std::optional<c10::MemoryFormat>), &at::(anonymous namespace)::(anonymous namespace)::wrapper_CompositeExplicitAutograd___to_copy>, at::Tensor, c10::guts::typelist::typelist<at::Tensor const&, std::optional<c10::ScalarType>, std::optional<c10::Layout>, std::optional<c10::Device>, std::optional<bool>, bool, std::optional<c10::MemoryFormat> > >, at::Tensor (at::Tensor const&, std::optional<c10::ScalarType>, std::optional<c10::Layout>, std::optional<c10::Device>, std::optional<bool>, bool, std::optional<c10::MemoryFormat>)>::call(c10::OperatorKernel*, c10::DispatchKeySet, at::Tensor const&, std::optional<c10::ScalarType>, std::optional<c10::Layout>, std::optional<c10::Device>, std::optional<bool>, bool, std::optional<c10::MemoryFormat>) [0x2aed68b] in libtorch_cpu.so
=========         Host Frame: at::_ops::_to_copy::redispatch(c10::DispatchKeySet, at::Tensor const&, std::optional<c10::ScalarType>, std::optional<c10::Layout>, std::optional<c10::Device>, std::optional<bool>, bool, std::optional<c10::MemoryFormat>) [0x21c34d1] in libtorch_cpu.so
=========         Host Frame: c10::impl::wrap_kernel_functor_unboxed_<c10::impl::detail::WrapFunctionIntoFunctor_<c10::CompileTimeFunctionPointer<at::Tensor (at::Tensor const&, std::optional<c10::ScalarType>, std::optional<c10::Layout>, std::optional<c10::Device>, std::optional<bool>, bool, std::optional<c10::MemoryFormat>), &at::(anonymous namespace)::_to_copy>, at::Tensor, c10::guts::typelist::typelist<at::Tensor const&, std::optional<c10::ScalarType>, std::optional<c10::Layout>, std::optional<c10::Device>, std::optional<bool>, bool, std::optional<c10::MemoryFormat> > >, at::Tensor (at::Tensor const&, std::optional<c10::ScalarType>, std::optional<c10::Layout>, std::optional<c10::Device>, std::optional<bool>, bool, std::optional<c10::MemoryFormat>)>::call(c10::OperatorKernel*, c10::DispatchKeySet, at::Tensor const&, std::optional<c10::ScalarType>, std::optional<c10::Layout>, std::optional<c10::Device>, std::optional<bool>, bool, std::optional<c10::MemoryFormat>) [0x28ba68a] in libtorch_cpu.so
=========         Host Frame: at::_ops::_to_copy::redispatch(c10::DispatchKeySet, at::Tensor const&, std::optional<c10::ScalarType>, std::optional<c10::Layout>, std::optional<c10::Device>, std::optional<bool>, bool, std::optional<c10::MemoryFormat>) [0x21c34d1] in libtorch_cpu.so
=========         Host Frame: torch::autograd::VariableType::(anonymous namespace)::_to_copy(c10::DispatchKeySet, at::Tensor const&, std::optional<c10::ScalarType>, std::optional<c10::Layout>, std::optional<c10::Device>, std::optional<bool>, bool, std::optional<c10::MemoryFormat>) [0x49975db] in libtorch_cpu.so
=========         Host Frame: c10::impl::wrap_kernel_functor_unboxed_<c10::impl::detail::WrapFunctionIntoFunctor_<c10::CompileTimeFunctionPointer<at::Tensor (c10::DispatchKeySet, at::Tensor const&, std::optional<c10::ScalarType>, std::optional<c10::Layout>, std::optional<c10::Device>, std::optional<bool>, bool, std::optional<c10::MemoryFormat>), &torch::autograd::VariableType::(anonymous namespace)::_to_copy>, at::Tensor, c10::guts::typelist::typelist<c10::DispatchKeySet, at::Tensor const&, std::optional<c10::ScalarType>, std::optional<c10::Layout>, std::optional<c10::Device>, std::optional<bool>, bool, std::optional<c10::MemoryFormat> > >, at::Tensor (c10::DispatchKeySet, at::Tensor const&, std::optional<c10::ScalarType>, std::optional<c10::Layout>, std::optional<c10::Device>, std::optional<bool>, bool, std::optional<c10::MemoryFormat>)>::call(c10::OperatorKernel*, c10::DispatchKeySet, at::Tensor const&, std::optional<c10::ScalarType>, std::optional<c10::Layout>, std::optional<c10::Device>, std::optional<bool>, bool, std::optional<c10::MemoryFormat>) [0x4997a3e] in libtorch_cpu.so
=========         Host Frame: at::_ops::_to_copy::call(at::Tensor const&, std::optional<c10::ScalarType>, std::optional<c10::Layout>, std::optional<c10::Device>, std::optional<bool>, bool, std::optional<c10::MemoryFormat>) [0x2264f7c] in libtorch_cpu.so
=========         Host Frame: at::native::to(at::Tensor const&, std::optional<c10::ScalarType>, std::optional<c10::Layout>, std::optional<c10::Device>, std::optional<bool>, bool, bool, std::optional<c10::MemoryFormat>) [0x1d104fd] in libtorch_cpu.so
=========         Host Frame: c10::impl::wrap_kernel_functor_unboxed_<c10::impl::detail::WrapFunctionIntoFunctor_<c10::CompileTimeFunctionPointer<at::Tensor (at::Tensor const&, std::optional<c10::ScalarType>, std::optional<c10::Layout>, std::optional<c10::Device>, std::optional<bool>, bool, bool, std::optional<c10::MemoryFormat>), &at::(anonymous namespace)::(anonymous namespace)::wrapper_CompositeImplicitAutograd_dtype_layout_to>, at::Tensor, c10::guts::typelist::typelist<at::Tensor const&, std::optional<c10::ScalarType>, std::optional<c10::Layout>, std::optional<c10::Device>, std::optional<bool>, bool, bool, std::optional<c10::MemoryFormat> > >, at::Tensor (at::Tensor const&, std::optional<c10::ScalarType>, std::optional<c10::Layout>, std::optional<c10::Device>, std::optional<bool>, bool, bool, std::optional<c10::MemoryFormat>)>::call(c10::OperatorKernel*, c10::DispatchKeySet, at::Tensor const&, std::optional<c10::ScalarType>, std::optional<c10::Layout>, std::optional<c10::Device>, std::optional<bool>, bool, bool, std::optional<c10::MemoryFormat>) [0x2be4c41] in libtorch_cpu.so
=========         Host Frame: at::_ops::to_dtype_layout::call(at::Tensor const&, std::optional<c10::ScalarType>, std::optional<c10::Layout>, std::optional<c10::Device>, std::optional<bool>, bool, bool, std::optional<c10::MemoryFormat>) [0x23fbe16] in libtorch_cpu.so
=========         Host Frame: at::Tensor::to(c10::TensorOptions, bool, bool, std::optional<c10::MemoryFormat>) const [0x4354c8] in libtorch_python.so
=========         Host Frame: torch::autograd::dispatch_to(at::Tensor const&, c10::Device, bool, bool, std::optional<c10::MemoryFormat>) [0x3d7920] in libtorch_python.so
=========         Host Frame: torch::autograd::THPVariable_cpu(_object*, _object*, _object*) [0x3d7b1d] in libtorch_python.so
=========         Host Frame:  [0x151347] in python
=========         Host Frame: PyObject_Vectorcall [0x149934] in python
=========         Host Frame: _PyEval_EvalFrameDefault [0x1d6f08] in python
=========         Host Frame: PyEval_EvalCode [0x1d544a] in python
=========         Host Frame:  [0x2085a1] in python
=========         Host Frame:  [0x2b5032] in python
=========         Host Frame: _PyRun_SimpleFileObject [0x2b4d99] in python
=========         Host Frame: _PyRun_AnyFileObject [0x2b4bce] in python
=========         Host Frame: Py_RunMain [0x2bcc34] in python
=========         Host Frame: Py_BytesMain [0x2bc71c] in python
=========         Host Frame:  [0x2a1c9] in libc.so.6
=========         Host Frame: __libc_start_main [0x2a28a] in libc.so.6
=========         Host Frame: _start [0x257bc4] in python
=========         Host Frame: validate in compare_baselines.py:117
=========         Host Frame: main in study.py:94
========= 
========= Host API memory access error at host access to 0xb11c8c000 of size 264192 bytes
=========     Uninitialized access at 0xb11c8c820 on access by cudaMemcpy source
=========     Saved host backtrace up to driver entry point at error
=========         Host Frame:  [0x481c0] in libcudart.so.12
=========         Host Frame:  [0x17057] in libcudart.so.12
=========         Host Frame: cudaMemcpyAsync [0x768a0] in libcudart.so.12
=========         Host Frame: at::native::copy_kernel_cuda(at::TensorIterator&, bool) [0x16a984b] in libtorch_cuda.so
=========         Host Frame: at::native::copy_impl(at::Tensor&, at::Tensor const&, bool) [clone .isra.0] [0x1a2f8a2] in libtorch_cpu.so
=========         Host Frame: at::native::copy_(at::Tensor&, at::Tensor const&, bool) [0x1a31186] in libtorch_cpu.so
=========         Host Frame: at::_ops::copy_::call(at::Tensor&, at::Tensor const&, bool) [0x26e73d6] in libtorch_cpu.so
=========         Host Frame: at::native::_to_copy(at::Tensor const&, std::optional<c10::ScalarType>, std::optional<c10::Layout>, std::optional<c10::Device>, std::optional<bool>, bool, std::optional<c10::MemoryFormat>) [0x1d12ab2] in libtorch_cpu.so
=========         Host Frame: c10::impl::wrap_kernel_functor_unboxed_<c10::impl::detail::WrapFunctionIntoFunctor_<c10::CompileTimeFunctionPointer<at::Tensor (at::Tensor const&, std::optional<c10::ScalarType>, std::optional<c10::Layout>, std::optional<c10::Device>, std::optional<bool>, bool, std::optional<c10::MemoryFormat>), &at::(anonymous namespace)::(anonymous namespace)::wrapper_CompositeExplicitAutograd___to_copy>, at::Tensor, c10::guts::typelist::typelist<at::Tensor const&, std::optional<c10::ScalarType>, std::optional<c10::Layout>, std::optional<c10::Device>, std::optional<bool>, bool, std::optional<c10::MemoryFormat> > >, at::Tensor (at::Tensor const&, std::optional<c10::ScalarType>, std::optional<c10::Layout>, std::optional<c10::Device>, std::optional<bool>, bool, std::optional<c10::MemoryFormat>)>::call(c10::OperatorKernel*, c10::DispatchKeySet, at::Tensor const&, std::optional<c10::ScalarType>, std::optional<c10::Layout>, std::optional<c10::Device>, std::optional<bool>, bool, std::optional<c10::MemoryFormat>) [0x2aed68b] in libtorch_cpu.so
=========         Host Frame: at::_ops::_to_copy::redispatch(c10::DispatchKeySet, at::Tensor const&, std::optional<c10::ScalarType>, std::optional<c10::Layout>, std::optional<c10::Device>, std::optional<bool>, bool, std::optional<c10::MemoryFormat>) [0x21c34d1] in libtorch_cpu.so
=========         Host Frame: c10::impl::wrap_kernel_functor_unboxed_<c10::impl::detail::WrapFunctionIntoFunctor_<c10::CompileTimeFunctionPointer<at::Tensor (at::Tensor const&, std::optional<c10::ScalarType>, std::optional<c10::Layout>, std::optional<c10::Device>, std::optional<bool>, bool, std::optional<c10::MemoryFormat>), &at::(anonymous namespace)::_to_copy>, at::Tensor, c10::guts::typelist::typelist<at::Tensor const&, std::optional<c10::ScalarType>, std::optional<c10::Layout>, std::optional<c10::Device>, std::optional<bool>, bool, std::optional<c10::MemoryFormat> > >, at::Tensor (at::Tensor const&, std::optional<c10::ScalarType>, std::optional<c10::Layout>, std::optional<c10::Device>, std::optional<bool>, bool, std::optional<c10::MemoryFormat>)>::call(c10::OperatorKernel*, c10::DispatchKeySet, at::Tensor const&, std::optional<c10::ScalarType>, std::optional<c10::Layout>, std::optional<c10::Device>, std::optional<bool>, bool, std::optional<c10::MemoryFormat>) [0x28ba68a] in libtorch_cpu.so
=========         Host Frame: at::_ops::_to_copy::redispatch(c10::DispatchKeySet, at::Tensor const&, std::optional<c10::ScalarType>, std::optional<c10::Layout>, std::optional<c10::Device>, std::optional<bool>, bool, std::optional<c10::MemoryFormat>) [0x21c34d1] in libtorch_cpu.so
=========         Host Frame: torch::autograd::VariableType::(anonymous namespace)::_to_copy(c10::DispatchKeySet, at::Tensor const&, std::optional<c10::ScalarType>, std::optional<c10::Layout>, std::optional<c10::Device>, std::optional<bool>, bool, std::optional<c10::MemoryFormat>) [0x49975db] in libtorch_cpu.so
=========         Host Frame: c10::impl::wrap_kernel_functor_unboxed_<c10::impl::detail::WrapFunctionIntoFunctor_<c10::CompileTimeFunctionPointer<at::Tensor (c10::DispatchKeySet, at::Tensor const&, std::optional<c10::ScalarType>, std::optional<c10::Layout>, std::optional<c10::Device>, std::optional<bool>, bool, std::optional<c10::MemoryFormat>), &torch::autograd::VariableType::(anonymous namespace)::_to_copy>, at::Tensor, c10::guts::typelist::typelist<c10::DispatchKeySet, at::Tensor const&, std::optional<c10::ScalarType>, std::optional<c10::Layout>, std::optional<c10::Device>, std::optional<bool>, bool, std::optional<c10::MemoryFormat> > >, at::Tensor (c10::DispatchKeySet, at::Tensor const&, std::optional<c10::ScalarType>, std::optional<c10::Layout>, std::optional<c10::Device>, std::optional<bool>, bool, std::optional<c10::MemoryFormat>)>::call(c10::OperatorKernel*, c10::DispatchKeySet, at::Tensor const&, std::optional<c10::ScalarType>, std::optional<c10::Layout>, std::optional<c10::Device>, std::optional<bool>, bool, std::optional<c10::MemoryFormat>) [0x4997a3e] in libtorch_cpu.so
=========         Host Frame: at::_ops::_to_copy::call(at::Tensor const&, std::optional<c10::ScalarType>, std::optional<c10::Layout>, std::optional<c10::Device>, std::optional<bool>, bool, std::optional<c10::MemoryFormat>) [0x2264f7c] in libtorch_cpu.so
=========         Host Frame: at::native::to(at::Tensor const&, std::optional<c10::ScalarType>, std::optional<c10::Layout>, std::optional<c10::Device>, std::optional<bool>, bool, bool, std::optional<c10::MemoryFormat>) [0x1d104fd] in libtorch_cpu.so
=========         Host Frame: c10::impl::wrap_kernel_functor_unboxed_<c10::impl::detail::WrapFunctionIntoFunctor_<c10::CompileTimeFunctionPointer<at::Tensor (at::Tensor const&, std::optional<c10::ScalarType>, std::optional<c10::Layout>, std::optional<c10::Device>, std::optional<bool>, bool, bool, std::optional<c10::MemoryFormat>), &at::(anonymous namespace)::(anonymous namespace)::wrapper_CompositeImplicitAutograd_dtype_layout_to>, at::Tensor, c10::guts::typelist::typelist<at::Tensor const&, std::optional<c10::ScalarType>, std::optional<c10::Layout>, std::optional<c10::Device>, std::optional<bool>, bool, bool, std::optional<c10::MemoryFormat> > >, at::Tensor (at::Tensor const&, std::optional<c10::ScalarType>, std::optional<c10::Layout>, std::optional<c10::Device>, std::optional<bool>, bool, bool, std::optional<c10::MemoryFormat>)>::call(c10::OperatorKernel*, c10::DispatchKeySet, at::Tensor const&, std::optional<c10::ScalarType>, std::optional<c10::Layout>, std::optional<c10::Device>, std::optional<bool>, bool, bool, std::optional<c10::MemoryFormat>) [0x2be4c41] in libtorch_cpu.so
=========         Host Frame: at::_ops::to_dtype_layout::call(at::Tensor const&, std::optional<c10::ScalarType>, std::optional<c10::Layout>, std::optional<c10::Device>, std::optional<bool>, bool, bool, std::optional<c10::MemoryFormat>) [0x23fbe16] in libtorch_cpu.so
=========         Host Frame: at::Tensor::to(c10::TensorOptions, bool, bool, std::optional<c10::MemoryFormat>) const [0x4354c8] in libtorch_python.so
=========         Host Frame: torch::autograd::dispatch_to(at::Tensor const&, c10::Device, bool, bool, std::optional<c10::MemoryFormat>) [0x3d7920] in libtorch_python.so
=========         Host Frame: torch::autograd::THPVariable_cpu(_object*, _object*, _object*) [0x3d7b1d] in libtorch_python.so
=========         Host Frame:  [0x151347] in python
=========         Host Frame: PyObject_Vectorcall [0x149934] in python
=========         Host Frame: _PyEval_EvalFrameDefault [0x1d6f08] in python
=========         Host Frame: PyEval_EvalCode [0x1d544a] in python
=========         Host Frame:  [0x2085a1] in python
=========         Host Frame:  [0x2b5032] in python
=========         Host Frame: _PyRun_SimpleFileObject [0x2b4d99] in python
=========         Host Frame: _PyRun_AnyFileObject [0x2b4bce] in python
=========         Host Frame: Py_RunMain [0x2bcc34] in python
=========         Host Frame: Py_BytesMain [0x2bc71c] in python
=========         Host Frame:  [0x2a1c9] in libc.so.6
=========         Host Frame: __libc_start_main [0x2a28a] in libc.so.6
=========         Host Frame: _start [0x257bc4] in python
=========         Host Frame: validate in compare_baselines.py:117
=========         Host Frame: main in study.py:94
========= 
========= Host API memory access error at host access to 0xb11c8c000 of size 264192 bytes
=========     Uninitialized access at 0xb11c8c840 on access by cudaMemcpy source
=========     Saved host backtrace up to driver entry point at error
=========         Host Frame:  [0x481c0] in libcudart.so.12
=========         Host Frame:  [0x17057] in libcudart.so.12
=========         Host Frame: cudaMemcpyAsync [0x768a0] in libcudart.so.12
=========         Host Frame: at::native::copy_kernel_cuda(at::TensorIterator&, bool) [0x16a984b] in libtorch_cuda.so
=========         Host Frame: at::native::copy_impl(at::Tensor&, at::Tensor const&, bool) [clone .isra.0] [0x1a2f8a2] in libtorch_cpu.so
=========         Host Frame: at::native::copy_(at::Tensor&, at::Tensor const&, bool) [0x1a31186] in libtorch_cpu.so
=========         Host Frame: at::_ops::copy_::call(at::Tensor&, at::Tensor const&, bool) [0x26e73d6] in libtorch_cpu.so
=========         Host Frame: at::native::_to_copy(at::Tensor const&, std::optional<c10::ScalarType>, std::optional<c10::Layout>, std::optional<c10::Device>, std::optional<bool>, bool, std::optional<c10::MemoryFormat>) [0x1d12ab2] in libtorch_cpu.so
=========         Host Frame: c10::impl::wrap_kernel_functor_unboxed_<c10::impl::detail::WrapFunctionIntoFunctor_<c10::CompileTimeFunctionPointer<at::Tensor (at::Tensor const&, std::optional<c10::ScalarType>, std::optional<c10::Layout>, std::optional<c10::Device>, std::optional<bool>, bool, std::optional<c10::MemoryFormat>), &at::(anonymous namespace)::(anonymous namespace)::wrapper_CompositeExplicitAutograd___to_copy>, at::Tensor, c10::guts::typelist::typelist<at::Tensor const&, std::optional<c10::ScalarType>, std::optional<c10::Layout>, std::optional<c10::Device>, std::optional<bool>, bool, std::optional<c10::MemoryFormat> > >, at::Tensor (at::Tensor const&, std::optional<c10::ScalarType>, std::optional<c10::Layout>, std::optional<c10::Device>, std::optional<bool>, bool, std::optional<c10::MemoryFormat>)>::call(c10::OperatorKernel*, c10::DispatchKeySet, at::Tensor const&, std::optional<c10::ScalarType>, std::optional<c10::Layout>, std::optional<c10::Device>, std::optional<bool>, bool, std::optional<c10::MemoryFormat>) [0x2aed68b] in libtorch_cpu.so
=========         Host Frame: at::_ops::_to_copy::redispatch(c10::DispatchKeySet, at::Tensor const&, std::optional<c10::ScalarType>, std::optional<c10::Layout>, std::optional<c10::Device>, std::optional<bool>, bool, std::optional<c10::MemoryFormat>) [0x21c34d1] in libtorch_cpu.so
=========         Host Frame: c10::impl::wrap_kernel_functor_unboxed_<c10::impl::detail::WrapFunctionIntoFunctor_<c10::CompileTimeFunctionPointer<at::Tensor (at::Tensor const&, std::optional<c10::ScalarType>, std::optional<c10::Layout>, std::optional<c10::Device>, std::optional<bool>, bool, std::optional<c10::MemoryFormat>), &at::(anonymous namespace)::_to_copy>, at::Tensor, c10::guts::typelist::typelist<at::Tensor const&, std::optional<c10::ScalarType>, std::optional<c10::Layout>, std::optional<c10::Device>, std::optional<bool>, bool, std::optional<c10::MemoryFormat> > >, at::Tensor (at::Tensor const&, std::optional<c10::ScalarType>, std::optional<c10::Layout>, std::optional<c10::Device>, std::optional<bool>, bool, std::optional<c10::MemoryFormat>)>::call(c10::OperatorKernel*, c10::DispatchKeySet, at::Tensor const&, std::optional<c10::ScalarType>, std::optional<c10::Layout>, std::optional<c10::Device>, std::optional<bool>, bool, std::optional<c10::MemoryFormat>) [0x28ba68a] in libtorch_cpu.so
=========         Host Frame: at::_ops::_to_copy::redispatch(c10::DispatchKeySet, at::Tensor const&, std::optional<c10::ScalarType>, std::optional<c10::Layout>, std::optional<c10::Device>, std::optional<bool>, bool, std::optional<c10::MemoryFormat>) [0x21c34d1] in libtorch_cpu.so
=========         Host Frame: torch::autograd::VariableType::(anonymous namespace)::_to_copy(c10::DispatchKeySet, at::Tensor const&, std::optional<c10::ScalarType>, std::optional<c10::Layout>, std::optional<c10::Device>, std::optional<bool>, bool, std::optional<c10::MemoryFormat>) [0x49975db] in libtorch_cpu.so
=========         Host Frame: c10::impl::wrap_kernel_functor_unboxed_<c10::impl::detail::WrapFunctionIntoFunctor_<c10::CompileTimeFunctionPointer<at::Tensor (c10::DispatchKeySet, at::Tensor const&, std::optional<c10::ScalarType>, std::optional<c10::Layout>, std::optional<c10::Device>, std::optional<bool>, bool, std::optional<c10::MemoryFormat>), &torch::autograd::VariableType::(anonymous namespace)::_to_copy>, at::Tensor, c10::guts::typelist::typelist<c10::DispatchKeySet, at::Tensor const&, std::optional<c10::ScalarType>, std::optional<c10::Layout>, std::optional<c10::Device>, std::optional<bool>, bool, std::optional<c10::MemoryFormat> > >, at::Tensor (c10::DispatchKeySet, at::Tensor const&, std::optional<c10::ScalarType>, std::optional<c10::Layout>, std::optional<c10::Device>, std::optional<bool>, bool, std::optional<c10::MemoryFormat>)>::call(c10::OperatorKernel*, c10::DispatchKeySet, at::Tensor const&, std::optional<c10::ScalarType>, std::optional<c10::Layout>, std::optional<c10::Device>, std::optional<bool>, bool, std::optional<c10::MemoryFormat>) [0x4997a3e] in libtorch_cpu.so
=========         Host Frame: at::_ops::_to_copy::call(at::Tensor const&, std::optional<c10::ScalarType>, std::optional<c10::Layout>, std::optional<c10::Device>, std::optional<bool>, bool, std::optional<c10::MemoryFormat>) [0x2264f7c] in libtorch_cpu.so
=========         Host Frame: at::native::to(at::Tensor const&, std::optional<c10::ScalarType>, std::optional<c10::Layout>, std::optional<c10::Device>, std::optional<bool>, bool, bool, std::optional<c10::MemoryFormat>) [0x1d104fd] in libtorch_cpu.so
=========         Host Frame: c10::impl::wrap_kernel_functor_unboxed_<c10::impl::detail::WrapFunctionIntoFunctor_<c10::CompileTimeFunctionPointer<at::Tensor (at::Tensor const&, std::optional<c10::ScalarType>, std::optional<c10::Layout>, std::optional<c10::Device>, std::optional<bool>, bool, bool, std::optional<c10::MemoryFormat>), &at::(anonymous namespace)::(anonymous namespace)::wrapper_CompositeImplicitAutograd_dtype_layout_to>, at::Tensor, c10::guts::typelist::typelist<at::Tensor const&, std::optional<c10::ScalarType>, std::optional<c10::Layout>, std::optional<c10::Device>, std::optional<bool>, bool, bool, std::optional<c10::MemoryFormat> > >, at::Tensor (at::Tensor const&, std::optional<c10::ScalarType>, std::optional<c10::Layout>, std::optional<c10::Device>, std::optional<bool>, bool, bool, std::optional<c10::MemoryFormat>)>::call(c10::OperatorKernel*, c10::DispatchKeySet, at::Tensor const&, std::optional<c10::ScalarType>, std::optional<c10::Layout>, std::optional<c10::Device>, std::optional<bool>, bool, bool, std::optional<c10::MemoryFormat>) [0x2be4c41] in libtorch_cpu.so
=========         Host Frame: at::_ops::to_dtype_layout::call(at::Tensor const&, std::optional<c10::ScalarType>, std::optional<c10::Layout>, std::optional<c10::Device>, std::optional<bool>, bool, bool, std::optional<c10::MemoryFormat>) [0x23fbe16] in libtorch_cpu.so
=========         Host Frame: at::Tensor::to(c10::TensorOptions, bool, bool, std::optional<c10::MemoryFormat>) const [0x4354c8] in libtorch_python.so
=========         Host Frame: torch::autograd::dispatch_to(at::Tensor const&, c10::Device, bool, bool, std::optional<c10::MemoryFormat>) [0x3d7920] in libtorch_python.so
=========         Host Frame: torch::autograd::THPVariable_cpu(_object*, _object*, _object*) [0x3d7b1d] in libtorch_python.so
=========         Host Frame:  [0x151347] in python
=========         Host Frame: PyObject_Vectorcall [0x149934] in python
=========         Host Frame: _PyEval_EvalFrameDefault [0x1d6f08] in python
=========         Host Frame: PyEval_EvalCode [0x1d544a] in python
=========         Host Frame:  [0x2085a1] in python
=========         Host Frame:  [0x2b5032] in python
=========         Host Frame: _PyRun_SimpleFileObject [0x2b4d99] in python
=========         Host Frame: _PyRun_AnyFileObject [0x2b4bce] in python
=========         Host Frame: Py_RunMain [0x2bcc34] in python
=========         Host Frame: Py_BytesMain [0x2bc71c] in python
=========         Host Frame:  [0x2a1c9] in libc.so.6
=========         Host Frame: __libc_start_main [0x2a28a] in libc.so.6
=========         Host Frame: _start [0x257bc4] in python
=========         Host Frame: validate in compare_baselines.py:117
=========         Host Frame: main in study.py:94
========= 
========= Host API memory access error at host access to 0xb11c8c000 of size 264192 bytes
=========     Uninitialized access at 0xb11c8c860 on access by cudaMemcpy source
=========     Saved host backtrace up to driver entry point at error
=========         Host Frame:  [0x481c0] in libcudart.so.12
=========         Host Frame:  [0x17057] in libcudart.so.12
=========         Host Frame: cudaMemcpyAsync [0x768a0] in libcudart.so.12
=========         Host Frame: at::native::copy_kernel_cuda(at::TensorIterator&, bool) [0x16a984b] in libtorch_cuda.so
=========         Host Frame: at::native::copy_impl(at::Tensor&, at::Tensor const&, bool) [clone .isra.0] [0x1a2f8a2] in libtorch_cpu.so
=========         Host Frame: at::native::copy_(at::Tensor&, at::Tensor const&, bool) [0x1a31186] in libtorch_cpu.so
=========         Host Frame: at::_ops::copy_::call(at::Tensor&, at::Tensor const&, bool) [0x26e73d6] in libtorch_cpu.so
=========         Host Frame: at::native::_to_copy(at::Tensor const&, std::optional<c10::ScalarType>, std::optional<c10::Layout>, std::optional<c10::Device>, std::optional<bool>, bool, std::optional<c10::MemoryFormat>) [0x1d12ab2] in libtorch_cpu.so
=========         Host Frame: c10::impl::wrap_kernel_functor_unboxed_<c10::impl::detail::WrapFunctionIntoFunctor_<c10::CompileTimeFunctionPointer<at::Tensor (at::Tensor const&, std::optional<c10::ScalarType>, std::optional<c10::Layout>, std::optional<c10::Device>, std::optional<bool>, bool, std::optional<c10::MemoryFormat>), &at::(anonymous namespace)::(anonymous namespace)::wrapper_CompositeExplicitAutograd___to_copy>, at::Tensor, c10::guts::typelist::typelist<at::Tensor const&, std::optional<c10::ScalarType>, std::optional<c10::Layout>, std::optional<c10::Device>, std::optional<bool>, bool, std::optional<c10::MemoryFormat> > >, at::Tensor (at::Tensor const&, std::optional<c10::ScalarType>, std::optional<c10::Layout>, std::optional<c10::Device>, std::optional<bool>, bool, std::optional<c10::MemoryFormat>)>::call(c10::OperatorKernel*, c10::DispatchKeySet, at::Tensor const&, std::optional<c10::ScalarType>, std::optional<c10::Layout>, std::optional<c10::Device>, std::optional<bool>, bool, std::optional<c10::MemoryFormat>) [0x2aed68b] in libtorch_cpu.so
=========         Host Frame: at::_ops::_to_copy::redispatch(c10::DispatchKeySet, at::Tensor const&, std::optional<c10::ScalarType>, std::optional<c10::Layout>, std::optional<c10::Device>, std::optional<bool>, bool, std::optional<c10::MemoryFormat>) [0x21c34d1] in libtorch_cpu.so
=========         Host Frame: c10::impl::wrap_kernel_functor_unboxed_<c10::impl::detail::WrapFunctionIntoFunctor_<c10::CompileTimeFunctionPointer<at::Tensor (at::Tensor const&, std::optional<c10::ScalarType>, std::optional<c10::Layout>, std::optional<c10::Device>, std::optional<bool>, bool, std::optional<c10::MemoryFormat>), &at::(anonymous namespace)::_to_copy>, at::Tensor, c10::guts::typelist::typelist<at::Tensor const&, std::optional<c10::ScalarType>, std::optional<c10::Layout>, std::optional<c10::Device>, std::optional<bool>, bool, std::optional<c10::MemoryFormat> > >, at::Tensor (at::Tensor const&, std::optional<c10::ScalarType>, std::optional<c10::Layout>, std::optional<c10::Device>, std::optional<bool>, bool, std::optional<c10::MemoryFormat>)>::call(c10::OperatorKernel*, c10::DispatchKeySet, at::Tensor const&, std::optional<c10::ScalarType>, std::optional<c10::Layout>, std::optional<c10::Device>, std::optional<bool>, bool, std::optional<c10::MemoryFormat>) [0x28ba68a] in libtorch_cpu.so
=========         Host Frame: at::_ops::_to_copy::redispatch(c10::DispatchKeySet, at::Tensor const&, std::optional<c10::ScalarType>, std::optional<c10::Layout>, std::optional<c10::Device>, std::optional<bool>, bool, std::optional<c10::MemoryFormat>) [0x21c34d1] in libtorch_cpu.so
=========         Host Frame: torch::autograd::VariableType::(anonymous namespace)::_to_copy(c10::DispatchKeySet, at::Tensor const&, std::optional<c10::ScalarType>, std::optional<c10::Layout>, std::optional<c10::Device>, std::optional<bool>, bool, std::optional<c10::MemoryFormat>) [0x49975db] in libtorch_cpu.so
=========         Host Frame: c10::impl::wrap_kernel_functor_unboxed_<c10::impl::detail::WrapFunctionIntoFunctor_<c10::CompileTimeFunctionPointer<at::Tensor (c10::DispatchKeySet, at::Tensor const&, std::optional<c10::ScalarType>, std::optional<c10::Layout>, std::optional<c10::Device>, std::optional<bool>, bool, std::optional<c10::MemoryFormat>), &torch::autograd::VariableType::(anonymous namespace)::_to_copy>, at::Tensor, c10::guts::typelist::typelist<c10::DispatchKeySet, at::Tensor const&, std::optional<c10::ScalarType>, std::optional<c10::Layout>, std::optional<c10::Device>, std::optional<bool>, bool, std::optional<c10::MemoryFormat> > >, at::Tensor (c10::DispatchKeySet, at::Tensor const&, std::optional<c10::ScalarType>, std::optional<c10::Layout>, std::optional<c10::Device>, std::optional<bool>, bool, std::optional<c10::MemoryFormat>)>::call(c10::OperatorKernel*, c10::DispatchKeySet, at::Tensor const&, std::optional<c10::ScalarType>, std::optional<c10::Layout>, std::optional<c10::Device>, std::optional<bool>, bool, std::optional<c10::MemoryFormat>) [0x4997a3e] in libtorch_cpu.so
=========         Host Frame: at::_ops::_to_copy::call(at::Tensor const&, std::optional<c10::ScalarType>, std::optional<c10::Layout>, std::optional<c10::Device>, std::optional<bool>, bool, std::optional<c10::MemoryFormat>) [0x2264f7c] in libtorch_cpu.so
=========         Host Frame: at::native::to(at::Tensor const&, std::optional<c10::ScalarType>, std::optional<c10::Layout>, std::optional<c10::Device>, std::optional<bool>, bool, bool, std::optional<c10::MemoryFormat>) [0x1d104fd] in libtorch_cpu.so
=========         Host Frame: c10::impl::wrap_kernel_functor_unboxed_<c10::impl::detail::WrapFunctionIntoFunctor_<c10::CompileTimeFunctionPointer<at::Tensor (at::Tensor const&, std::optional<c10::ScalarType>, std::optional<c10::Layout>, std::optional<c10::Device>, std::optional<bool>, bool, bool, std::optional<c10::MemoryFormat>), &at::(anonymous namespace)::(anonymous namespace)::wrapper_CompositeImplicitAutograd_dtype_layout_to>, at::Tensor, c10::guts::typelist::typelist<at::Tensor const&, std::optional<c10::ScalarType>, std::optional<c10::Layout>, std::optional<c10::Device>, std::optional<bool>, bool, bool, std::optional<c10::MemoryFormat> > >, at::Tensor (at::Tensor const&, std::optional<c10::ScalarType>, std::optional<c10::Layout>, std::optional<c10::Device>, std::optional<bool>, bool, bool, std::optional<c10::MemoryFormat>)>::call(c10::OperatorKernel*, c10::DispatchKeySet, at::Tensor const&, std::optional<c10::ScalarType>, std::optional<c10::Layout>, std::optional<c10::Device>, std::optional<bool>, bool, bool, std::optional<c10::MemoryFormat>) [0x2be4c41] in libtorch_cpu.so
=========         Host Frame: at::_ops::to_dtype_layout::call(at::Tensor const&, std::optional<c10::ScalarType>, std::optional<c10::Layout>, std::optional<c10::Device>, std::optional<bool>, bool, bool, std::optional<c10::MemoryFormat>) [0x23fbe16] in libtorch_cpu.so
=========         Host Frame: at::Tensor::to(c10::TensorOptions, bool, bool, std::optional<c10::MemoryFormat>) const [0x4354c8] in libtorch_python.so
=========         Host Frame: torch::autograd::dispatch_to(at::Tensor const&, c10::Device, bool, bool, std::optional<c10::MemoryFormat>) [0x3d7920] in libtorch_python.so
=========         Host Frame: torch::autograd::THPVariable_cpu(_object*, _object*, _object*) [0x3d7b1d] in libtorch_python.so
=========         Host Frame:  [0x151347] in python
=========         Host Frame: PyObject_Vectorcall [0x149934] in python
=========         Host Frame: _PyEval_EvalFrameDefault [0x1d6f08] in python
=========         Host Frame: PyEval_EvalCode [0x1d544a] in python
=========         Host Frame:  [0x2085a1] in python
=========         Host Frame:  [0x2b5032] in python
=========         Host Frame: _PyRun_SimpleFileObject [0x2b4d99] in python
=========         Host Frame: _PyRun_AnyFileObject [0x2b4bce] in python
=========         Host Frame: Py_RunMain [0x2bcc34] in python
=========         Host Frame: Py_BytesMain [0x2bc71c] in python
=========         Host Frame:  [0x2a1c9] in libc.so.6
=========         Host Frame: __libc_start_main [0x2a28a] in libc.so.6
=========         Host Frame: _start [0x257bc4] in python
=========         Host Frame: validate in compare_baselines.py:117
=========         Host Frame: main in study.py:94
========= 
========= Host API memory access error at host access to 0xb11c8c000 of size 264192 bytes
=========     Uninitialized access at 0xb11c8c880 on access by cudaMemcpy source
=========     Saved host backtrace up to driver entry point at error
=========         Host Frame:  [0x481c0] in libcudart.so.12
=========         Host Frame:  [0x17057] in libcudart.so.12
=========         Host Frame: cudaMemcpyAsync [0x768a0] in libcudart.so.12
=========         Host Frame: at::native::copy_kernel_cuda(at::TensorIterator&, bool) [0x16a984b] in libtorch_cuda.so
=========         Host Frame: at::native::copy_impl(at::Tensor&, at::Tensor const&, bool) [clone .isra.0] [0x1a2f8a2] in libtorch_cpu.so
=========         Host Frame: at::native::copy_(at::Tensor&, at::Tensor const&, bool) [0x1a31186] in libtorch_cpu.so
=========         Host Frame: at::_ops::copy_::call(at::Tensor&, at::Tensor const&, bool) [0x26e73d6] in libtorch_cpu.so
=========         Host Frame: at::native::_to_copy(at::Tensor const&, std::optional<c10::ScalarType>, std::optional<c10::Layout>, std::optional<c10::Device>, std::optional<bool>, bool, std::optional<c10::MemoryFormat>) [0x1d12ab2] in libtorch_cpu.so
=========         Host Frame: c10::impl::wrap_kernel_functor_unboxed_<c10::impl::detail::WrapFunctionIntoFunctor_<c10::CompileTimeFunctionPointer<at::Tensor (at::Tensor const&, std::optional<c10::ScalarType>, std::optional<c10::Layout>, std::optional<c10::Device>, std::optional<bool>, bool, std::optional<c10::MemoryFormat>), &at::(anonymous namespace)::(anonymous namespace)::wrapper_CompositeExplicitAutograd___to_copy>, at::Tensor, c10::guts::typelist::typelist<at::Tensor const&, std::optional<c10::ScalarType>, std::optional<c10::Layout>, std::optional<c10::Device>, std::optional<bool>, bool, std::optional<c10::MemoryFormat> > >, at::Tensor (at::Tensor const&, std::optional<c10::ScalarType>, std::optional<c10::Layout>, std::optional<c10::Device>, std::optional<bool>, bool, std::optional<c10::MemoryFormat>)>::call(c10::OperatorKernel*, c10::DispatchKeySet, at::Tensor const&, std::optional<c10::ScalarType>, std::optional<c10::Layout>, std::optional<c10::Device>, std::optional<bool>, bool, std::optional<c10::MemoryFormat>) [0x2aed68b] in libtorch_cpu.so
=========         Host Frame: at::_ops::_to_copy::redispatch(c10::DispatchKeySet, at::Tensor const&, std::optional<c10::ScalarType>, std::optional<c10::Layout>, std::optional<c10::Device>, std::optional<bool>, bool, std::optional<c10::MemoryFormat>) [0x21c34d1] in libtorch_cpu.so
=========         Host Frame: c10::impl::wrap_kernel_functor_unboxed_<c10::impl::detail::WrapFunctionIntoFunctor_<c10::CompileTimeFunctionPointer<at::Tensor (at::Tensor const&, std::optional<c10::ScalarType>, std::optional<c10::Layout>, std::optional<c10::Device>, std::optional<bool>, bool, std::optional<c10::MemoryFormat>), &at::(anonymous namespace)::_to_copy>, at::Tensor, c10::guts::typelist::typelist<at::Tensor const&, std::optional<c10::ScalarType>, std::optional<c10::Layout>, std::optional<c10::Device>, std::optional<bool>, bool, std::optional<c10::MemoryFormat> > >, at::Tensor (at::Tensor const&, std::optional<c10::ScalarType>, std::optional<c10::Layout>, std::optional<c10::Device>, std::optional<bool>, bool, std::optional<c10::MemoryFormat>)>::call(c10::OperatorKernel*, c10::DispatchKeySet, at::Tensor const&, std::optional<c10::ScalarType>, std::optional<c10::Layout>, std::optional<c10::Device>, std::optional<bool>, bool, std::optional<c10::MemoryFormat>) [0x28ba68a] in libtorch_cpu.so
=========         Host Frame: at::_ops::_to_copy::redispatch(c10::DispatchKeySet, at::Tensor const&, std::optional<c10::ScalarType>, std::optional<c10::Layout>, std::optional<c10::Device>, std::optional<bool>, bool, std::optional<c10::MemoryFormat>) [0x21c34d1] in libtorch_cpu.so
=========         Host Frame: torch::autograd::VariableType::(anonymous namespace)::_to_copy(c10::DispatchKeySet, at::Tensor const&, std::optional<c10::ScalarType>, std::optional<c10::Layout>, std::optional<c10::Device>, std::optional<bool>, bool, std::optional<c10::MemoryFormat>) [0x49975db] in libtorch_cpu.so
=========         Host Frame: c10::impl::wrap_kernel_functor_unboxed_<c10::impl::detail::WrapFunctionIntoFunctor_<c10::CompileTimeFunctionPointer<at::Tensor (c10::DispatchKeySet, at::Tensor const&, std::optional<c10::ScalarType>, std::optional<c10::Layout>, std::optional<c10::Device>, std::optional<bool>, bool, std::optional<c10::MemoryFormat>), &torch::autograd::VariableType::(anonymous namespace)::_to_copy>, at::Tensor, c10::guts::typelist::typelist<c10::DispatchKeySet, at::Tensor const&, std::optional<c10::ScalarType>, std::optional<c10::Layout>, std::optional<c10::Device>, std::optional<bool>, bool, std::optional<c10::MemoryFormat> > >, at::Tensor (c10::DispatchKeySet, at::Tensor const&, std::optional<c10::ScalarType>, std::optional<c10::Layout>, std::optional<c10::Device>, std::optional<bool>, bool, std::optional<c10::MemoryFormat>)>::call(c10::OperatorKernel*, c10::DispatchKeySet, at::Tensor const&, std::optional<c10::ScalarType>, std::optional<c10::Layout>, std::optional<c10::Device>, std::optional<bool>, bool, std::optional<c10::MemoryFormat>) [0x4997a3e] in libtorch_cpu.so
=========         Host Frame: at::_ops::_to_copy::call(at::Tensor const&, std::optional<c10::ScalarType>, std::optional<c10::Layout>, std::optional<c10::Device>, std::optional<bool>, bool, std::optional<c10::MemoryFormat>) [0x2264f7c] in libtorch_cpu.so
=========         Host Frame: at::native::to(at::Tensor const&, std::optional<c10::ScalarType>, std::optional<c10::Layout>, std::optional<c10::Device>, std::optional<bool>, bool, bool, std::optional<c10::MemoryFormat>) [0x1d104fd] in libtorch_cpu.so
=========         Host Frame: c10::impl::wrap_kernel_functor_unboxed_<c10::impl::detail::WrapFunctionIntoFunctor_<c10::CompileTimeFunctionPointer<at::Tensor (at::Tensor const&, std::optional<c10::ScalarType>, std::optional<c10::Layout>, std::optional<c10::Device>, std::optional<bool>, bool, bool, std::optional<c10::MemoryFormat>), &at::(anonymous namespace)::(anonymous namespace)::wrapper_CompositeImplicitAutograd_dtype_layout_to>, at::Tensor, c10::guts::typelist::typelist<at::Tensor const&, std::optional<c10::ScalarType>, std::optional<c10::Layout>, std::optional<c10::Device>, std::optional<bool>, bool, bool, std::optional<c10::MemoryFormat> > >, at::Tensor (at::Tensor const&, std::optional<c10::ScalarType>, std::optional<c10::Layout>, std::optional<c10::Device>, std::optional<bool>, bool, bool, std::optional<c10::MemoryFormat>)>::call(c10::OperatorKernel*, c10::DispatchKeySet, at::Tensor const&, std::optional<c10::ScalarType>, std::optional<c10::Layout>, std::optional<c10::Device>, std::optional<bool>, bool, bool, std::optional<c10::MemoryFormat>) [0x2be4c41] in libtorch_cpu.so
=========         Host Frame: at::_ops::to_dtype_layout::call(at::Tensor const&, std::optional<c10::ScalarType>, std::optional<c10::Layout>, std::optional<c10::Device>, std::optional<bool>, bool, bool, std::optional<c10::MemoryFormat>) [0x23fbe16] in libtorch_cpu.so
=========         Host Frame: at::Tensor::to(c10::TensorOptions, bool, bool, std::optional<c10::MemoryFormat>) const [0x4354c8] in libtorch_python.so
=========         Host Frame: torch::autograd::dispatch_to(at::Tensor const&, c10::Device, bool, bool, std::optional<c10::MemoryFormat>) [0x3d7920] in libtorch_python.so
=========         Host Frame: torch::autograd::THPVariable_cpu(_object*, _object*, _object*) [0x3d7b1d] in libtorch_python.so
=========         Host Frame:  [0x151347] in python
=========         Host Frame: PyObject_Vectorcall [0x149934] in python
=========         Host Frame: _PyEval_EvalFrameDefault [0x1d6f08] in python
=========         Host Frame: PyEval_EvalCode [0x1d544a] in python
=========         Host Frame:  [0x2085a1] in python
=========         Host Frame:  [0x2b5032] in python
=========         Host Frame: _PyRun_SimpleFileObject [0x2b4d99] in python
=========         Host Frame: _PyRun_AnyFileObject [0x2b4bce] in python
=========         Host Frame: Py_RunMain [0x2bcc34] in python
=========         Host Frame: Py_BytesMain [0x2bc71c] in python
=========         Host Frame:  [0x2a1c9] in libc.so.6
=========         Host Frame: __libc_start_main [0x2a28a] in libc.so.6
=========         Host Frame: _start [0x257bc4] in python
=========         Host Frame: validate in compare_baselines.py:117
=========         Host Frame: main in study.py:94
========= 
========= Host API memory access error at host access to 0xb11c8c000 of size 264192 bytes
=========     Uninitialized access at 0xb11c8c8a0 on access by cudaMemcpy source
=========     Saved host backtrace up to driver entry point at error
=========         Host Frame:  [0x481c0] in libcudart.so.12
=========         Host Frame:  [0x17057] in libcudart.so.12
=========         Host Frame: cudaMemcpyAsync [0x768a0] in libcudart.so.12
=========         Host Frame: at::native::copy_kernel_cuda(at::TensorIterator&, bool) [0x16a984b] in libtorch_cuda.so
=========         Host Frame: at::native::copy_impl(at::Tensor&, at::Tensor const&, bool) [clone .isra.0] [0x1a2f8a2] in libtorch_cpu.so
=========         Host Frame: at::native::copy_(at::Tensor&, at::Tensor const&, bool) [0x1a31186] in libtorch_cpu.so
=========         Host Frame: at::_ops::copy_::call(at::Tensor&, at::Tensor const&, bool) [0x26e73d6] in libtorch_cpu.so
=========         Host Frame: at::native::_to_copy(at::Tensor const&, std::optional<c10::ScalarType>, std::optional<c10::Layout>, std::optional<c10::Device>, std::optional<bool>, bool, std::optional<c10::MemoryFormat>) [0x1d12ab2] in libtorch_cpu.so
=========         Host Frame: c10::impl::wrap_kernel_functor_unboxed_<c10::impl::detail::WrapFunctionIntoFunctor_<c10::CompileTimeFunctionPointer<at::Tensor (at::Tensor const&, std::optional<c10::ScalarType>, std::optional<c10::Layout>, std::optional<c10::Device>, std::optional<bool>, bool, std::optional<c10::MemoryFormat>), &at::(anonymous namespace)::(anonymous namespace)::wrapper_CompositeExplicitAutograd___to_copy>, at::Tensor, c10::guts::typelist::typelist<at::Tensor const&, std::optional<c10::ScalarType>, std::optional<c10::Layout>, std::optional<c10::Device>, std::optional<bool>, bool, std::optional<c10::MemoryFormat> > >, at::Tensor (at::Tensor const&, std::optional<c10::ScalarType>, std::optional<c10::Layout>, std::optional<c10::Device>, std::optional<bool>, bool, std::optional<c10::MemoryFormat>)>::call(c10::OperatorKernel*, c10::DispatchKeySet, at::Tensor const&, std::optional<c10::ScalarType>, std::optional<c10::Layout>, std::optional<c10::Device>, std::optional<bool>, bool, std::optional<c10::MemoryFormat>) [0x2aed68b] in libtorch_cpu.so
=========         Host Frame: at::_ops::_to_copy::redispatch(c10::DispatchKeySet, at::Tensor const&, std::optional<c10::ScalarType>, std::optional<c10::Layout>, std::optional<c10::Device>, std::optional<bool>, bool, std::optional<c10::MemoryFormat>) [0x21c34d1] in libtorch_cpu.so
=========         Host Frame: c10::impl::wrap_kernel_functor_unboxed_<c10::impl::detail::WrapFunctionIntoFunctor_<c10::CompileTimeFunctionPointer<at::Tensor (at::Tensor const&, std::optional<c10::ScalarType>, std::optional<c10::Layout>, std::optional<c10::Device>, std::optional<bool>, bool, std::optional<c10::MemoryFormat>), &at::(anonymous namespace)::_to_copy>, at::Tensor, c10::guts::typelist::typelist<at::Tensor const&, std::optional<c10::ScalarType>, std::optional<c10::Layout>, std::optional<c10::Device>, std::optional<bool>, bool, std::optional<c10::MemoryFormat> > >, at::Tensor (at::Tensor const&, std::optional<c10::ScalarType>, std::optional<c10::Layout>, std::optional<c10::Device>, std::optional<bool>, bool, std::optional<c10::MemoryFormat>)>::call(c10::OperatorKernel*, c10::DispatchKeySet, at::Tensor const&, std::optional<c10::ScalarType>, std::optional<c10::Layout>, std::optional<c10::Device>, std::optional<bool>, bool, std::optional<c10::MemoryFormat>) [0x28ba68a] in libtorch_cpu.so
=========         Host Frame: at::_ops::_to_copy::redispatch(c10::DispatchKeySet, at::Tensor const&, std::optional<c10::ScalarType>, std::optional<c10::Layout>, std::optional<c10::Device>, std::optional<bool>, bool, std::optional<c10::MemoryFormat>) [0x21c34d1] in libtorch_cpu.so
=========         Host Frame: torch::autograd::VariableType::(anonymous namespace)::_to_copy(c10::DispatchKeySet, at::Tensor const&, std::optional<c10::ScalarType>, std::optional<c10::Layout>, std::optional<c10::Device>, std::optional<bool>, bool, std::optional<c10::MemoryFormat>) [0x49975db] in libtorch_cpu.so
=========         Host Frame: c10::impl::wrap_kernel_functor_unboxed_<c10::impl::detail::WrapFunctionIntoFunctor_<c10::CompileTimeFunctionPointer<at::Tensor (c10::DispatchKeySet, at::Tensor const&, std::optional<c10::ScalarType>, std::optional<c10::Layout>, std::optional<c10::Device>, std::optional<bool>, bool, std::optional<c10::MemoryFormat>), &torch::autograd::VariableType::(anonymous namespace)::_to_copy>, at::Tensor, c10::guts::typelist::typelist<c10::DispatchKeySet, at::Tensor const&, std::optional<c10::ScalarType>, std::optional<c10::Layout>, std::optional<c10::Device>, std::optional<bool>, bool, std::optional<c10::MemoryFormat> > >, at::Tensor (c10::DispatchKeySet, at::Tensor const&, std::optional<c10::ScalarType>, std::optional<c10::Layout>, std::optional<c10::Device>, std::optional<bool>, bool, std::optional<c10::MemoryFormat>)>::call(c10::OperatorKernel*, c10::DispatchKeySet, at::Tensor const&, std::optional<c10::ScalarType>, std::optional<c10::Layout>, std::optional<c10::Device>, std::optional<bool>, bool, std::optional<c10::MemoryFormat>) [0x4997a3e] in libtorch_cpu.so
=========         Host Frame: at::_ops::_to_copy::call(at::Tensor const&, std::optional<c10::ScalarType>, std::optional<c10::Layout>, std::optional<c10::Device>, std::optional<bool>, bool, std::optional<c10::MemoryFormat>) [0x2264f7c] in libtorch_cpu.so
=========         Host Frame: at::native::to(at::Tensor const&, std::optional<c10::ScalarType>, std::optional<c10::Layout>, std::optional<c10::Device>, std::optional<bool>, bool, bool, std::optional<c10::MemoryFormat>) [0x1d104fd] in libtorch_cpu.so
=========         Host Frame: c10::impl::wrap_kernel_functor_unboxed_<c10::impl::detail::WrapFunctionIntoFunctor_<c10::CompileTimeFunctionPointer<at::Tensor (at::Tensor const&, std::optional<c10::ScalarType>, std::optional<c10::Layout>, std::optional<c10::Device>, std::optional<bool>, bool, bool, std::optional<c10::MemoryFormat>), &at::(anonymous namespace)::(anonymous namespace)::wrapper_CompositeImplicitAutograd_dtype_layout_to>, at::Tensor, c10::guts::typelist::typelist<at::Tensor const&, std::optional<c10::ScalarType>, std::optional<c10::Layout>, std::optional<c10::Device>, std::optional<bool>, bool, bool, std::optional<c10::MemoryFormat> > >, at::Tensor (at::Tensor const&, std::optional<c10::ScalarType>, std::optional<c10::Layout>, std::optional<c10::Device>, std::optional<bool>, bool, bool, std::optional<c10::MemoryFormat>)>::call(c10::OperatorKernel*, c10::DispatchKeySet, at::Tensor const&, std::optional<c10::ScalarType>, std::optional<c10::Layout>, std::optional<c10::Device>, std::optional<bool>, bool, bool, std::optional<c10::MemoryFormat>) [0x2be4c41] in libtorch_cpu.so
=========         Host Frame: at::_ops::to_dtype_layout::call(at::Tensor const&, std::optional<c10::ScalarType>, std::optional<c10::Layout>, std::optional<c10::Device>, std::optional<bool>, bool, bool, std::optional<c10::MemoryFormat>) [0x23fbe16] in libtorch_cpu.so
=========         Host Frame: at::Tensor::to(c10::TensorOptions, bool, bool, std::optional<c10::MemoryFormat>) const [0x4354c8] in libtorch_python.so
=========         Host Frame: torch::autograd::dispatch_to(at::Tensor const&, c10::Device, bool, bool, std::optional<c10::MemoryFormat>) [0x3d7920] in libtorch_python.so
=========         Host Frame: torch::autograd::THPVariable_cpu(_object*, _object*, _object*) [0x3d7b1d] in libtorch_python.so
=========         Host Frame:  [0x151347] in python
=========         Host Frame: PyObject_Vectorcall [0x149934] in python
=========         Host Frame: _PyEval_EvalFrameDefault [0x1d6f08] in python
=========         Host Frame: PyEval_EvalCode [0x1d544a] in python
=========         Host Frame:  [0x2085a1] in python
=========         Host Frame:  [0x2b5032] in python
=========         Host Frame: _PyRun_SimpleFileObject [0x2b4d99] in python
=========         Host Frame: _PyRun_AnyFileObject [0x2b4bce] in python
=========         Host Frame: Py_RunMain [0x2bcc34] in python
=========         Host Frame: Py_BytesMain [0x2bc71c] in python
=========         Host Frame:  [0x2a1c9] in libc.so.6
=========         Host Frame: __libc_start_main [0x2a28a] in libc.so.6
=========         Host Frame: _start [0x257bc4] in python
=========         Host Frame: validate in compare_baselines.py:117
=========         Host Frame: main in study.py:94
========= 
========= Host API memory access error at host access to 0xb11c8c000 of size 264192 bytes
=========     Uninitialized access at 0xb11c8c8c0 on access by cudaMemcpy source
=========     Saved host backtrace up to driver entry point at error
=========         Host Frame:  [0x481c0] in libcudart.so.12
=========         Host Frame:  [0x17057] in libcudart.so.12
=========         Host Frame: cudaMemcpyAsync [0x768a0] in libcudart.so.12
=========         Host Frame: at::native::copy_kernel_cuda(at::TensorIterator&, bool) [0x16a984b] in libtorch_cuda.so
=========         Host Frame: at::native::copy_impl(at::Tensor&, at::Tensor const&, bool) [clone .isra.0] [0x1a2f8a2] in libtorch_cpu.so
=========         Host Frame: at::native::copy_(at::Tensor&, at::Tensor const&, bool) [0x1a31186] in libtorch_cpu.so
=========         Host Frame: at::_ops::copy_::call(at::Tensor&, at::Tensor const&, bool) [0x26e73d6] in libtorch_cpu.so
=========         Host Frame: at::native::_to_copy(at::Tensor const&, std::optional<c10::ScalarType>, std::optional<c10::Layout>, std::optional<c10::Device>, std::optional<bool>, bool, std::optional<c10::MemoryFormat>) [0x1d12ab2] in libtorch_cpu.so
=========         Host Frame: c10::impl::wrap_kernel_functor_unboxed_<c10::impl::detail::WrapFunctionIntoFunctor_<c10::CompileTimeFunctionPointer<at::Tensor (at::Tensor const&, std::optional<c10::ScalarType>, std::optional<c10::Layout>, std::optional<c10::Device>, std::optional<bool>, bool, std::optional<c10::MemoryFormat>), &at::(anonymous namespace)::(anonymous namespace)::wrapper_CompositeExplicitAutograd___to_copy>, at::Tensor, c10::guts::typelist::typelist<at::Tensor const&, std::optional<c10::ScalarType>, std::optional<c10::Layout>, std::optional<c10::Device>, std::optional<bool>, bool, std::optional<c10::MemoryFormat> > >, at::Tensor (at::Tensor const&, std::optional<c10::ScalarType>, std::optional<c10::Layout>, std::optional<c10::Device>, std::optional<bool>, bool, std::optional<c10::MemoryFormat>)>::call(c10::OperatorKernel*, c10::DispatchKeySet, at::Tensor const&, std::optional<c10::ScalarType>, std::optional<c10::Layout>, std::optional<c10::Device>, std::optional<bool>, bool, std::optional<c10::MemoryFormat>) [0x2aed68b] in libtorch_cpu.so
=========         Host Frame: at::_ops::_to_copy::redispatch(c10::DispatchKeySet, at::Tensor const&, std::optional<c10::ScalarType>, std::optional<c10::Layout>, std::optional<c10::Device>, std::optional<bool>, bool, std::optional<c10::MemoryFormat>) [0x21c34d1] in libtorch_cpu.so
=========         Host Frame: c10::impl::wrap_kernel_functor_unboxed_<c10::impl::detail::WrapFunctionIntoFunctor_<c10::CompileTimeFunctionPointer<at::Tensor (at::Tensor const&, std::optional<c10::ScalarType>, std::optional<c10::Layout>, std::optional<c10::Device>, std::optional<bool>, bool, std::optional<c10::MemoryFormat>), &at::(anonymous namespace)::_to_copy>, at::Tensor, c10::guts::typelist::typelist<at::Tensor const&, std::optional<c10::ScalarType>, std::optional<c10::Layout>, std::optional<c10::Device>, std::optional<bool>, bool, std::optional<c10::MemoryFormat> > >, at::Tensor (at::Tensor const&, std::optional<c10::ScalarType>, std::optional<c10::Layout>, std::optional<c10::Device>, std::optional<bool>, bool, std::optional<c10::MemoryFormat>)>::call(c10::OperatorKernel*, c10::DispatchKeySet, at::Tensor const&, std::optional<c10::ScalarType>, std::optional<c10::Layout>, std::optional<c10::Device>, std::optional<bool>, bool, std::optional<c10::MemoryFormat>) [0x28ba68a] in libtorch_cpu.so
=========         Host Frame: at::_ops::_to_copy::redispatch(c10::DispatchKeySet, at::Tensor const&, std::optional<c10::ScalarType>, std::optional<c10::Layout>, std::optional<c10::Device>, std::optional<bool>, bool, std::optional<c10::MemoryFormat>) [0x21c34d1] in libtorch_cpu.so
=========         Host Frame: torch::autograd::VariableType::(anonymous namespace)::_to_copy(c10::DispatchKeySet, at::Tensor const&, std::optional<c10::ScalarType>, std::optional<c10::Layout>, std::optional<c10::Device>, std::optional<bool>, bool, std::optional<c10::MemoryFormat>) [0x49975db] in libtorch_cpu.so
=========         Host Frame: c10::impl::wrap_kernel_functor_unboxed_<c10::impl::detail::WrapFunctionIntoFunctor_<c10::CompileTimeFunctionPointer<at::Tensor (c10::DispatchKeySet, at::Tensor const&, std::optional<c10::ScalarType>, std::optional<c10::Layout>, std::optional<c10::Device>, std::optional<bool>, bool, std::optional<c10::MemoryFormat>), &torch::autograd::VariableType::(anonymous namespace)::_to_copy>, at::Tensor, c10::guts::typelist::typelist<c10::DispatchKeySet, at::Tensor const&, std::optional<c10::ScalarType>, std::optional<c10::Layout>, std::optional<c10::Device>, std::optional<bool>, bool, std::optional<c10::MemoryFormat> > >, at::Tensor (c10::DispatchKeySet, at::Tensor const&, std::optional<c10::ScalarType>, std::optional<c10::Layout>, std::optional<c10::Device>, std::optional<bool>, bool, std::optional<c10::MemoryFormat>)>::call(c10::OperatorKernel*, c10::DispatchKeySet, at::Tensor const&, std::optional<c10::ScalarType>, std::optional<c10::Layout>, std::optional<c10::Device>, std::optional<bool>, bool, std::optional<c10::MemoryFormat>) [0x4997a3e] in libtorch_cpu.so
=========         Host Frame: at::_ops::_to_copy::call(at::Tensor const&, std::optional<c10::ScalarType>, std::optional<c10::Layout>, std::optional<c10::Device>, std::optional<bool>, bool, std::optional<c10::MemoryFormat>) [0x2264f7c] in libtorch_cpu.so
=========         Host Frame: at::native::to(at::Tensor const&, std::optional<c10::ScalarType>, std::optional<c10::Layout>, std::optional<c10::Device>, std::optional<bool>, bool, bool, std::optional<c10::MemoryFormat>) [0x1d104fd] in libtorch_cpu.so
=========         Host Frame: c10::impl::wrap_kernel_functor_unboxed_<c10::impl::detail::WrapFunctionIntoFunctor_<c10::CompileTimeFunctionPointer<at::Tensor (at::Tensor const&, std::optional<c10::ScalarType>, std::optional<c10::Layout>, std::optional<c10::Device>, std::optional<bool>, bool, bool, std::optional<c10::MemoryFormat>), &at::(anonymous namespace)::(anonymous namespace)::wrapper_CompositeImplicitAutograd_dtype_layout_to>, at::Tensor, c10::guts::typelist::typelist<at::Tensor const&, std::optional<c10::ScalarType>, std::optional<c10::Layout>, std::optional<c10::Device>, std::optional<bool>, bool, bool, std::optional<c10::MemoryFormat> > >, at::Tensor (at::Tensor const&, std::optional<c10::ScalarType>, std::optional<c10::Layout>, std::optional<c10::Device>, std::optional<bool>, bool, bool, std::optional<c10::MemoryFormat>)>::call(c10::OperatorKernel*, c10::DispatchKeySet, at::Tensor const&, std::optional<c10::ScalarType>, std::optional<c10::Layout>, std::optional<c10::Device>, std::optional<bool>, bool, bool, std::optional<c10::MemoryFormat>) [0x2be4c41] in libtorch_cpu.so
=========         Host Frame: at::_ops::to_dtype_layout::call(at::Tensor const&, std::optional<c10::ScalarType>, std::optional<c10::Layout>, std::optional<c10::Device>, std::optional<bool>, bool, bool, std::optional<c10::MemoryFormat>) [0x23fbe16] in libtorch_cpu.so
=========         Host Frame: at::Tensor::to(c10::TensorOptions, bool, bool, std::optional<c10::MemoryFormat>) const [0x4354c8] in libtorch_python.so
=========         Host Frame: torch::autograd::dispatch_to(at::Tensor const&, c10::Device, bool, bool, std::optional<c10::MemoryFormat>) [0x3d7920] in libtorch_python.so
=========         Host Frame: torch::autograd::THPVariable_cpu(_object*, _object*, _object*) [0x3d7b1d] in libtorch_python.so
=========         Host Frame:  [0x151347] in python
=========         Host Frame: PyObject_Vectorcall [0x149934] in python
=========         Host Frame: _PyEval_EvalFrameDefault [0x1d6f08] in python
=========         Host Frame: PyEval_EvalCode [0x1d544a] in python
=========         Host Frame:  [0x2085a1] in python
=========         Host Frame:  [0x2b5032] in python
=========         Host Frame: _PyRun_SimpleFileObject [0x2b4d99] in python
=========         Host Frame: _PyRun_AnyFileObject [0x2b4bce] in python
=========         Host Frame: Py_RunMain [0x2bcc34] in python
=========         Host Frame: Py_BytesMain [0x2bc71c] in python
=========         Host Frame:  [0x2a1c9] in libc.so.6
=========         Host Frame: __libc_start_main [0x2a28a] in libc.so.6
=========         Host Frame: _start [0x257bc4] in python
=========         Host Frame: validate in compare_baselines.py:117
=========         Host Frame: main in study.py:94
========= 
========= Host API memory access error at host access to 0xb11c8c000 of size 264192 bytes
=========     Uninitialized access at 0xb11c8c8e0 on access by cudaMemcpy source
=========     Saved host backtrace up to driver entry point at error
=========         Host Frame:  [0x481c0] in libcudart.so.12
=========         Host Frame:  [0x17057] in libcudart.so.12
=========         Host Frame: cudaMemcpyAsync [0x768a0] in libcudart.so.12
=========         Host Frame: at::native::copy_kernel_cuda(at::TensorIterator&, bool) [0x16a984b] in libtorch_cuda.so
=========         Host Frame: at::native::copy_impl(at::Tensor&, at::Tensor const&, bool) [clone .isra.0] [0x1a2f8a2] in libtorch_cpu.so
=========         Host Frame: at::native::copy_(at::Tensor&, at::Tensor const&, bool) [0x1a31186] in libtorch_cpu.so
=========         Host Frame: at::_ops::copy_::call(at::Tensor&, at::Tensor const&, bool) [0x26e73d6] in libtorch_cpu.so
=========         Host Frame: at::native::_to_copy(at::Tensor const&, std::optional<c10::ScalarType>, std::optional<c10::Layout>, std::optional<c10::Device>, std::optional<bool>, bool, std::optional<c10::MemoryFormat>) [0x1d12ab2] in libtorch_cpu.so
=========         Host Frame: c10::impl::wrap_kernel_functor_unboxed_<c10::impl::detail::WrapFunctionIntoFunctor_<c10::CompileTimeFunctionPointer<at::Tensor (at::Tensor const&, std::optional<c10::ScalarType>, std::optional<c10::Layout>, std::optional<c10::Device>, std::optional<bool>, bool, std::optional<c10::MemoryFormat>), &at::(anonymous namespace)::(anonymous namespace)::wrapper_CompositeExplicitAutograd___to_copy>, at::Tensor, c10::guts::typelist::typelist<at::Tensor const&, std::optional<c10::ScalarType>, std::optional<c10::Layout>, std::optional<c10::Device>, std::optional<bool>, bool, std::optional<c10::MemoryFormat> > >, at::Tensor (at::Tensor const&, std::optional<c10::ScalarType>, std::optional<c10::Layout>, std::optional<c10::Device>, std::optional<bool>, bool, std::optional<c10::MemoryFormat>)>::call(c10::OperatorKernel*, c10::DispatchKeySet, at::Tensor const&, std::optional<c10::ScalarType>, std::optional<c10::Layout>, std::optional<c10::Device>, std::optional<bool>, bool, std::optional<c10::MemoryFormat>) [0x2aed68b] in libtorch_cpu.so
=========         Host Frame: at::_ops::_to_copy::redispatch(c10::DispatchKeySet, at::Tensor const&, std::optional<c10::ScalarType>, std::optional<c10::Layout>, std::optional<c10::Device>, std::optional<bool>, bool, std::optional<c10::MemoryFormat>) [0x21c34d1] in libtorch_cpu.so
=========         Host Frame: c10::impl::wrap_kernel_functor_unboxed_<c10::impl::detail::WrapFunctionIntoFunctor_<c10::CompileTimeFunctionPointer<at::Tensor (at::Tensor const&, std::optional<c10::ScalarType>, std::optional<c10::Layout>, std::optional<c10::Device>, std::optional<bool>, bool, std::optional<c10::MemoryFormat>), &at::(anonymous namespace)::_to_copy>, at::Tensor, c10::guts::typelist::typelist<at::Tensor const&, std::optional<c10::ScalarType>, std::optional<c10::Layout>, std::optional<c10::Device>, std::optional<bool>, bool, std::optional<c10::MemoryFormat> > >, at::Tensor (at::Tensor const&, std::optional<c10::ScalarType>, std::optional<c10::Layout>, std::optional<c10::Device>, std::optional<bool>, bool, std::optional<c10::MemoryFormat>)>::call(c10::OperatorKernel*, c10::DispatchKeySet, at::Tensor const&, std::optional<c10::ScalarType>, std::optional<c10::Layout>, std::optional<c10::Device>, std::optional<bool>, bool, std::optional<c10::MemoryFormat>) [0x28ba68a] in libtorch_cpu.so
=========         Host Frame: at::_ops::_to_copy::redispatch(c10::DispatchKeySet, at::Tensor const&, std::optional<c10::ScalarType>, std::optional<c10::Layout>, std::optional<c10::Device>, std::optional<bool>, bool, std::optional<c10::MemoryFormat>) [0x21c34d1] in libtorch_cpu.so
=========         Host Frame: torch::autograd::VariableType::(anonymous namespace)::_to_copy(c10::DispatchKeySet, at::Tensor const&, std::optional<c10::ScalarType>, std::optional<c10::Layout>, std::optional<c10::Device>, std::optional<bool>, bool, std::optional<c10::MemoryFormat>) [0x49975db] in libtorch_cpu.so
=========         Host Frame: c10::impl::wrap_kernel_functor_unboxed_<c10::impl::detail::WrapFunctionIntoFunctor_<c10::CompileTimeFunctionPointer<at::Tensor (c10::DispatchKeySet, at::Tensor const&, std::optional<c10::ScalarType>, std::optional<c10::Layout>, std::optional<c10::Device>, std::optional<bool>, bool, std::optional<c10::MemoryFormat>), &torch::autograd::VariableType::(anonymous namespace)::_to_copy>, at::Tensor, c10::guts::typelist::typelist<c10::DispatchKeySet, at::Tensor const&, std::optional<c10::ScalarType>, std::optional<c10::Layout>, std::optional<c10::Device>, std::optional<bool>, bool, std::optional<c10::MemoryFormat> > >, at::Tensor (c10::DispatchKeySet, at::Tensor const&, std::optional<c10::ScalarType>, std::optional<c10::Layout>, std::optional<c10::Device>, std::optional<bool>, bool, std::optional<c10::MemoryFormat>)>::call(c10::OperatorKernel*, c10::DispatchKeySet, at::Tensor const&, std::optional<c10::ScalarType>, std::optional<c10::Layout>, std::optional<c10::Device>, std::optional<bool>, bool, std::optional<c10::MemoryFormat>) [0x4997a3e] in libtorch_cpu.so
=========         Host Frame: at::_ops::_to_copy::call(at::Tensor const&, std::optional<c10::ScalarType>, std::optional<c10::Layout>, std::optional<c10::Device>, std::optional<bool>, bool, std::optional<c10::MemoryFormat>) [0x2264f7c] in libtorch_cpu.so
=========         Host Frame: at::native::to(at::Tensor const&, std::optional<c10::ScalarType>, std::optional<c10::Layout>, std::optional<c10::Device>, std::optional<bool>, bool, bool, std::optional<c10::MemoryFormat>) [0x1d104fd] in libtorch_cpu.so
=========         Host Frame: c10::impl::wrap_kernel_functor_unboxed_<c10::impl::detail::WrapFunctionIntoFunctor_<c10::CompileTimeFunctionPointer<at::Tensor (at::Tensor const&, std::optional<c10::ScalarType>, std::optional<c10::Layout>, std::optional<c10::Device>, std::optional<bool>, bool, bool, std::optional<c10::MemoryFormat>), &at::(anonymous namespace)::(anonymous namespace)::wrapper_CompositeImplicitAutograd_dtype_layout_to>, at::Tensor, c10::guts::typelist::typelist<at::Tensor const&, std::optional<c10::ScalarType>, std::optional<c10::Layout>, std::optional<c10::Device>, std::optional<bool>, bool, bool, std::optional<c10::MemoryFormat> > >, at::Tensor (at::Tensor const&, std::optional<c10::ScalarType>, std::optional<c10::Layout>, std::optional<c10::Device>, std::optional<bool>, bool, bool, std::optional<c10::MemoryFormat>)>::call(c10::OperatorKernel*, c10::DispatchKeySet, at::Tensor const&, std::optional<c10::ScalarType>, std::optional<c10::Layout>, std::optional<c10::Device>, std::optional<bool>, bool, bool, std::optional<c10::MemoryFormat>) [0x2be4c41] in libtorch_cpu.so
=========         Host Frame: at::_ops::to_dtype_layout::call(at::Tensor const&, std::optional<c10::ScalarType>, std::optional<c10::Layout>, std::optional<c10::Device>, std::optional<bool>, bool, bool, std::optional<c10::MemoryFormat>) [0x23fbe16] in libtorch_cpu.so
=========         Host Frame: at::Tensor::to(c10::TensorOptions, bool, bool, std::optional<c10::MemoryFormat>) const [0x4354c8] in libtorch_python.so
=========         Host Frame: torch::autograd::dispatch_to(at::Tensor const&, c10::Device, bool, bool, std::optional<c10::MemoryFormat>) [0x3d7920] in libtorch_python.so
=========         Host Frame: torch::autograd::THPVariable_cpu(_object*, _object*, _object*) [0x3d7b1d] in libtorch_python.so
=========         Host Frame:  [0x151347] in python
=========         Host Frame: PyObject_Vectorcall [0x149934] in python
=========         Host Frame: _PyEval_EvalFrameDefault [0x1d6f08] in python
=========         Host Frame: PyEval_EvalCode [0x1d544a] in python
=========         Host Frame:  [0x2085a1] in python
=========         Host Frame:  [0x2b5032] in python
=========         Host Frame: _PyRun_SimpleFileObject [0x2b4d99] in python
=========         Host Frame: _PyRun_AnyFileObject [0x2b4bce] in python
=========         Host Frame: Py_RunMain [0x2bcc34] in python
=========         Host Frame: Py_BytesMain [0x2bc71c] in python
=========         Host Frame:  [0x2a1c9] in libc.so.6
=========         Host Frame: __libc_start_main [0x2a28a] in libc.so.6
=========         Host Frame: _start [0x257bc4] in python
=========         Host Frame: validate in compare_baselines.py:117
=========         Host Frame: main in study.py:94
========= 
========= Host API memory access error at host access to 0xb11c8c000 of size 264192 bytes
=========     Uninitialized access at 0xb11c8c900 on access by cudaMemcpy source
=========     Saved host backtrace up to driver entry point at error
=========         Host Frame:  [0x481c0] in libcudart.so.12
=========         Host Frame:  [0x17057] in libcudart.so.12
=========         Host Frame: cudaMemcpyAsync [0x768a0] in libcudart.so.12
=========         Host Frame: at::native::copy_kernel_cuda(at::TensorIterator&, bool) [0x16a984b] in libtorch_cuda.so
=========         Host Frame: at::native::copy_impl(at::Tensor&, at::Tensor const&, bool) [clone .isra.0] [0x1a2f8a2] in libtorch_cpu.so
=========         Host Frame: at::native::copy_(at::Tensor&, at::Tensor const&, bool) [0x1a31186] in libtorch_cpu.so
=========         Host Frame: at::_ops::copy_::call(at::Tensor&, at::Tensor const&, bool) [0x26e73d6] in libtorch_cpu.so
=========         Host Frame: at::native::_to_copy(at::Tensor const&, std::optional<c10::ScalarType>, std::optional<c10::Layout>, std::optional<c10::Device>, std::optional<bool>, bool, std::optional<c10::MemoryFormat>) [0x1d12ab2] in libtorch_cpu.so
=========         Host Frame: c10::impl::wrap_kernel_functor_unboxed_<c10::impl::detail::WrapFunctionIntoFunctor_<c10::CompileTimeFunctionPointer<at::Tensor (at::Tensor const&, std::optional<c10::ScalarType>, std::optional<c10::Layout>, std::optional<c10::Device>, std::optional<bool>, bool, std::optional<c10::MemoryFormat>), &at::(anonymous namespace)::(anonymous namespace)::wrapper_CompositeExplicitAutograd___to_copy>, at::Tensor, c10::guts::typelist::typelist<at::Tensor const&, std::optional<c10::ScalarType>, std::optional<c10::Layout>, std::optional<c10::Device>, std::optional<bool>, bool, std::optional<c10::MemoryFormat> > >, at::Tensor (at::Tensor const&, std::optional<c10::ScalarType>, std::optional<c10::Layout>, std::optional<c10::Device>, std::optional<bool>, bool, std::optional<c10::MemoryFormat>)>::call(c10::OperatorKernel*, c10::DispatchKeySet, at::Tensor const&, std::optional<c10::ScalarType>, std::optional<c10::Layout>, std::optional<c10::Device>, std::optional<bool>, bool, std::optional<c10::MemoryFormat>) [0x2aed68b] in libtorch_cpu.so
=========         Host Frame: at::_ops::_to_copy::redispatch(c10::DispatchKeySet, at::Tensor const&, std::optional<c10::ScalarType>, std::optional<c10::Layout>, std::optional<c10::Device>, std::optional<bool>, bool, std::optional<c10::MemoryFormat>) [0x21c34d1] in libtorch_cpu.so
=========         Host Frame: c10::impl::wrap_kernel_functor_unboxed_<c10::impl::detail::WrapFunctionIntoFunctor_<c10::CompileTimeFunctionPointer<at::Tensor (at::Tensor const&, std::optional<c10::ScalarType>, std::optional<c10::Layout>, std::optional<c10::Device>, std::optional<bool>, bool, std::optional<c10::MemoryFormat>), &at::(anonymous namespace)::_to_copy>, at::Tensor, c10::guts::typelist::typelist<at::Tensor const&, std::optional<c10::ScalarType>, std::optional<c10::Layout>, std::optional<c10::Device>, std::optional<bool>, bool, std::optional<c10::MemoryFormat> > >, at::Tensor (at::Tensor const&, std::optional<c10::ScalarType>, std::optional<c10::Layout>, std::optional<c10::Device>, std::optional<bool>, bool, std::optional<c10::MemoryFormat>)>::call(c10::OperatorKernel*, c10::DispatchKeySet, at::Tensor const&, std::optional<c10::ScalarType>, std::optional<c10::Layout>, std::optional<c10::Device>, std::optional<bool>, bool, std::optional<c10::MemoryFormat>) [0x28ba68a] in libtorch_cpu.so
=========         Host Frame: at::_ops::_to_copy::redispatch(c10::DispatchKeySet, at::Tensor const&, std::optional<c10::ScalarType>, std::optional<c10::Layout>, std::optional<c10::Device>, std::optional<bool>, bool, std::optional<c10::MemoryFormat>) [0x21c34d1] in libtorch_cpu.so
=========         Host Frame: torch::autograd::VariableType::(anonymous namespace)::_to_copy(c10::DispatchKeySet, at::Tensor const&, std::optional<c10::ScalarType>, std::optional<c10::Layout>, std::optional<c10::Device>, std::optional<bool>, bool, std::optional<c10::MemoryFormat>) [0x49975db] in libtorch_cpu.so
=========         Host Frame: c10::impl::wrap_kernel_functor_unboxed_<c10::impl::detail::WrapFunctionIntoFunctor_<c10::CompileTimeFunctionPointer<at::Tensor (c10::DispatchKeySet, at::Tensor const&, std::optional<c10::ScalarType>, std::optional<c10::Layout>, std::optional<c10::Device>, std::optional<bool>, bool, std::optional<c10::MemoryFormat>), &torch::autograd::VariableType::(anonymous namespace)::_to_copy>, at::Tensor, c10::guts::typelist::typelist<c10::DispatchKeySet, at::Tensor const&, std::optional<c10::ScalarType>, std::optional<c10::Layout>, std::optional<c10::Device>, std::optional<bool>, bool, std::optional<c10::MemoryFormat> > >, at::Tensor (c10::DispatchKeySet, at::Tensor const&, std::optional<c10::ScalarType>, std::optional<c10::Layout>, std::optional<c10::Device>, std::optional<bool>, bool, std::optional<c10::MemoryFormat>)>::call(c10::OperatorKernel*, c10::DispatchKeySet, at::Tensor const&, std::optional<c10::ScalarType>, std::optional<c10::Layout>, std::optional<c10::Device>, std::optional<bool>, bool, std::optional<c10::MemoryFormat>) [0x4997a3e] in libtorch_cpu.so
=========         Host Frame: at::_ops::_to_copy::call(at::Tensor const&, std::optional<c10::ScalarType>, std::optional<c10::Layout>, std::optional<c10::Device>, std::optional<bool>, bool, std::optional<c10::MemoryFormat>) [0x2264f7c] in libtorch_cpu.so
=========         Host Frame: at::native::to(at::Tensor const&, std::optional<c10::ScalarType>, std::optional<c10::Layout>, std::optional<c10::Device>, std::optional<bool>, bool, bool, std::optional<c10::MemoryFormat>) [0x1d104fd] in libtorch_cpu.so
=========         Host Frame: c10::impl::wrap_kernel_functor_unboxed_<c10::impl::detail::WrapFunctionIntoFunctor_<c10::CompileTimeFunctionPointer<at::Tensor (at::Tensor const&, std::optional<c10::ScalarType>, std::optional<c10::Layout>, std::optional<c10::Device>, std::optional<bool>, bool, bool, std::optional<c10::MemoryFormat>), &at::(anonymous namespace)::(anonymous namespace)::wrapper_CompositeImplicitAutograd_dtype_layout_to>, at::Tensor, c10::guts::typelist::typelist<at::Tensor const&, std::optional<c10::ScalarType>, std::optional<c10::Layout>, std::optional<c10::Device>, std::optional<bool>, bool, bool, std::optional<c10::MemoryFormat> > >, at::Tensor (at::Tensor const&, std::optional<c10::ScalarType>, std::optional<c10::Layout>, std::optional<c10::Device>, std::optional<bool>, bool, bool, std::optional<c10::MemoryFormat>)>::call(c10::OperatorKernel*, c10::DispatchKeySet, at::Tensor const&, std::optional<c10::ScalarType>, std::optional<c10::Layout>, std::optional<c10::Device>, std::optional<bool>, bool, bool, std::optional<c10::MemoryFormat>) [0x2be4c41] in libtorch_cpu.so
=========         Host Frame: at::_ops::to_dtype_layout::call(at::Tensor const&, std::optional<c10::ScalarType>, std::optional<c10::Layout>, std::optional<c10::Device>, std::optional<bool>, bool, bool, std::optional<c10::MemoryFormat>) [0x23fbe16] in libtorch_cpu.so
=========         Host Frame: at::Tensor::to(c10::TensorOptions, bool, bool, std::optional<c10::MemoryFormat>) const [0x4354c8] in libtorch_python.so
=========         Host Frame: torch::autograd::dispatch_to(at::Tensor const&, c10::Device, bool, bool, std::optional<c10::MemoryFormat>) [0x3d7920] in libtorch_python.so
=========         Host Frame: torch::autograd::THPVariable_cpu(_object*, _object*, _object*) [0x3d7b1d] in libtorch_python.so
=========         Host Frame:  [0x151347] in python
=========         Host Frame: PyObject_Vectorcall [0x149934] in python
=========         Host Frame: _PyEval_EvalFrameDefault [0x1d6f08] in python
=========         Host Frame: PyEval_EvalCode [0x1d544a] in python
=========         Host Frame:  [0x2085a1] in python
=========         Host Frame:  [0x2b5032] in python
=========         Host Frame: _PyRun_SimpleFileObject [0x2b4d99] in python
=========         Host Frame: _PyRun_AnyFileObject [0x2b4bce] in python
=========         Host Frame: Py_RunMain [0x2bcc34] in python
=========         Host Frame: Py_BytesMain [0x2bc71c] in python
=========         Host Frame:  [0x2a1c9] in libc.so.6
=========         Host Frame: __libc_start_main [0x2a28a] in libc.so.6
=========         Host Frame: _start [0x257bc4] in python
=========         Host Frame: validate in compare_baselines.py:117
=========         Host Frame: main in study.py:94
========= 
========= Host API memory access error at host access to 0xb11c8c000 of size 264192 bytes
=========     Uninitialized access at 0xb11c8c920 on access by cudaMemcpy source
=========     Saved host backtrace up to driver entry point at error
=========         Host Frame:  [0x481c0] in libcudart.so.12
=========         Host Frame:  [0x17057] in libcudart.so.12
=========         Host Frame: cudaMemcpyAsync [0x768a0] in libcudart.so.12
=========         Host Frame: at::native::copy_kernel_cuda(at::TensorIterator&, bool) [0x16a984b] in libtorch_cuda.so
=========         Host Frame: at::native::copy_impl(at::Tensor&, at::Tensor const&, bool) [clone .isra.0] [0x1a2f8a2] in libtorch_cpu.so
=========         Host Frame: at::native::copy_(at::Tensor&, at::Tensor const&, bool) [0x1a31186] in libtorch_cpu.so
=========         Host Frame: at::_ops::copy_::call(at::Tensor&, at::Tensor const&, bool) [0x26e73d6] in libtorch_cpu.so
=========         Host Frame: at::native::_to_copy(at::Tensor const&, std::optional<c10::ScalarType>, std::optional<c10::Layout>, std::optional<c10::Device>, std::optional<bool>, bool, std::optional<c10::MemoryFormat>) [0x1d12ab2] in libtorch_cpu.so
=========         Host Frame: c10::impl::wrap_kernel_functor_unboxed_<c10::impl::detail::WrapFunctionIntoFunctor_<c10::CompileTimeFunctionPointer<at::Tensor (at::Tensor const&, std::optional<c10::ScalarType>, std::optional<c10::Layout>, std::optional<c10::Device>, std::optional<bool>, bool, std::optional<c10::MemoryFormat>), &at::(anonymous namespace)::(anonymous namespace)::wrapper_CompositeExplicitAutograd___to_copy>, at::Tensor, c10::guts::typelist::typelist<at::Tensor const&, std::optional<c10::ScalarType>, std::optional<c10::Layout>, std::optional<c10::Device>, std::optional<bool>, bool, std::optional<c10::MemoryFormat> > >, at::Tensor (at::Tensor const&, std::optional<c10::ScalarType>, std::optional<c10::Layout>, std::optional<c10::Device>, std::optional<bool>, bool, std::optional<c10::MemoryFormat>)>::call(c10::OperatorKernel*, c10::DispatchKeySet, at::Tensor const&, std::optional<c10::ScalarType>, std::optional<c10::Layout>, std::optional<c10::Device>, std::optional<bool>, bool, std::optional<c10::MemoryFormat>) [0x2aed68b] in libtorch_cpu.so
=========         Host Frame: at::_ops::_to_copy::redispatch(c10::DispatchKeySet, at::Tensor const&, std::optional<c10::ScalarType>, std::optional<c10::Layout>, std::optional<c10::Device>, std::optional<bool>, bool, std::optional<c10::MemoryFormat>) [0x21c34d1] in libtorch_cpu.so
=========         Host Frame: c10::impl::wrap_kernel_functor_unboxed_<c10::impl::detail::WrapFunctionIntoFunctor_<c10::CompileTimeFunctionPointer<at::Tensor (at::Tensor const&, std::optional<c10::ScalarType>, std::optional<c10::Layout>, std::optional<c10::Device>, std::optional<bool>, bool, std::optional<c10::MemoryFormat>), &at::(anonymous namespace)::_to_copy>, at::Tensor, c10::guts::typelist::typelist<at::Tensor const&, std::optional<c10::ScalarType>, std::optional<c10::Layout>, std::optional<c10::Device>, std::optional<bool>, bool, std::optional<c10::MemoryFormat> > >, at::Tensor (at::Tensor const&, std::optional<c10::ScalarType>, std::optional<c10::Layout>, std::optional<c10::Device>, std::optional<bool>, bool, std::optional<c10::MemoryFormat>)>::call(c10::OperatorKernel*, c10::DispatchKeySet, at::Tensor const&, std::optional<c10::ScalarType>, std::optional<c10::Layout>, std::optional<c10::Device>, std::optional<bool>, bool, std::optional<c10::MemoryFormat>) [0x28ba68a] in libtorch_cpu.so
=========         Host Frame: at::_ops::_to_copy::redispatch(c10::DispatchKeySet, at::Tensor const&, std::optional<c10::ScalarType>, std::optional<c10::Layout>, std::optional<c10::Device>, std::optional<bool>, bool, std::optional<c10::MemoryFormat>) [0x21c34d1] in libtorch_cpu.so
=========         Host Frame: torch::autograd::VariableType::(anonymous namespace)::_to_copy(c10::DispatchKeySet, at::Tensor const&, std::optional<c10::ScalarType>, std::optional<c10::Layout>, std::optional<c10::Device>, std::optional<bool>, bool, std::optional<c10::MemoryFormat>) [0x49975db] in libtorch_cpu.so
=========         Host Frame: c10::impl::wrap_kernel_functor_unboxed_<c10::impl::detail::WrapFunctionIntoFunctor_<c10::CompileTimeFunctionPointer<at::Tensor (c10::DispatchKeySet, at::Tensor const&, std::optional<c10::ScalarType>, std::optional<c10::Layout>, std::optional<c10::Device>, std::optional<bool>, bool, std::optional<c10::MemoryFormat>), &torch::autograd::VariableType::(anonymous namespace)::_to_copy>, at::Tensor, c10::guts::typelist::typelist<c10::DispatchKeySet, at::Tensor const&, std::optional<c10::ScalarType>, std::optional<c10::Layout>, std::optional<c10::Device>, std::optional<bool>, bool, std::optional<c10::MemoryFormat> > >, at::Tensor (c10::DispatchKeySet, at::Tensor const&, std::optional<c10::ScalarType>, std::optional<c10::Layout>, std::optional<c10::Device>, std::optional<bool>, bool, std::optional<c10::MemoryFormat>)>::call(c10::OperatorKernel*, c10::DispatchKeySet, at::Tensor const&, std::optional<c10::ScalarType>, std::optional<c10::Layout>, std::optional<c10::Device>, std::optional<bool>, bool, std::optional<c10::MemoryFormat>) [0x4997a3e] in libtorch_cpu.so
=========         Host Frame: at::_ops::_to_copy::call(at::Tensor const&, std::optional<c10::ScalarType>, std::optional<c10::Layout>, std::optional<c10::Device>, std::optional<bool>, bool, std::optional<c10::MemoryFormat>) [0x2264f7c] in libtorch_cpu.so
=========         Host Frame: at::native::to(at::Tensor const&, std::optional<c10::ScalarType>, std::optional<c10::Layout>, std::optional<c10::Device>, std::optional<bool>, bool, bool, std::optional<c10::MemoryFormat>) [0x1d104fd] in libtorch_cpu.so
=========         Host Frame: c10::impl::wrap_kernel_functor_unboxed_<c10::impl::detail::WrapFunctionIntoFunctor_<c10::CompileTimeFunctionPointer<at::Tensor (at::Tensor const&, std::optional<c10::ScalarType>, std::optional<c10::Layout>, std::optional<c10::Device>, std::optional<bool>, bool, bool, std::optional<c10::MemoryFormat>), &at::(anonymous namespace)::(anonymous namespace)::wrapper_CompositeImplicitAutograd_dtype_layout_to>, at::Tensor, c10::guts::typelist::typelist<at::Tensor const&, std::optional<c10::ScalarType>, std::optional<c10::Layout>, std::optional<c10::Device>, std::optional<bool>, bool, bool, std::optional<c10::MemoryFormat> > >, at::Tensor (at::Tensor const&, std::optional<c10::ScalarType>, std::optional<c10::Layout>, std::optional<c10::Device>, std::optional<bool>, bool, bool, std::optional<c10::MemoryFormat>)>::call(c10::OperatorKernel*, c10::DispatchKeySet, at::Tensor const&, std::optional<c10::ScalarType>, std::optional<c10::Layout>, std::optional<c10::Device>, std::optional<bool>, bool, bool, std::optional<c10::MemoryFormat>) [0x2be4c41] in libtorch_cpu.so
=========         Host Frame: at::_ops::to_dtype_layout::call(at::Tensor const&, std::optional<c10::ScalarType>, std::optional<c10::Layout>, std::optional<c10::Device>, std::optional<bool>, bool, bool, std::optional<c10::MemoryFormat>) [0x23fbe16] in libtorch_cpu.so
=========         Host Frame: at::Tensor::to(c10::TensorOptions, bool, bool, std::optional<c10::MemoryFormat>) const [0x4354c8] in libtorch_python.so
=========         Host Frame: torch::autograd::dispatch_to(at::Tensor const&, c10::Device, bool, bool, std::optional<c10::MemoryFormat>) [0x3d7920] in libtorch_python.so
=========         Host Frame: torch::autograd::THPVariable_cpu(_object*, _object*, _object*) [0x3d7b1d] in libtorch_python.so
=========         Host Frame:  [0x151347] in python
=========         Host Frame: PyObject_Vectorcall [0x149934] in python
=========         Host Frame: _PyEval_EvalFrameDefault [0x1d6f08] in python
=========         Host Frame: PyEval_EvalCode [0x1d544a] in python
=========         Host Frame:  [0x2085a1] in python
=========         Host Frame:  [0x2b5032] in python
=========         Host Frame: _PyRun_SimpleFileObject [0x2b4d99] in python
=========         Host Frame: _PyRun_AnyFileObject [0x2b4bce] in python
=========         Host Frame: Py_RunMain [0x2bcc34] in python
=========         Host Frame: Py_BytesMain [0x2bc71c] in python
=========         Host Frame:  [0x2a1c9] in libc.so.6
=========         Host Frame: __libc_start_main [0x2a28a] in libc.so.6
=========         Host Frame: _start [0x257bc4] in python
=========         Host Frame: validate in compare_baselines.py:117
=========         Host Frame: main in study.py:94
========= 
========= Host API memory access error at host access to 0xb11c8c000 of size 264192 bytes
=========     Uninitialized access at 0xb11c8c940 on access by cudaMemcpy source
=========     Saved host backtrace up to driver entry point at error
=========         Host Frame:  [0x481c0] in libcudart.so.12
=========         Host Frame:  [0x17057] in libcudart.so.12
=========         Host Frame: cudaMemcpyAsync [0x768a0] in libcudart.so.12
=========         Host Frame: at::native::copy_kernel_cuda(at::TensorIterator&, bool) [0x16a984b] in libtorch_cuda.so
=========         Host Frame: at::native::copy_impl(at::Tensor&, at::Tensor const&, bool) [clone .isra.0] [0x1a2f8a2] in libtorch_cpu.so
=========         Host Frame: at::native::copy_(at::Tensor&, at::Tensor const&, bool) [0x1a31186] in libtorch_cpu.so
=========         Host Frame: at::_ops::copy_::call(at::Tensor&, at::Tensor const&, bool) [0x26e73d6] in libtorch_cpu.so
=========         Host Frame: at::native::_to_copy(at::Tensor const&, std::optional<c10::ScalarType>, std::optional<c10::Layout>, std::optional<c10::Device>, std::optional<bool>, bool, std::optional<c10::MemoryFormat>) [0x1d12ab2] in libtorch_cpu.so
=========         Host Frame: c10::impl::wrap_kernel_functor_unboxed_<c10::impl::detail::WrapFunctionIntoFunctor_<c10::CompileTimeFunctionPointer<at::Tensor (at::Tensor const&, std::optional<c10::ScalarType>, std::optional<c10::Layout>, std::optional<c10::Device>, std::optional<bool>, bool, std::optional<c10::MemoryFormat>), &at::(anonymous namespace)::(anonymous namespace)::wrapper_CompositeExplicitAutograd___to_copy>, at::Tensor, c10::guts::typelist::typelist<at::Tensor const&, std::optional<c10::ScalarType>, std::optional<c10::Layout>, std::optional<c10::Device>, std::optional<bool>, bool, std::optional<c10::MemoryFormat> > >, at::Tensor (at::Tensor const&, std::optional<c10::ScalarType>, std::optional<c10::Layout>, std::optional<c10::Device>, std::optional<bool>, bool, std::optional<c10::MemoryFormat>)>::call(c10::OperatorKernel*, c10::DispatchKeySet, at::Tensor const&, std::optional<c10::ScalarType>, std::optional<c10::Layout>, std::optional<c10::Device>, std::optional<bool>, bool, std::optional<c10::MemoryFormat>) [0x2aed68b] in libtorch_cpu.so
=========         Host Frame: at::_ops::_to_copy::redispatch(c10::DispatchKeySet, at::Tensor const&, std::optional<c10::ScalarType>, std::optional<c10::Layout>, std::optional<c10::Device>, std::optional<bool>, bool, std::optional<c10::MemoryFormat>) [0x21c34d1] in libtorch_cpu.so
=========         Host Frame: c10::impl::wrap_kernel_functor_unboxed_<c10::impl::detail::WrapFunctionIntoFunctor_<c10::CompileTimeFunctionPointer<at::Tensor (at::Tensor const&, std::optional<c10::ScalarType>, std::optional<c10::Layout>, std::optional<c10::Device>, std::optional<bool>, bool, std::optional<c10::MemoryFormat>), &at::(anonymous namespace)::_to_copy>, at::Tensor, c10::guts::typelist::typelist<at::Tensor const&, std::optional<c10::ScalarType>, std::optional<c10::Layout>, std::optional<c10::Device>, std::optional<bool>, bool, std::optional<c10::MemoryFormat> > >, at::Tensor (at::Tensor const&, std::optional<c10::ScalarType>, std::optional<c10::Layout>, std::optional<c10::Device>, std::optional<bool>, bool, std::optional<c10::MemoryFormat>)>::call(c10::OperatorKernel*, c10::DispatchKeySet, at::Tensor const&, std::optional<c10::ScalarType>, std::optional<c10::Layout>, std::optional<c10::Device>, std::optional<bool>, bool, std::optional<c10::MemoryFormat>) [0x28ba68a] in libtorch_cpu.so
=========         Host Frame: at::_ops::_to_copy::redispatch(c10::DispatchKeySet, at::Tensor const&, std::optional<c10::ScalarType>, std::optional<c10::Layout>, std::optional<c10::Device>, std::optional<bool>, bool, std::optional<c10::MemoryFormat>) [0x21c34d1] in libtorch_cpu.so
=========         Host Frame: torch::autograd::VariableType::(anonymous namespace)::_to_copy(c10::DispatchKeySet, at::Tensor const&, std::optional<c10::ScalarType>, std::optional<c10::Layout>, std::optional<c10::Device>, std::optional<bool>, bool, std::optional<c10::MemoryFormat>) [0x49975db] in libtorch_cpu.so
=========         Host Frame: c10::impl::wrap_kernel_functor_unboxed_<c10::impl::detail::WrapFunctionIntoFunctor_<c10::CompileTimeFunctionPointer<at::Tensor (c10::DispatchKeySet, at::Tensor const&, std::optional<c10::ScalarType>, std::optional<c10::Layout>, std::optional<c10::Device>, std::optional<bool>, bool, std::optional<c10::MemoryFormat>), &torch::autograd::VariableType::(anonymous namespace)::_to_copy>, at::Tensor, c10::guts::typelist::typelist<c10::DispatchKeySet, at::Tensor const&, std::optional<c10::ScalarType>, std::optional<c10::Layout>, std::optional<c10::Device>, std::optional<bool>, bool, std::optional<c10::MemoryFormat> > >, at::Tensor (c10::DispatchKeySet, at::Tensor const&, std::optional<c10::ScalarType>, std::optional<c10::Layout>, std::optional<c10::Device>, std::optional<bool>, bool, std::optional<c10::MemoryFormat>)>::call(c10::OperatorKernel*, c10::DispatchKeySet, at::Tensor const&, std::optional<c10::ScalarType>, std::optional<c10::Layout>, std::optional<c10::Device>, std::optional<bool>, bool, std::optional<c10::MemoryFormat>) [0x4997a3e] in libtorch_cpu.so
=========         Host Frame: at::_ops::_to_copy::call(at::Tensor const&, std::optional<c10::ScalarType>, std::optional<c10::Layout>, std::optional<c10::Device>, std::optional<bool>, bool, std::optional<c10::MemoryFormat>) [0x2264f7c] in libtorch_cpu.so
=========         Host Frame: at::native::to(at::Tensor const&, std::optional<c10::ScalarType>, std::optional<c10::Layout>, std::optional<c10::Device>, std::optional<bool>, bool, bool, std::optional<c10::MemoryFormat>) [0x1d104fd] in libtorch_cpu.so
=========         Host Frame: c10::impl::wrap_kernel_functor_unboxed_<c10::impl::detail::WrapFunctionIntoFunctor_<c10::CompileTimeFunctionPointer<at::Tensor (at::Tensor const&, std::optional<c10::ScalarType>, std::optional<c10::Layout>, std::optional<c10::Device>, std::optional<bool>, bool, bool, std::optional<c10::MemoryFormat>), &at::(anonymous namespace)::(anonymous namespace)::wrapper_CompositeImplicitAutograd_dtype_layout_to>, at::Tensor, c10::guts::typelist::typelist<at::Tensor const&, std::optional<c10::ScalarType>, std::optional<c10::Layout>, std::optional<c10::Device>, std::optional<bool>, bool, bool, std::optional<c10::MemoryFormat> > >, at::Tensor (at::Tensor const&, std::optional<c10::ScalarType>, std::optional<c10::Layout>, std::optional<c10::Device>, std::optional<bool>, bool, bool, std::optional<c10::MemoryFormat>)>::call(c10::OperatorKernel*, c10::DispatchKeySet, at::Tensor const&, std::optional<c10::ScalarType>, std::optional<c10::Layout>, std::optional<c10::Device>, std::optional<bool>, bool, bool, std::optional<c10::MemoryFormat>) [0x2be4c41] in libtorch_cpu.so
=========         Host Frame: at::_ops::to_dtype_layout::call(at::Tensor const&, std::optional<c10::ScalarType>, std::optional<c10::Layout>, std::optional<c10::Device>, std::optional<bool>, bool, bool, std::optional<c10::MemoryFormat>) [0x23fbe16] in libtorch_cpu.so
=========         Host Frame: at::Tensor::to(c10::TensorOptions, bool, bool, std::optional<c10::MemoryFormat>) const [0x4354c8] in libtorch_python.so
=========         Host Frame: torch::autograd::dispatch_to(at::Tensor const&, c10::Device, bool, bool, std::optional<c10::MemoryFormat>) [0x3d7920] in libtorch_python.so
=========         Host Frame: torch::autograd::THPVariable_cpu(_object*, _object*, _object*) [0x3d7b1d] in libtorch_python.so
=========         Host Frame:  [0x151347] in python
=========         Host Frame: PyObject_Vectorcall [0x149934] in python
=========         Host Frame: _PyEval_EvalFrameDefault [0x1d6f08] in python
=========         Host Frame: PyEval_EvalCode [0x1d544a] in python
=========         Host Frame:  [0x2085a1] in python
=========         Host Frame:  [0x2b5032] in python
=========         Host Frame: _PyRun_SimpleFileObject [0x2b4d99] in python
=========         Host Frame: _PyRun_AnyFileObject [0x2b4bce] in python
=========         Host Frame: Py_RunMain [0x2bcc34] in python
=========         Host Frame: Py_BytesMain [0x2bc71c] in python
=========         Host Frame:  [0x2a1c9] in libc.so.6
=========         Host Frame: __libc_start_main [0x2a28a] in libc.so.6
=========         Host Frame: _start [0x257bc4] in python
=========         Host Frame: validate in compare_baselines.py:117
=========         Host Frame: main in study.py:94
========= 
========= Host API memory access error at host access to 0xb11c8c000 of size 264192 bytes
=========     Uninitialized access at 0xb11c8c960 on access by cudaMemcpy source
=========     Saved host backtrace up to driver entry point at error
=========         Host Frame:  [0x481c0] in libcudart.so.12
=========         Host Frame:  [0x17057] in libcudart.so.12
=========         Host Frame: cudaMemcpyAsync [0x768a0] in libcudart.so.12
=========         Host Frame: at::native::copy_kernel_cuda(at::TensorIterator&, bool) [0x16a984b] in libtorch_cuda.so
=========         Host Frame: at::native::copy_impl(at::Tensor&, at::Tensor const&, bool) [clone .isra.0] [0x1a2f8a2] in libtorch_cpu.so
=========         Host Frame: at::native::copy_(at::Tensor&, at::Tensor const&, bool) [0x1a31186] in libtorch_cpu.so
=========         Host Frame: at::_ops::copy_::call(at::Tensor&, at::Tensor const&, bool) [0x26e73d6] in libtorch_cpu.so
=========         Host Frame: at::native::_to_copy(at::Tensor const&, std::optional<c10::ScalarType>, std::optional<c10::Layout>, std::optional<c10::Device>, std::optional<bool>, bool, std::optional<c10::MemoryFormat>) [0x1d12ab2] in libtorch_cpu.so
=========         Host Frame: c10::impl::wrap_kernel_functor_unboxed_<c10::impl::detail::WrapFunctionIntoFunctor_<c10::CompileTimeFunctionPointer<at::Tensor (at::Tensor const&, std::optional<c10::ScalarType>, std::optional<c10::Layout>, std::optional<c10::Device>, std::optional<bool>, bool, std::optional<c10::MemoryFormat>), &at::(anonymous namespace)::(anonymous namespace)::wrapper_CompositeExplicitAutograd___to_copy>, at::Tensor, c10::guts::typelist::typelist<at::Tensor const&, std::optional<c10::ScalarType>, std::optional<c10::Layout>, std::optional<c10::Device>, std::optional<bool>, bool, std::optional<c10::MemoryFormat> > >, at::Tensor (at::Tensor const&, std::optional<c10::ScalarType>, std::optional<c10::Layout>, std::optional<c10::Device>, std::optional<bool>, bool, std::optional<c10::MemoryFormat>)>::call(c10::OperatorKernel*, c10::DispatchKeySet, at::Tensor const&, std::optional<c10::ScalarType>, std::optional<c10::Layout>, std::optional<c10::Device>, std::optional<bool>, bool, std::optional<c10::MemoryFormat>) [0x2aed68b] in libtorch_cpu.so
=========         Host Frame: at::_ops::_to_copy::redispatch(c10::DispatchKeySet, at::Tensor const&, std::optional<c10::ScalarType>, std::optional<c10::Layout>, std::optional<c10::Device>, std::optional<bool>, bool, std::optional<c10::MemoryFormat>) [0x21c34d1] in libtorch_cpu.so
=========         Host Frame: c10::impl::wrap_kernel_functor_unboxed_<c10::impl::detail::WrapFunctionIntoFunctor_<c10::CompileTimeFunctionPointer<at::Tensor (at::Tensor const&, std::optional<c10::ScalarType>, std::optional<c10::Layout>, std::optional<c10::Device>, std::optional<bool>, bool, std::optional<c10::MemoryFormat>), &at::(anonymous namespace)::_to_copy>, at::Tensor, c10::guts::typelist::typelist<at::Tensor const&, std::optional<c10::ScalarType>, std::optional<c10::Layout>, std::optional<c10::Device>, std::optional<bool>, bool, std::optional<c10::MemoryFormat> > >, at::Tensor (at::Tensor const&, std::optional<c10::ScalarType>, std::optional<c10::Layout>, std::optional<c10::Device>, std::optional<bool>, bool, std::optional<c10::MemoryFormat>)>::call(c10::OperatorKernel*, c10::DispatchKeySet, at::Tensor const&, std::optional<c10::ScalarType>, std::optional<c10::Layout>, std::optional<c10::Device>, std::optional<bool>, bool, std::optional<c10::MemoryFormat>) [0x28ba68a] in libtorch_cpu.so
=========         Host Frame: at::_ops::_to_copy::redispatch(c10::DispatchKeySet, at::Tensor const&, std::optional<c10::ScalarType>, std::optional<c10::Layout>, std::optional<c10::Device>, std::optional<bool>, bool, std::optional<c10::MemoryFormat>) [0x21c34d1] in libtorch_cpu.so
=========         Host Frame: torch::autograd::VariableType::(anonymous namespace)::_to_copy(c10::DispatchKeySet, at::Tensor const&, std::optional<c10::ScalarType>, std::optional<c10::Layout>, std::optional<c10::Device>, std::optional<bool>, bool, std::optional<c10::MemoryFormat>) [0x49975db] in libtorch_cpu.so
=========         Host Frame: c10::impl::wrap_kernel_functor_unboxed_<c10::impl::detail::WrapFunctionIntoFunctor_<c10::CompileTimeFunctionPointer<at::Tensor (c10::DispatchKeySet, at::Tensor const&, std::optional<c10::ScalarType>, std::optional<c10::Layout>, std::optional<c10::Device>, std::optional<bool>, bool, std::optional<c10::MemoryFormat>), &torch::autograd::VariableType::(anonymous namespace)::_to_copy>, at::Tensor, c10::guts::typelist::typelist<c10::DispatchKeySet, at::Tensor const&, std::optional<c10::ScalarType>, std::optional<c10::Layout>, std::optional<c10::Device>, std::optional<bool>, bool, std::optional<c10::MemoryFormat> > >, at::Tensor (c10::DispatchKeySet, at::Tensor const&, std::optional<c10::ScalarType>, std::optional<c10::Layout>, std::optional<c10::Device>, std::optional<bool>, bool, std::optional<c10::MemoryFormat>)>::call(c10::OperatorKernel*, c10::DispatchKeySet, at::Tensor const&, std::optional<c10::ScalarType>, std::optional<c10::Layout>, std::optional<c10::Device>, std::optional<bool>, bool, std::optional<c10::MemoryFormat>) [0x4997a3e] in libtorch_cpu.so
=========         Host Frame: at::_ops::_to_copy::call(at::Tensor const&, std::optional<c10::ScalarType>, std::optional<c10::Layout>, std::optional<c10::Device>, std::optional<bool>, bool, std::optional<c10::MemoryFormat>) [0x2264f7c] in libtorch_cpu.so
=========         Host Frame: at::native::to(at::Tensor const&, std::optional<c10::ScalarType>, std::optional<c10::Layout>, std::optional<c10::Device>, std::optional<bool>, bool, bool, std::optional<c10::MemoryFormat>) [0x1d104fd] in libtorch_cpu.so
=========         Host Frame: c10::impl::wrap_kernel_functor_unboxed_<c10::impl::detail::WrapFunctionIntoFunctor_<c10::CompileTimeFunctionPointer<at::Tensor (at::Tensor const&, std::optional<c10::ScalarType>, std::optional<c10::Layout>, std::optional<c10::Device>, std::optional<bool>, bool, bool, std::optional<c10::MemoryFormat>), &at::(anonymous namespace)::(anonymous namespace)::wrapper_CompositeImplicitAutograd_dtype_layout_to>, at::Tensor, c10::guts::typelist::typelist<at::Tensor const&, std::optional<c10::ScalarType>, std::optional<c10::Layout>, std::optional<c10::Device>, std::optional<bool>, bool, bool, std::optional<c10::MemoryFormat> > >, at::Tensor (at::Tensor const&, std::optional<c10::ScalarType>, std::optional<c10::Layout>, std::optional<c10::Device>, std::optional<bool>, bool, bool, std::optional<c10::MemoryFormat>)>::call(c10::OperatorKernel*, c10::DispatchKeySet, at::Tensor const&, std::optional<c10::ScalarType>, std::optional<c10::Layout>, std::optional<c10::Device>, std::optional<bool>, bool, bool, std::optional<c10::MemoryFormat>) [0x2be4c41] in libtorch_cpu.so
=========         Host Frame: at::_ops::to_dtype_layout::call(at::Tensor const&, std::optional<c10::ScalarType>, std::optional<c10::Layout>, std::optional<c10::Device>, std::optional<bool>, bool, bool, std::optional<c10::MemoryFormat>) [0x23fbe16] in libtorch_cpu.so
=========         Host Frame: at::Tensor::to(c10::TensorOptions, bool, bool, std::optional<c10::MemoryFormat>) const [0x4354c8] in libtorch_python.so
=========         Host Frame: torch::autograd::dispatch_to(at::Tensor const&, c10::Device, bool, bool, std::optional<c10::MemoryFormat>) [0x3d7920] in libtorch_python.so
=========         Host Frame: torch::autograd::THPVariable_cpu(_object*, _object*, _object*) [0x3d7b1d] in libtorch_python.so
=========         Host Frame:  [0x151347] in python
=========         Host Frame: PyObject_Vectorcall [0x149934] in python
=========         Host Frame: _PyEval_EvalFrameDefault [0x1d6f08] in python
=========         Host Frame: PyEval_EvalCode [0x1d544a] in python
=========         Host Frame:  [0x2085a1] in python
=========         Host Frame:  [0x2b5032] in python
=========         Host Frame: _PyRun_SimpleFileObject [0x2b4d99] in python
=========         Host Frame: _PyRun_AnyFileObject [0x2b4bce] in python
=========         Host Frame: Py_RunMain [0x2bcc34] in python
=========         Host Frame: Py_BytesMain [0x2bc71c] in python
=========         Host Frame:  [0x2a1c9] in libc.so.6
=========         Host Frame: __libc_start_main [0x2a28a] in libc.so.6
=========         Host Frame: _start [0x257bc4] in python
=========         Host Frame: validate in compare_baselines.py:117
=========         Host Frame: main in study.py:94
========= 
========= Host API memory access error at host access to 0xb11c8c000 of size 264192 bytes
=========     Uninitialized access at 0xb11c8c980 on access by cudaMemcpy source
=========     Saved host backtrace up to driver entry point at error
=========         Host Frame:  [0x481c0] in libcudart.so.12
=========         Host Frame:  [0x17057] in libcudart.so.12
=========         Host Frame: cudaMemcpyAsync [0x768a0] in libcudart.so.12
=========         Host Frame: at::native::copy_kernel_cuda(at::TensorIterator&, bool) [0x16a984b] in libtorch_cuda.so
=========         Host Frame: at::native::copy_impl(at::Tensor&, at::Tensor const&, bool) [clone .isra.0] [0x1a2f8a2] in libtorch_cpu.so
=========         Host Frame: at::native::copy_(at::Tensor&, at::Tensor const&, bool) [0x1a31186] in libtorch_cpu.so
=========         Host Frame: at::_ops::copy_::call(at::Tensor&, at::Tensor const&, bool) [0x26e73d6] in libtorch_cpu.so
=========         Host Frame: at::native::_to_copy(at::Tensor const&, std::optional<c10::ScalarType>, std::optional<c10::Layout>, std::optional<c10::Device>, std::optional<bool>, bool, std::optional<c10::MemoryFormat>) [0x1d12ab2] in libtorch_cpu.so
=========         Host Frame: c10::impl::wrap_kernel_functor_unboxed_<c10::impl::detail::WrapFunctionIntoFunctor_<c10::CompileTimeFunctionPointer<at::Tensor (at::Tensor const&, std::optional<c10::ScalarType>, std::optional<c10::Layout>, std::optional<c10::Device>, std::optional<bool>, bool, std::optional<c10::MemoryFormat>), &at::(anonymous namespace)::(anonymous namespace)::wrapper_CompositeExplicitAutograd___to_copy>, at::Tensor, c10::guts::typelist::typelist<at::Tensor const&, std::optional<c10::ScalarType>, std::optional<c10::Layout>, std::optional<c10::Device>, std::optional<bool>, bool, std::optional<c10::MemoryFormat> > >, at::Tensor (at::Tensor const&, std::optional<c10::ScalarType>, std::optional<c10::Layout>, std::optional<c10::Device>, std::optional<bool>, bool, std::optional<c10::MemoryFormat>)>::call(c10::OperatorKernel*, c10::DispatchKeySet, at::Tensor const&, std::optional<c10::ScalarType>, std::optional<c10::Layout>, std::optional<c10::Device>, std::optional<bool>, bool, std::optional<c10::MemoryFormat>) [0x2aed68b] in libtorch_cpu.so
=========         Host Frame: at::_ops::_to_copy::redispatch(c10::DispatchKeySet, at::Tensor const&, std::optional<c10::ScalarType>, std::optional<c10::Layout>, std::optional<c10::Device>, std::optional<bool>, bool, std::optional<c10::MemoryFormat>) [0x21c34d1] in libtorch_cpu.so
=========         Host Frame: c10::impl::wrap_kernel_functor_unboxed_<c10::impl::detail::WrapFunctionIntoFunctor_<c10::CompileTimeFunctionPointer<at::Tensor (at::Tensor const&, std::optional<c10::ScalarType>, std::optional<c10::Layout>, std::optional<c10::Device>, std::optional<bool>, bool, std::optional<c10::MemoryFormat>), &at::(anonymous namespace)::_to_copy>, at::Tensor, c10::guts::typelist::typelist<at::Tensor const&, std::optional<c10::ScalarType>, std::optional<c10::Layout>, std::optional<c10::Device>, std::optional<bool>, bool, std::optional<c10::MemoryFormat> > >, at::Tensor (at::Tensor const&, std::optional<c10::ScalarType>, std::optional<c10::Layout>, std::optional<c10::Device>, std::optional<bool>, bool, std::optional<c10::MemoryFormat>)>::call(c10::OperatorKernel*, c10::DispatchKeySet, at::Tensor const&, std::optional<c10::ScalarType>, std::optional<c10::Layout>, std::optional<c10::Device>, std::optional<bool>, bool, std::optional<c10::MemoryFormat>) [0x28ba68a] in libtorch_cpu.so
=========         Host Frame: at::_ops::_to_copy::redispatch(c10::DispatchKeySet, at::Tensor const&, std::optional<c10::ScalarType>, std::optional<c10::Layout>, std::optional<c10::Device>, std::optional<bool>, bool, std::optional<c10::MemoryFormat>) [0x21c34d1] in libtorch_cpu.so
=========         Host Frame: torch::autograd::VariableType::(anonymous namespace)::_to_copy(c10::DispatchKeySet, at::Tensor const&, std::optional<c10::ScalarType>, std::optional<c10::Layout>, std::optional<c10::Device>, std::optional<bool>, bool, std::optional<c10::MemoryFormat>) [0x49975db] in libtorch_cpu.so
=========         Host Frame: c10::impl::wrap_kernel_functor_unboxed_<c10::impl::detail::WrapFunctionIntoFunctor_<c10::CompileTimeFunctionPointer<at::Tensor (c10::DispatchKeySet, at::Tensor const&, std::optional<c10::ScalarType>, std::optional<c10::Layout>, std::optional<c10::Device>, std::optional<bool>, bool, std::optional<c10::MemoryFormat>), &torch::autograd::VariableType::(anonymous namespace)::_to_copy>, at::Tensor, c10::guts::typelist::typelist<c10::DispatchKeySet, at::Tensor const&, std::optional<c10::ScalarType>, std::optional<c10::Layout>, std::optional<c10::Device>, std::optional<bool>, bool, std::optional<c10::MemoryFormat> > >, at::Tensor (c10::DispatchKeySet, at::Tensor const&, std::optional<c10::ScalarType>, std::optional<c10::Layout>, std::optional<c10::Device>, std::optional<bool>, bool, std::optional<c10::MemoryFormat>)>::call(c10::OperatorKernel*, c10::DispatchKeySet, at::Tensor const&, std::optional<c10::ScalarType>, std::optional<c10::Layout>, std::optional<c10::Device>, std::optional<bool>, bool, std::optional<c10::MemoryFormat>) [0x4997a3e] in libtorch_cpu.so
=========         Host Frame: at::_ops::_to_copy::call(at::Tensor const&, std::optional<c10::ScalarType>, std::optional<c10::Layout>, std::optional<c10::Device>, std::optional<bool>, bool, std::optional<c10::MemoryFormat>) [0x2264f7c] in libtorch_cpu.so
=========         Host Frame: at::native::to(at::Tensor const&, std::optional<c10::ScalarType>, std::optional<c10::Layout>, std::optional<c10::Device>, std::optional<bool>, bool, bool, std::optional<c10::MemoryFormat>) [0x1d104fd] in libtorch_cpu.so
=========         Host Frame: c10::impl::wrap_kernel_functor_unboxed_<c10::impl::detail::WrapFunctionIntoFunctor_<c10::CompileTimeFunctionPointer<at::Tensor (at::Tensor const&, std::optional<c10::ScalarType>, std::optional<c10::Layout>, std::optional<c10::Device>, std::optional<bool>, bool, bool, std::optional<c10::MemoryFormat>), &at::(anonymous namespace)::(anonymous namespace)::wrapper_CompositeImplicitAutograd_dtype_layout_to>, at::Tensor, c10::guts::typelist::typelist<at::Tensor const&, std::optional<c10::ScalarType>, std::optional<c10::Layout>, std::optional<c10::Device>, std::optional<bool>, bool, bool, std::optional<c10::MemoryFormat> > >, at::Tensor (at::Tensor const&, std::optional<c10::ScalarType>, std::optional<c10::Layout>, std::optional<c10::Device>, std::optional<bool>, bool, bool, std::optional<c10::MemoryFormat>)>::call(c10::OperatorKernel*, c10::DispatchKeySet, at::Tensor const&, std::optional<c10::ScalarType>, std::optional<c10::Layout>, std::optional<c10::Device>, std::optional<bool>, bool, bool, std::optional<c10::MemoryFormat>) [0x2be4c41] in libtorch_cpu.so
=========         Host Frame: at::_ops::to_dtype_layout::call(at::Tensor const&, std::optional<c10::ScalarType>, std::optional<c10::Layout>, std::optional<c10::Device>, std::optional<bool>, bool, bool, std::optional<c10::MemoryFormat>) [0x23fbe16] in libtorch_cpu.so
=========         Host Frame: at::Tensor::to(c10::TensorOptions, bool, bool, std::optional<c10::MemoryFormat>) const [0x4354c8] in libtorch_python.so
=========         Host Frame: torch::autograd::dispatch_to(at::Tensor const&, c10::Device, bool, bool, std::optional<c10::MemoryFormat>) [0x3d7920] in libtorch_python.so
=========         Host Frame: torch::autograd::THPVariable_cpu(_object*, _object*, _object*) [0x3d7b1d] in libtorch_python.so
=========         Host Frame:  [0x151347] in python
=========         Host Frame: PyObject_Vectorcall [0x149934] in python
=========         Host Frame: _PyEval_EvalFrameDefault [0x1d6f08] in python
=========         Host Frame: PyEval_EvalCode [0x1d544a] in python
=========         Host Frame:  [0x2085a1] in python
=========         Host Frame:  [0x2b5032] in python
=========         Host Frame: _PyRun_SimpleFileObject [0x2b4d99] in python
=========         Host Frame: _PyRun_AnyFileObject [0x2b4bce] in python
=========         Host Frame: Py_RunMain [0x2bcc34] in python
=========         Host Frame: Py_BytesMain [0x2bc71c] in python
=========         Host Frame:  [0x2a1c9] in libc.so.6
=========         Host Frame: __libc_start_main [0x2a28a] in libc.so.6
=========         Host Frame: _start [0x257bc4] in python
=========         Host Frame: validate in compare_baselines.py:117
=========         Host Frame: main in study.py:94
========= 
========= Host API memory access error at host access to 0xb11c8c000 of size 264192 bytes
=========     Uninitialized access at 0xb11c8c9a0 on access by cudaMemcpy source
=========     Saved host backtrace up to driver entry point at error
=========         Host Frame:  [0x481c0] in libcudart.so.12
=========         Host Frame:  [0x17057] in libcudart.so.12
=========         Host Frame: cudaMemcpyAsync [0x768a0] in libcudart.so.12
=========         Host Frame: at::native::copy_kernel_cuda(at::TensorIterator&, bool) [0x16a984b] in libtorch_cuda.so
=========         Host Frame: at::native::copy_impl(at::Tensor&, at::Tensor const&, bool) [clone .isra.0] [0x1a2f8a2] in libtorch_cpu.so
=========         Host Frame: at::native::copy_(at::Tensor&, at::Tensor const&, bool) [0x1a31186] in libtorch_cpu.so
=========         Host Frame: at::_ops::copy_::call(at::Tensor&, at::Tensor const&, bool) [0x26e73d6] in libtorch_cpu.so
=========         Host Frame: at::native::_to_copy(at::Tensor const&, std::optional<c10::ScalarType>, std::optional<c10::Layout>, std::optional<c10::Device>, std::optional<bool>, bool, std::optional<c10::MemoryFormat>) [0x1d12ab2] in libtorch_cpu.so
=========         Host Frame: c10::impl::wrap_kernel_functor_unboxed_<c10::impl::detail::WrapFunctionIntoFunctor_<c10::CompileTimeFunctionPointer<at::Tensor (at::Tensor const&, std::optional<c10::ScalarType>, std::optional<c10::Layout>, std::optional<c10::Device>, std::optional<bool>, bool, std::optional<c10::MemoryFormat>), &at::(anonymous namespace)::(anonymous namespace)::wrapper_CompositeExplicitAutograd___to_copy>, at::Tensor, c10::guts::typelist::typelist<at::Tensor const&, std::optional<c10::ScalarType>, std::optional<c10::Layout>, std::optional<c10::Device>, std::optional<bool>, bool, std::optional<c10::MemoryFormat> > >, at::Tensor (at::Tensor const&, std::optional<c10::ScalarType>, std::optional<c10::Layout>, std::optional<c10::Device>, std::optional<bool>, bool, std::optional<c10::MemoryFormat>)>::call(c10::OperatorKernel*, c10::DispatchKeySet, at::Tensor const&, std::optional<c10::ScalarType>, std::optional<c10::Layout>, std::optional<c10::Device>, std::optional<bool>, bool, std::optional<c10::MemoryFormat>) [0x2aed68b] in libtorch_cpu.so
=========         Host Frame: at::_ops::_to_copy::redispatch(c10::DispatchKeySet, at::Tensor const&, std::optional<c10::ScalarType>, std::optional<c10::Layout>, std::optional<c10::Device>, std::optional<bool>, bool, std::optional<c10::MemoryFormat>) [0x21c34d1] in libtorch_cpu.so
=========         Host Frame: c10::impl::wrap_kernel_functor_unboxed_<c10::impl::detail::WrapFunctionIntoFunctor_<c10::CompileTimeFunctionPointer<at::Tensor (at::Tensor const&, std::optional<c10::ScalarType>, std::optional<c10::Layout>, std::optional<c10::Device>, std::optional<bool>, bool, std::optional<c10::MemoryFormat>), &at::(anonymous namespace)::_to_copy>, at::Tensor, c10::guts::typelist::typelist<at::Tensor const&, std::optional<c10::ScalarType>, std::optional<c10::Layout>, std::optional<c10::Device>, std::optional<bool>, bool, std::optional<c10::MemoryFormat> > >, at::Tensor (at::Tensor const&, std::optional<c10::ScalarType>, std::optional<c10::Layout>, std::optional<c10::Device>, std::optional<bool>, bool, std::optional<c10::MemoryFormat>)>::call(c10::OperatorKernel*, c10::DispatchKeySet, at::Tensor const&, std::optional<c10::ScalarType>, std::optional<c10::Layout>, std::optional<c10::Device>, std::optional<bool>, bool, std::optional<c10::MemoryFormat>) [0x28ba68a] in libtorch_cpu.so
=========         Host Frame: at::_ops::_to_copy::redispatch(c10::DispatchKeySet, at::Tensor const&, std::optional<c10::ScalarType>, std::optional<c10::Layout>, std::optional<c10::Device>, std::optional<bool>, bool, std::optional<c10::MemoryFormat>) [0x21c34d1] in libtorch_cpu.so
=========         Host Frame: torch::autograd::VariableType::(anonymous namespace)::_to_copy(c10::DispatchKeySet, at::Tensor const&, std::optional<c10::ScalarType>, std::optional<c10::Layout>, std::optional<c10::Device>, std::optional<bool>, bool, std::optional<c10::MemoryFormat>) [0x49975db] in libtorch_cpu.so
=========         Host Frame: c10::impl::wrap_kernel_functor_unboxed_<c10::impl::detail::WrapFunctionIntoFunctor_<c10::CompileTimeFunctionPointer<at::Tensor (c10::DispatchKeySet, at::Tensor const&, std::optional<c10::ScalarType>, std::optional<c10::Layout>, std::optional<c10::Device>, std::optional<bool>, bool, std::optional<c10::MemoryFormat>), &torch::autograd::VariableType::(anonymous namespace)::_to_copy>, at::Tensor, c10::guts::typelist::typelist<c10::DispatchKeySet, at::Tensor const&, std::optional<c10::ScalarType>, std::optional<c10::Layout>, std::optional<c10::Device>, std::optional<bool>, bool, std::optional<c10::MemoryFormat> > >, at::Tensor (c10::DispatchKeySet, at::Tensor const&, std::optional<c10::ScalarType>, std::optional<c10::Layout>, std::optional<c10::Device>, std::optional<bool>, bool, std::optional<c10::MemoryFormat>)>::call(c10::OperatorKernel*, c10::DispatchKeySet, at::Tensor const&, std::optional<c10::ScalarType>, std::optional<c10::Layout>, std::optional<c10::Device>, std::optional<bool>, bool, std::optional<c10::MemoryFormat>) [0x4997a3e] in libtorch_cpu.so
=========         Host Frame: at::_ops::_to_copy::call(at::Tensor const&, std::optional<c10::ScalarType>, std::optional<c10::Layout>, std::optional<c10::Device>, std::optional<bool>, bool, std::optional<c10::MemoryFormat>) [0x2264f7c] in libtorch_cpu.so
=========         Host Frame: at::native::to(at::Tensor const&, std::optional<c10::ScalarType>, std::optional<c10::Layout>, std::optional<c10::Device>, std::optional<bool>, bool, bool, std::optional<c10::MemoryFormat>) [0x1d104fd] in libtorch_cpu.so
=========         Host Frame: c10::impl::wrap_kernel_functor_unboxed_<c10::impl::detail::WrapFunctionIntoFunctor_<c10::CompileTimeFunctionPointer<at::Tensor (at::Tensor const&, std::optional<c10::ScalarType>, std::optional<c10::Layout>, std::optional<c10::Device>, std::optional<bool>, bool, bool, std::optional<c10::MemoryFormat>), &at::(anonymous namespace)::(anonymous namespace)::wrapper_CompositeImplicitAutograd_dtype_layout_to>, at::Tensor, c10::guts::typelist::typelist<at::Tensor const&, std::optional<c10::ScalarType>, std::optional<c10::Layout>, std::optional<c10::Device>, std::optional<bool>, bool, bool, std::optional<c10::MemoryFormat> > >, at::Tensor (at::Tensor const&, std::optional<c10::ScalarType>, std::optional<c10::Layout>, std::optional<c10::Device>, std::optional<bool>, bool, bool, std::optional<c10::MemoryFormat>)>::call(c10::OperatorKernel*, c10::DispatchKeySet, at::Tensor const&, std::optional<c10::ScalarType>, std::optional<c10::Layout>, std::optional<c10::Device>, std::optional<bool>, bool, bool, std::optional<c10::MemoryFormat>) [0x2be4c41] in libtorch_cpu.so
=========         Host Frame: at::_ops::to_dtype_layout::call(at::Tensor const&, std::optional<c10::ScalarType>, std::optional<c10::Layout>, std::optional<c10::Device>, std::optional<bool>, bool, bool, std::optional<c10::MemoryFormat>) [0x23fbe16] in libtorch_cpu.so
=========         Host Frame: at::Tensor::to(c10::TensorOptions, bool, bool, std::optional<c10::MemoryFormat>) const [0x4354c8] in libtorch_python.so
=========         Host Frame: torch::autograd::dispatch_to(at::Tensor const&, c10::Device, bool, bool, std::optional<c10::MemoryFormat>) [0x3d7920] in libtorch_python.so
=========         Host Frame: torch::autograd::THPVariable_cpu(_object*, _object*, _object*) [0x3d7b1d] in libtorch_python.so
=========         Host Frame:  [0x151347] in python
=========         Host Frame: PyObject_Vectorcall [0x149934] in python
=========         Host Frame: _PyEval_EvalFrameDefault [0x1d6f08] in python
=========         Host Frame: PyEval_EvalCode [0x1d544a] in python
=========         Host Frame:  [0x2085a1] in python
=========         Host Frame:  [0x2b5032] in python
=========         Host Frame: _PyRun_SimpleFileObject [0x2b4d99] in python
=========         Host Frame: _PyRun_AnyFileObject [0x2b4bce] in python
=========         Host Frame: Py_RunMain [0x2bcc34] in python
=========         Host Frame: Py_BytesMain [0x2bc71c] in python
=========         Host Frame:  [0x2a1c9] in libc.so.6
=========         Host Frame: __libc_start_main [0x2a28a] in libc.so.6
=========         Host Frame: _start [0x257bc4] in python
=========         Host Frame: validate in compare_baselines.py:117
=========         Host Frame: main in study.py:94
========= 
========= Host API memory access error at host access to 0xb11c8c000 of size 264192 bytes
=========     Uninitialized access at 0xb11c8c9c0 on access by cudaMemcpy source
=========     Saved host backtrace up to driver entry point at error
=========         Host Frame:  [0x481c0] in libcudart.so.12
=========         Host Frame:  [0x17057] in libcudart.so.12
=========         Host Frame: cudaMemcpyAsync [0x768a0] in libcudart.so.12
=========         Host Frame: at::native::copy_kernel_cuda(at::TensorIterator&, bool) [0x16a984b] in libtorch_cuda.so
=========         Host Frame: at::native::copy_impl(at::Tensor&, at::Tensor const&, bool) [clone .isra.0] [0x1a2f8a2] in libtorch_cpu.so
=========         Host Frame: at::native::copy_(at::Tensor&, at::Tensor const&, bool) [0x1a31186] in libtorch_cpu.so
=========         Host Frame: at::_ops::copy_::call(at::Tensor&, at::Tensor const&, bool) [0x26e73d6] in libtorch_cpu.so
=========         Host Frame: at::native::_to_copy(at::Tensor const&, std::optional<c10::ScalarType>, std::optional<c10::Layout>, std::optional<c10::Device>, std::optional<bool>, bool, std::optional<c10::MemoryFormat>) [0x1d12ab2] in libtorch_cpu.so
=========         Host Frame: c10::impl::wrap_kernel_functor_unboxed_<c10::impl::detail::WrapFunctionIntoFunctor_<c10::CompileTimeFunctionPointer<at::Tensor (at::Tensor const&, std::optional<c10::ScalarType>, std::optional<c10::Layout>, std::optional<c10::Device>, std::optional<bool>, bool, std::optional<c10::MemoryFormat>), &at::(anonymous namespace)::(anonymous namespace)::wrapper_CompositeExplicitAutograd___to_copy>, at::Tensor, c10::guts::typelist::typelist<at::Tensor const&, std::optional<c10::ScalarType>, std::optional<c10::Layout>, std::optional<c10::Device>, std::optional<bool>, bool, std::optional<c10::MemoryFormat> > >, at::Tensor (at::Tensor const&, std::optional<c10::ScalarType>, std::optional<c10::Layout>, std::optional<c10::Device>, std::optional<bool>, bool, std::optional<c10::MemoryFormat>)>::call(c10::OperatorKernel*, c10::DispatchKeySet, at::Tensor const&, std::optional<c10::ScalarType>, std::optional<c10::Layout>, std::optional<c10::Device>, std::optional<bool>, bool, std::optional<c10::MemoryFormat>) [0x2aed68b] in libtorch_cpu.so
=========         Host Frame: at::_ops::_to_copy::redispatch(c10::DispatchKeySet, at::Tensor const&, std::optional<c10::ScalarType>, std::optional<c10::Layout>, std::optional<c10::Device>, std::optional<bool>, bool, std::optional<c10::MemoryFormat>) [0x21c34d1] in libtorch_cpu.so
=========         Host Frame: c10::impl::wrap_kernel_functor_unboxed_<c10::impl::detail::WrapFunctionIntoFunctor_<c10::CompileTimeFunctionPointer<at::Tensor (at::Tensor const&, std::optional<c10::ScalarType>, std::optional<c10::Layout>, std::optional<c10::Device>, std::optional<bool>, bool, std::optional<c10::MemoryFormat>), &at::(anonymous namespace)::_to_copy>, at::Tensor, c10::guts::typelist::typelist<at::Tensor const&, std::optional<c10::ScalarType>, std::optional<c10::Layout>, std::optional<c10::Device>, std::optional<bool>, bool, std::optional<c10::MemoryFormat> > >, at::Tensor (at::Tensor const&, std::optional<c10::ScalarType>, std::optional<c10::Layout>, std::optional<c10::Device>, std::optional<bool>, bool, std::optional<c10::MemoryFormat>)>::call(c10::OperatorKernel*, c10::DispatchKeySet, at::Tensor const&, std::optional<c10::ScalarType>, std::optional<c10::Layout>, std::optional<c10::Device>, std::optional<bool>, bool, std::optional<c10::MemoryFormat>) [0x28ba68a] in libtorch_cpu.so
=========         Host Frame: at::_ops::_to_copy::redispatch(c10::DispatchKeySet, at::Tensor const&, std::optional<c10::ScalarType>, std::optional<c10::Layout>, std::optional<c10::Device>, std::optional<bool>, bool, std::optional<c10::MemoryFormat>) [0x21c34d1] in libtorch_cpu.so
=========         Host Frame: torch::autograd::VariableType::(anonymous namespace)::_to_copy(c10::DispatchKeySet, at::Tensor const&, std::optional<c10::ScalarType>, std::optional<c10::Layout>, std::optional<c10::Device>, std::optional<bool>, bool, std::optional<c10::MemoryFormat>) [0x49975db] in libtorch_cpu.so
=========         Host Frame: c10::impl::wrap_kernel_functor_unboxed_<c10::impl::detail::WrapFunctionIntoFunctor_<c10::CompileTimeFunctionPointer<at::Tensor (c10::DispatchKeySet, at::Tensor const&, std::optional<c10::ScalarType>, std::optional<c10::Layout>, std::optional<c10::Device>, std::optional<bool>, bool, std::optional<c10::MemoryFormat>), &torch::autograd::VariableType::(anonymous namespace)::_to_copy>, at::Tensor, c10::guts::typelist::typelist<c10::DispatchKeySet, at::Tensor const&, std::optional<c10::ScalarType>, std::optional<c10::Layout>, std::optional<c10::Device>, std::optional<bool>, bool, std::optional<c10::MemoryFormat> > >, at::Tensor (c10::DispatchKeySet, at::Tensor const&, std::optional<c10::ScalarType>, std::optional<c10::Layout>, std::optional<c10::Device>, std::optional<bool>, bool, std::optional<c10::MemoryFormat>)>::call(c10::OperatorKernel*, c10::DispatchKeySet, at::Tensor const&, std::optional<c10::ScalarType>, std::optional<c10::Layout>, std::optional<c10::Device>, std::optional<bool>, bool, std::optional<c10::MemoryFormat>) [0x4997a3e] in libtorch_cpu.so
=========         Host Frame: at::_ops::_to_copy::call(at::Tensor const&, std::optional<c10::ScalarType>, std::optional<c10::Layout>, std::optional<c10::Device>, std::optional<bool>, bool, std::optional<c10::MemoryFormat>) [0x2264f7c] in libtorch_cpu.so
=========         Host Frame: at::native::to(at::Tensor const&, std::optional<c10::ScalarType>, std::optional<c10::Layout>, std::optional<c10::Device>, std::optional<bool>, bool, bool, std::optional<c10::MemoryFormat>) [0x1d104fd] in libtorch_cpu.so
=========         Host Frame: c10::impl::wrap_kernel_functor_unboxed_<c10::impl::detail::WrapFunctionIntoFunctor_<c10::CompileTimeFunctionPointer<at::Tensor (at::Tensor const&, std::optional<c10::ScalarType>, std::optional<c10::Layout>, std::optional<c10::Device>, std::optional<bool>, bool, bool, std::optional<c10::MemoryFormat>), &at::(anonymous namespace)::(anonymous namespace)::wrapper_CompositeImplicitAutograd_dtype_layout_to>, at::Tensor, c10::guts::typelist::typelist<at::Tensor const&, std::optional<c10::ScalarType>, std::optional<c10::Layout>, std::optional<c10::Device>, std::optional<bool>, bool, bool, std::optional<c10::MemoryFormat> > >, at::Tensor (at::Tensor const&, std::optional<c10::ScalarType>, std::optional<c10::Layout>, std::optional<c10::Device>, std::optional<bool>, bool, bool, std::optional<c10::MemoryFormat>)>::call(c10::OperatorKernel*, c10::DispatchKeySet, at::Tensor const&, std::optional<c10::ScalarType>, std::optional<c10::Layout>, std::optional<c10::Device>, std::optional<bool>, bool, bool, std::optional<c10::MemoryFormat>) [0x2be4c41] in libtorch_cpu.so
=========         Host Frame: at::_ops::to_dtype_layout::call(at::Tensor const&, std::optional<c10::ScalarType>, std::optional<c10::Layout>, std::optional<c10::Device>, std::optional<bool>, bool, bool, std::optional<c10::MemoryFormat>) [0x23fbe16] in libtorch_cpu.so
=========         Host Frame: at::Tensor::to(c10::TensorOptions, bool, bool, std::optional<c10::MemoryFormat>) const [0x4354c8] in libtorch_python.so
=========         Host Frame: torch::autograd::dispatch_to(at::Tensor const&, c10::Device, bool, bool, std::optional<c10::MemoryFormat>) [0x3d7920] in libtorch_python.so
=========         Host Frame: torch::autograd::THPVariable_cpu(_object*, _object*, _object*) [0x3d7b1d] in libtorch_python.so
=========         Host Frame:  [0x151347] in python
=========         Host Frame: PyObject_Vectorcall [0x149934] in python
=========         Host Frame: _PyEval_EvalFrameDefault [0x1d6f08] in python
=========         Host Frame: PyEval_EvalCode [0x1d544a] in python
=========         Host Frame:  [0x2085a1] in python
=========         Host Frame:  [0x2b5032] in python
=========         Host Frame: _PyRun_SimpleFileObject [0x2b4d99] in python
=========         Host Frame: _PyRun_AnyFileObject [0x2b4bce] in python
=========         Host Frame: Py_RunMain [0x2bcc34] in python
=========         Host Frame: Py_BytesMain [0x2bc71c] in python
=========         Host Frame:  [0x2a1c9] in libc.so.6
=========         Host Frame: __libc_start_main [0x2a28a] in libc.so.6
=========         Host Frame: _start [0x257bc4] in python
=========         Host Frame: validate in compare_baselines.py:117
=========         Host Frame: main in study.py:94
========= 
========= Host API memory access error at host access to 0xb11c8c000 of size 264192 bytes
=========     Uninitialized access at 0xb11c8c9e0 on access by cudaMemcpy source
=========     Saved host backtrace up to driver entry point at error
=========         Host Frame:  [0x481c0] in libcudart.so.12
=========         Host Frame:  [0x17057] in libcudart.so.12
=========         Host Frame: cudaMemcpyAsync [0x768a0] in libcudart.so.12
=========         Host Frame: at::native::copy_kernel_cuda(at::TensorIterator&, bool) [0x16a984b] in libtorch_cuda.so
=========         Host Frame: at::native::copy_impl(at::Tensor&, at::Tensor const&, bool) [clone .isra.0] [0x1a2f8a2] in libtorch_cpu.so
=========         Host Frame: at::native::copy_(at::Tensor&, at::Tensor const&, bool) [0x1a31186] in libtorch_cpu.so
=========         Host Frame: at::_ops::copy_::call(at::Tensor&, at::Tensor const&, bool) [0x26e73d6] in libtorch_cpu.so
=========         Host Frame: at::native::_to_copy(at::Tensor const&, std::optional<c10::ScalarType>, std::optional<c10::Layout>, std::optional<c10::Device>, std::optional<bool>, bool, std::optional<c10::MemoryFormat>) [0x1d12ab2] in libtorch_cpu.so
=========         Host Frame: c10::impl::wrap_kernel_functor_unboxed_<c10::impl::detail::WrapFunctionIntoFunctor_<c10::CompileTimeFunctionPointer<at::Tensor (at::Tensor const&, std::optional<c10::ScalarType>, std::optional<c10::Layout>, std::optional<c10::Device>, std::optional<bool>, bool, std::optional<c10::MemoryFormat>), &at::(anonymous namespace)::(anonymous namespace)::wrapper_CompositeExplicitAutograd___to_copy>, at::Tensor, c10::guts::typelist::typelist<at::Tensor const&, std::optional<c10::ScalarType>, std::optional<c10::Layout>, std::optional<c10::Device>, std::optional<bool>, bool, std::optional<c10::MemoryFormat> > >, at::Tensor (at::Tensor const&, std::optional<c10::ScalarType>, std::optional<c10::Layout>, std::optional<c10::Device>, std::optional<bool>, bool, std::optional<c10::MemoryFormat>)>::call(c10::OperatorKernel*, c10::DispatchKeySet, at::Tensor const&, std::optional<c10::ScalarType>, std::optional<c10::Layout>, std::optional<c10::Device>, std::optional<bool>, bool, std::optional<c10::MemoryFormat>) [0x2aed68b] in libtorch_cpu.so
=========         Host Frame: at::_ops::_to_copy::redispatch(c10::DispatchKeySet, at::Tensor const&, std::optional<c10::ScalarType>, std::optional<c10::Layout>, std::optional<c10::Device>, std::optional<bool>, bool, std::optional<c10::MemoryFormat>) [0x21c34d1] in libtorch_cpu.so
=========         Host Frame: c10::impl::wrap_kernel_functor_unboxed_<c10::impl::detail::WrapFunctionIntoFunctor_<c10::CompileTimeFunctionPointer<at::Tensor (at::Tensor const&, std::optional<c10::ScalarType>, std::optional<c10::Layout>, std::optional<c10::Device>, std::optional<bool>, bool, std::optional<c10::MemoryFormat>), &at::(anonymous namespace)::_to_copy>, at::Tensor, c10::guts::typelist::typelist<at::Tensor const&, std::optional<c10::ScalarType>, std::optional<c10::Layout>, std::optional<c10::Device>, std::optional<bool>, bool, std::optional<c10::MemoryFormat> > >, at::Tensor (at::Tensor const&, std::optional<c10::ScalarType>, std::optional<c10::Layout>, std::optional<c10::Device>, std::optional<bool>, bool, std::optional<c10::MemoryFormat>)>::call(c10::OperatorKernel*, c10::DispatchKeySet, at::Tensor const&, std::optional<c10::ScalarType>, std::optional<c10::Layout>, std::optional<c10::Device>, std::optional<bool>, bool, std::optional<c10::MemoryFormat>) [0x28ba68a] in libtorch_cpu.so
=========         Host Frame: at::_ops::_to_copy::redispatch(c10::DispatchKeySet, at::Tensor const&, std::optional<c10::ScalarType>, std::optional<c10::Layout>, std::optional<c10::Device>, std::optional<bool>, bool, std::optional<c10::MemoryFormat>) [0x21c34d1] in libtorch_cpu.so
=========         Host Frame: torch::autograd::VariableType::(anonymous namespace)::_to_copy(c10::DispatchKeySet, at::Tensor const&, std::optional<c10::ScalarType>, std::optional<c10::Layout>, std::optional<c10::Device>, std::optional<bool>, bool, std::optional<c10::MemoryFormat>) [0x49975db] in libtorch_cpu.so
=========         Host Frame: c10::impl::wrap_kernel_functor_unboxed_<c10::impl::detail::WrapFunctionIntoFunctor_<c10::CompileTimeFunctionPointer<at::Tensor (c10::DispatchKeySet, at::Tensor const&, std::optional<c10::ScalarType>, std::optional<c10::Layout>, std::optional<c10::Device>, std::optional<bool>, bool, std::optional<c10::MemoryFormat>), &torch::autograd::VariableType::(anonymous namespace)::_to_copy>, at::Tensor, c10::guts::typelist::typelist<c10::DispatchKeySet, at::Tensor const&, std::optional<c10::ScalarType>, std::optional<c10::Layout>, std::optional<c10::Device>, std::optional<bool>, bool, std::optional<c10::MemoryFormat> > >, at::Tensor (c10::DispatchKeySet, at::Tensor const&, std::optional<c10::ScalarType>, std::optional<c10::Layout>, std::optional<c10::Device>, std::optional<bool>, bool, std::optional<c10::MemoryFormat>)>::call(c10::OperatorKernel*, c10::DispatchKeySet, at::Tensor const&, std::optional<c10::ScalarType>, std::optional<c10::Layout>, std::optional<c10::Device>, std::optional<bool>, bool, std::optional<c10::MemoryFormat>) [0x4997a3e] in libtorch_cpu.so
=========         Host Frame: at::_ops::_to_copy::call(at::Tensor const&, std::optional<c10::ScalarType>, std::optional<c10::Layout>, std::optional<c10::Device>, std::optional<bool>, bool, std::optional<c10::MemoryFormat>) [0x2264f7c] in libtorch_cpu.so
=========         Host Frame: at::native::to(at::Tensor const&, std::optional<c10::ScalarType>, std::optional<c10::Layout>, std::optional<c10::Device>, std::optional<bool>, bool, bool, std::optional<c10::MemoryFormat>) [0x1d104fd] in libtorch_cpu.so
=========         Host Frame: c10::impl::wrap_kernel_functor_unboxed_<c10::impl::detail::WrapFunctionIntoFunctor_<c10::CompileTimeFunctionPointer<at::Tensor (at::Tensor const&, std::optional<c10::ScalarType>, std::optional<c10::Layout>, std::optional<c10::Device>, std::optional<bool>, bool, bool, std::optional<c10::MemoryFormat>), &at::(anonymous namespace)::(anonymous namespace)::wrapper_CompositeImplicitAutograd_dtype_layout_to>, at::Tensor, c10::guts::typelist::typelist<at::Tensor const&, std::optional<c10::ScalarType>, std::optional<c10::Layout>, std::optional<c10::Device>, std::optional<bool>, bool, bool, std::optional<c10::MemoryFormat> > >, at::Tensor (at::Tensor const&, std::optional<c10::ScalarType>, std::optional<c10::Layout>, std::optional<c10::Device>, std::optional<bool>, bool, bool, std::optional<c10::MemoryFormat>)>::call(c10::OperatorKernel*, c10::DispatchKeySet, at::Tensor const&, std::optional<c10::ScalarType>, std::optional<c10::Layout>, std::optional<c10::Device>, std::optional<bool>, bool, bool, std::optional<c10::MemoryFormat>) [0x2be4c41] in libtorch_cpu.so
=========         Host Frame: at::_ops::to_dtype_layout::call(at::Tensor const&, std::optional<c10::ScalarType>, std::optional<c10::Layout>, std::optional<c10::Device>, std::optional<bool>, bool, bool, std::optional<c10::MemoryFormat>) [0x23fbe16] in libtorch_cpu.so
=========         Host Frame: at::Tensor::to(c10::TensorOptions, bool, bool, std::optional<c10::MemoryFormat>) const [0x4354c8] in libtorch_python.so
=========         Host Frame: torch::autograd::dispatch_to(at::Tensor const&, c10::Device, bool, bool, std::optional<c10::MemoryFormat>) [0x3d7920] in libtorch_python.so
=========         Host Frame: torch::autograd::THPVariable_cpu(_object*, _object*, _object*) [0x3d7b1d] in libtorch_python.so
=========         Host Frame:  [0x151347] in python
=========         Host Frame: PyObject_Vectorcall [0x149934] in python
=========         Host Frame: _PyEval_EvalFrameDefault [0x1d6f08] in python
=========         Host Frame: PyEval_EvalCode [0x1d544a] in python
=========         Host Frame:  [0x2085a1] in python
=========         Host Frame:  [0x2b5032] in python
=========         Host Frame: _PyRun_SimpleFileObject [0x2b4d99] in python
=========         Host Frame: _PyRun_AnyFileObject [0x2b4bce] in python
=========         Host Frame: Py_RunMain [0x2bcc34] in python
=========         Host Frame: Py_BytesMain [0x2bc71c] in python
=========         Host Frame:  [0x2a1c9] in libc.so.6
=========         Host Frame: __libc_start_main [0x2a28a] in libc.so.6
=========         Host Frame: _start [0x257bc4] in python
=========         Host Frame: validate in compare_baselines.py:117
=========         Host Frame: main in study.py:94
========= 
========= Host API memory access error at host access to 0xb11c8c000 of size 264192 bytes
=========     Uninitialized access at 0xb11c8ca00 on access by cudaMemcpy source
=========     Saved host backtrace up to driver entry point at error
=========         Host Frame:  [0x481c0] in libcudart.so.12
=========         Host Frame:  [0x17057] in libcudart.so.12
=========         Host Frame: cudaMemcpyAsync [0x768a0] in libcudart.so.12
=========         Host Frame: at::native::copy_kernel_cuda(at::TensorIterator&, bool) [0x16a984b] in libtorch_cuda.so
=========         Host Frame: at::native::copy_impl(at::Tensor&, at::Tensor const&, bool) [clone .isra.0] [0x1a2f8a2] in libtorch_cpu.so
=========         Host Frame: at::native::copy_(at::Tensor&, at::Tensor const&, bool) [0x1a31186] in libtorch_cpu.so
=========         Host Frame: at::_ops::copy_::call(at::Tensor&, at::Tensor const&, bool) [0x26e73d6] in libtorch_cpu.so
=========         Host Frame: at::native::_to_copy(at::Tensor const&, std::optional<c10::ScalarType>, std::optional<c10::Layout>, std::optional<c10::Device>, std::optional<bool>, bool, std::optional<c10::MemoryFormat>) [0x1d12ab2] in libtorch_cpu.so
=========         Host Frame: c10::impl::wrap_kernel_functor_unboxed_<c10::impl::detail::WrapFunctionIntoFunctor_<c10::CompileTimeFunctionPointer<at::Tensor (at::Tensor const&, std::optional<c10::ScalarType>, std::optional<c10::Layout>, std::optional<c10::Device>, std::optional<bool>, bool, std::optional<c10::MemoryFormat>), &at::(anonymous namespace)::(anonymous namespace)::wrapper_CompositeExplicitAutograd___to_copy>, at::Tensor, c10::guts::typelist::typelist<at::Tensor const&, std::optional<c10::ScalarType>, std::optional<c10::Layout>, std::optional<c10::Device>, std::optional<bool>, bool, std::optional<c10::MemoryFormat> > >, at::Tensor (at::Tensor const&, std::optional<c10::ScalarType>, std::optional<c10::Layout>, std::optional<c10::Device>, std::optional<bool>, bool, std::optional<c10::MemoryFormat>)>::call(c10::OperatorKernel*, c10::DispatchKeySet, at::Tensor const&, std::optional<c10::ScalarType>, std::optional<c10::Layout>, std::optional<c10::Device>, std::optional<bool>, bool, std::optional<c10::MemoryFormat>) [0x2aed68b] in libtorch_cpu.so
=========         Host Frame: at::_ops::_to_copy::redispatch(c10::DispatchKeySet, at::Tensor const&, std::optional<c10::ScalarType>, std::optional<c10::Layout>, std::optional<c10::Device>, std::optional<bool>, bool, std::optional<c10::MemoryFormat>) [0x21c34d1] in libtorch_cpu.so
=========         Host Frame: c10::impl::wrap_kernel_functor_unboxed_<c10::impl::detail::WrapFunctionIntoFunctor_<c10::CompileTimeFunctionPointer<at::Tensor (at::Tensor const&, std::optional<c10::ScalarType>, std::optional<c10::Layout>, std::optional<c10::Device>, std::optional<bool>, bool, std::optional<c10::MemoryFormat>), &at::(anonymous namespace)::_to_copy>, at::Tensor, c10::guts::typelist::typelist<at::Tensor const&, std::optional<c10::ScalarType>, std::optional<c10::Layout>, std::optional<c10::Device>, std::optional<bool>, bool, std::optional<c10::MemoryFormat> > >, at::Tensor (at::Tensor const&, std::optional<c10::ScalarType>, std::optional<c10::Layout>, std::optional<c10::Device>, std::optional<bool>, bool, std::optional<c10::MemoryFormat>)>::call(c10::OperatorKernel*, c10::DispatchKeySet, at::Tensor const&, std::optional<c10::ScalarType>, std::optional<c10::Layout>, std::optional<c10::Device>, std::optional<bool>, bool, std::optional<c10::MemoryFormat>) [0x28ba68a] in libtorch_cpu.so
=========         Host Frame: at::_ops::_to_copy::redispatch(c10::DispatchKeySet, at::Tensor const&, std::optional<c10::ScalarType>, std::optional<c10::Layout>, std::optional<c10::Device>, std::optional<bool>, bool, std::optional<c10::MemoryFormat>) [0x21c34d1] in libtorch_cpu.so
=========         Host Frame: torch::autograd::VariableType::(anonymous namespace)::_to_copy(c10::DispatchKeySet, at::Tensor const&, std::optional<c10::ScalarType>, std::optional<c10::Layout>, std::optional<c10::Device>, std::optional<bool>, bool, std::optional<c10::MemoryFormat>) [0x49975db] in libtorch_cpu.so
=========         Host Frame: c10::impl::wrap_kernel_functor_unboxed_<c10::impl::detail::WrapFunctionIntoFunctor_<c10::CompileTimeFunctionPointer<at::Tensor (c10::DispatchKeySet, at::Tensor const&, std::optional<c10::ScalarType>, std::optional<c10::Layout>, std::optional<c10::Device>, std::optional<bool>, bool, std::optional<c10::MemoryFormat>), &torch::autograd::VariableType::(anonymous namespace)::_to_copy>, at::Tensor, c10::guts::typelist::typelist<c10::DispatchKeySet, at::Tensor const&, std::optional<c10::ScalarType>, std::optional<c10::Layout>, std::optional<c10::Device>, std::optional<bool>, bool, std::optional<c10::MemoryFormat> > >, at::Tensor (c10::DispatchKeySet, at::Tensor const&, std::optional<c10::ScalarType>, std::optional<c10::Layout>, std::optional<c10::Device>, std::optional<bool>, bool, std::optional<c10::MemoryFormat>)>::call(c10::OperatorKernel*, c10::DispatchKeySet, at::Tensor const&, std::optional<c10::ScalarType>, std::optional<c10::Layout>, std::optional<c10::Device>, std::optional<bool>, bool, std::optional<c10::MemoryFormat>) [0x4997a3e] in libtorch_cpu.so
=========         Host Frame: at::_ops::_to_copy::call(at::Tensor const&, std::optional<c10::ScalarType>, std::optional<c10::Layout>, std::optional<c10::Device>, std::optional<bool>, bool, std::optional<c10::MemoryFormat>) [0x2264f7c] in libtorch_cpu.so
=========         Host Frame: at::native::to(at::Tensor const&, std::optional<c10::ScalarType>, std::optional<c10::Layout>, std::optional<c10::Device>, std::optional<bool>, bool, bool, std::optional<c10::MemoryFormat>) [0x1d104fd] in libtorch_cpu.so
=========         Host Frame: c10::impl::wrap_kernel_functor_unboxed_<c10::impl::detail::WrapFunctionIntoFunctor_<c10::CompileTimeFunctionPointer<at::Tensor (at::Tensor const&, std::optional<c10::ScalarType>, std::optional<c10::Layout>, std::optional<c10::Device>, std::optional<bool>, bool, bool, std::optional<c10::MemoryFormat>), &at::(anonymous namespace)::(anonymous namespace)::wrapper_CompositeImplicitAutograd_dtype_layout_to>, at::Tensor, c10::guts::typelist::typelist<at::Tensor const&, std::optional<c10::ScalarType>, std::optional<c10::Layout>, std::optional<c10::Device>, std::optional<bool>, bool, bool, std::optional<c10::MemoryFormat> > >, at::Tensor (at::Tensor const&, std::optional<c10::ScalarType>, std::optional<c10::Layout>, std::optional<c10::Device>, std::optional<bool>, bool, bool, std::optional<c10::MemoryFormat>)>::call(c10::OperatorKernel*, c10::DispatchKeySet, at::Tensor const&, std::optional<c10::ScalarType>, std::optional<c10::Layout>, std::optional<c10::Device>, std::optional<bool>, bool, bool, std::optional<c10::MemoryFormat>) [0x2be4c41] in libtorch_cpu.so
=========         Host Frame: at::_ops::to_dtype_layout::call(at::Tensor const&, std::optional<c10::ScalarType>, std::optional<c10::Layout>, std::optional<c10::Device>, std::optional<bool>, bool, bool, std::optional<c10::MemoryFormat>) [0x23fbe16] in libtorch_cpu.so
=========         Host Frame: at::Tensor::to(c10::TensorOptions, bool, bool, std::optional<c10::MemoryFormat>) const [0x4354c8] in libtorch_python.so
=========         Host Frame: torch::autograd::dispatch_to(at::Tensor const&, c10::Device, bool, bool, std::optional<c10::MemoryFormat>) [0x3d7920] in libtorch_python.so
=========         Host Frame: torch::autograd::THPVariable_cpu(_object*, _object*, _object*) [0x3d7b1d] in libtorch_python.so
=========         Host Frame:  [0x151347] in python
=========         Host Frame: PyObject_Vectorcall [0x149934] in python
=========         Host Frame: _PyEval_EvalFrameDefault [0x1d6f08] in python
=========         Host Frame: PyEval_EvalCode [0x1d544a] in python
=========         Host Frame:  [0x2085a1] in python
=========         Host Frame:  [0x2b5032] in python
=========         Host Frame: _PyRun_SimpleFileObject [0x2b4d99] in python
=========         Host Frame: _PyRun_AnyFileObject [0x2b4bce] in python
=========         Host Frame: Py_RunMain [0x2bcc34] in python
=========         Host Frame: Py_BytesMain [0x2bc71c] in python
=========         Host Frame:  [0x2a1c9] in libc.so.6
=========         Host Frame: __libc_start_main [0x2a28a] in libc.so.6
=========         Host Frame: _start [0x257bc4] in python
=========         Host Frame: validate in compare_baselines.py:117
=========         Host Frame: main in study.py:94
========= 
========= Host API memory access error at host access to 0xb11c8c000 of size 264192 bytes
=========     Uninitialized access at 0xb11c8ca20 on access by cudaMemcpy source
=========     Saved host backtrace up to driver entry point at error
=========         Host Frame:  [0x481c0] in libcudart.so.12
=========         Host Frame:  [0x17057] in libcudart.so.12
=========         Host Frame: cudaMemcpyAsync [0x768a0] in libcudart.so.12
=========         Host Frame: at::native::copy_kernel_cuda(at::TensorIterator&, bool) [0x16a984b] in libtorch_cuda.so
=========         Host Frame: at::native::copy_impl(at::Tensor&, at::Tensor const&, bool) [clone .isra.0] [0x1a2f8a2] in libtorch_cpu.so
=========         Host Frame: at::native::copy_(at::Tensor&, at::Tensor const&, bool) [0x1a31186] in libtorch_cpu.so
=========         Host Frame: at::_ops::copy_::call(at::Tensor&, at::Tensor const&, bool) [0x26e73d6] in libtorch_cpu.so
=========         Host Frame: at::native::_to_copy(at::Tensor const&, std::optional<c10::ScalarType>, std::optional<c10::Layout>, std::optional<c10::Device>, std::optional<bool>, bool, std::optional<c10::MemoryFormat>) [0x1d12ab2] in libtorch_cpu.so
=========         Host Frame: c10::impl::wrap_kernel_functor_unboxed_<c10::impl::detail::WrapFunctionIntoFunctor_<c10::CompileTimeFunctionPointer<at::Tensor (at::Tensor const&, std::optional<c10::ScalarType>, std::optional<c10::Layout>, std::optional<c10::Device>, std::optional<bool>, bool, std::optional<c10::MemoryFormat>), &at::(anonymous namespace)::(anonymous namespace)::wrapper_CompositeExplicitAutograd___to_copy>, at::Tensor, c10::guts::typelist::typelist<at::Tensor const&, std::optional<c10::ScalarType>, std::optional<c10::Layout>, std::optional<c10::Device>, std::optional<bool>, bool, std::optional<c10::MemoryFormat> > >, at::Tensor (at::Tensor const&, std::optional<c10::ScalarType>, std::optional<c10::Layout>, std::optional<c10::Device>, std::optional<bool>, bool, std::optional<c10::MemoryFormat>)>::call(c10::OperatorKernel*, c10::DispatchKeySet, at::Tensor const&, std::optional<c10::ScalarType>, std::optional<c10::Layout>, std::optional<c10::Device>, std::optional<bool>, bool, std::optional<c10::MemoryFormat>) [0x2aed68b] in libtorch_cpu.so
=========         Host Frame: at::_ops::_to_copy::redispatch(c10::DispatchKeySet, at::Tensor const&, std::optional<c10::ScalarType>, std::optional<c10::Layout>, std::optional<c10::Device>, std::optional<bool>, bool, std::optional<c10::MemoryFormat>) [0x21c34d1] in libtorch_cpu.so
=========         Host Frame: c10::impl::wrap_kernel_functor_unboxed_<c10::impl::detail::WrapFunctionIntoFunctor_<c10::CompileTimeFunctionPointer<at::Tensor (at::Tensor const&, std::optional<c10::ScalarType>, std::optional<c10::Layout>, std::optional<c10::Device>, std::optional<bool>, bool, std::optional<c10::MemoryFormat>), &at::(anonymous namespace)::_to_copy>, at::Tensor, c10::guts::typelist::typelist<at::Tensor const&, std::optional<c10::ScalarType>, std::optional<c10::Layout>, std::optional<c10::Device>, std::optional<bool>, bool, std::optional<c10::MemoryFormat> > >, at::Tensor (at::Tensor const&, std::optional<c10::ScalarType>, std::optional<c10::Layout>, std::optional<c10::Device>, std::optional<bool>, bool, std::optional<c10::MemoryFormat>)>::call(c10::OperatorKernel*, c10::DispatchKeySet, at::Tensor const&, std::optional<c10::ScalarType>, std::optional<c10::Layout>, std::optional<c10::Device>, std::optional<bool>, bool, std::optional<c10::MemoryFormat>) [0x28ba68a] in libtorch_cpu.so
=========         Host Frame: at::_ops::_to_copy::redispatch(c10::DispatchKeySet, at::Tensor const&, std::optional<c10::ScalarType>, std::optional<c10::Layout>, std::optional<c10::Device>, std::optional<bool>, bool, std::optional<c10::MemoryFormat>) [0x21c34d1] in libtorch_cpu.so
=========         Host Frame: torch::autograd::VariableType::(anonymous namespace)::_to_copy(c10::DispatchKeySet, at::Tensor const&, std::optional<c10::ScalarType>, std::optional<c10::Layout>, std::optional<c10::Device>, std::optional<bool>, bool, std::optional<c10::MemoryFormat>) [0x49975db] in libtorch_cpu.so
=========         Host Frame: c10::impl::wrap_kernel_functor_unboxed_<c10::impl::detail::WrapFunctionIntoFunctor_<c10::CompileTimeFunctionPointer<at::Tensor (c10::DispatchKeySet, at::Tensor const&, std::optional<c10::ScalarType>, std::optional<c10::Layout>, std::optional<c10::Device>, std::optional<bool>, bool, std::optional<c10::MemoryFormat>), &torch::autograd::VariableType::(anonymous namespace)::_to_copy>, at::Tensor, c10::guts::typelist::typelist<c10::DispatchKeySet, at::Tensor const&, std::optional<c10::ScalarType>, std::optional<c10::Layout>, std::optional<c10::Device>, std::optional<bool>, bool, std::optional<c10::MemoryFormat> > >, at::Tensor (c10::DispatchKeySet, at::Tensor const&, std::optional<c10::ScalarType>, std::optional<c10::Layout>, std::optional<c10::Device>, std::optional<bool>, bool, std::optional<c10::MemoryFormat>)>::call(c10::OperatorKernel*, c10::DispatchKeySet, at::Tensor const&, std::optional<c10::ScalarType>, std::optional<c10::Layout>, std::optional<c10::Device>, std::optional<bool>, bool, std::optional<c10::MemoryFormat>) [0x4997a3e] in libtorch_cpu.so
=========         Host Frame: at::_ops::_to_copy::call(at::Tensor const&, std::optional<c10::ScalarType>, std::optional<c10::Layout>, std::optional<c10::Device>, std::optional<bool>, bool, std::optional<c10::MemoryFormat>) [0x2264f7c] in libtorch_cpu.so
=========         Host Frame: at::native::to(at::Tensor const&, std::optional<c10::ScalarType>, std::optional<c10::Layout>, std::optional<c10::Device>, std::optional<bool>, bool, bool, std::optional<c10::MemoryFormat>) [0x1d104fd] in libtorch_cpu.so
=========         Host Frame: c10::impl::wrap_kernel_functor_unboxed_<c10::impl::detail::WrapFunctionIntoFunctor_<c10::CompileTimeFunctionPointer<at::Tensor (at::Tensor const&, std::optional<c10::ScalarType>, std::optional<c10::Layout>, std::optional<c10::Device>, std::optional<bool>, bool, bool, std::optional<c10::MemoryFormat>), &at::(anonymous namespace)::(anonymous namespace)::wrapper_CompositeImplicitAutograd_dtype_layout_to>, at::Tensor, c10::guts::typelist::typelist<at::Tensor const&, std::optional<c10::ScalarType>, std::optional<c10::Layout>, std::optional<c10::Device>, std::optional<bool>, bool, bool, std::optional<c10::MemoryFormat> > >, at::Tensor (at::Tensor const&, std::optional<c10::ScalarType>, std::optional<c10::Layout>, std::optional<c10::Device>, std::optional<bool>, bool, bool, std::optional<c10::MemoryFormat>)>::call(c10::OperatorKernel*, c10::DispatchKeySet, at::Tensor const&, std::optional<c10::ScalarType>, std::optional<c10::Layout>, std::optional<c10::Device>, std::optional<bool>, bool, bool, std::optional<c10::MemoryFormat>) [0x2be4c41] in libtorch_cpu.so
=========         Host Frame: at::_ops::to_dtype_layout::call(at::Tensor const&, std::optional<c10::ScalarType>, std::optional<c10::Layout>, std::optional<c10::Device>, std::optional<bool>, bool, bool, std::optional<c10::MemoryFormat>) [0x23fbe16] in libtorch_cpu.so
=========         Host Frame: at::Tensor::to(c10::TensorOptions, bool, bool, std::optional<c10::MemoryFormat>) const [0x4354c8] in libtorch_python.so
=========         Host Frame: torch::autograd::dispatch_to(at::Tensor const&, c10::Device, bool, bool, std::optional<c10::MemoryFormat>) [0x3d7920] in libtorch_python.so
=========         Host Frame: torch::autograd::THPVariable_cpu(_object*, _object*, _object*) [0x3d7b1d] in libtorch_python.so
=========         Host Frame:  [0x151347] in python
=========         Host Frame: PyObject_Vectorcall [0x149934] in python
=========         Host Frame: _PyEval_EvalFrameDefault [0x1d6f08] in python
=========         Host Frame: PyEval_EvalCode [0x1d544a] in python
=========         Host Frame:  [0x2085a1] in python
=========         Host Frame:  [0x2b5032] in python
=========         Host Frame: _PyRun_SimpleFileObject [0x2b4d99] in python
=========         Host Frame: _PyRun_AnyFileObject [0x2b4bce] in python
=========         Host Frame: Py_RunMain [0x2bcc34] in python
=========         Host Frame: Py_BytesMain [0x2bc71c] in python
=========         Host Frame:  [0x2a1c9] in libc.so.6
=========         Host Frame: __libc_start_main [0x2a28a] in libc.so.6
=========         Host Frame: _start [0x257bc4] in python
=========         Host Frame: validate in compare_baselines.py:117
=========         Host Frame: main in study.py:94
========= 
========= Host API memory access error at host access to 0xb11c8c000 of size 264192 bytes
=========     Uninitialized access at 0xb11c8ca40 on access by cudaMemcpy source
=========     Saved host backtrace up to driver entry point at error
=========         Host Frame:  [0x481c0] in libcudart.so.12
=========         Host Frame:  [0x17057] in libcudart.so.12
=========         Host Frame: cudaMemcpyAsync [0x768a0] in libcudart.so.12
=========         Host Frame: at::native::copy_kernel_cuda(at::TensorIterator&, bool) [0x16a984b] in libtorch_cuda.so
=========         Host Frame: at::native::copy_impl(at::Tensor&, at::Tensor const&, bool) [clone .isra.0] [0x1a2f8a2] in libtorch_cpu.so
=========         Host Frame: at::native::copy_(at::Tensor&, at::Tensor const&, bool) [0x1a31186] in libtorch_cpu.so
=========         Host Frame: at::_ops::copy_::call(at::Tensor&, at::Tensor const&, bool) [0x26e73d6] in libtorch_cpu.so
=========         Host Frame: at::native::_to_copy(at::Tensor const&, std::optional<c10::ScalarType>, std::optional<c10::Layout>, std::optional<c10::Device>, std::optional<bool>, bool, std::optional<c10::MemoryFormat>) [0x1d12ab2] in libtorch_cpu.so
=========         Host Frame: c10::impl::wrap_kernel_functor_unboxed_<c10::impl::detail::WrapFunctionIntoFunctor_<c10::CompileTimeFunctionPointer<at::Tensor (at::Tensor const&, std::optional<c10::ScalarType>, std::optional<c10::Layout>, std::optional<c10::Device>, std::optional<bool>, bool, std::optional<c10::MemoryFormat>), &at::(anonymous namespace)::(anonymous namespace)::wrapper_CompositeExplicitAutograd___to_copy>, at::Tensor, c10::guts::typelist::typelist<at::Tensor const&, std::optional<c10::ScalarType>, std::optional<c10::Layout>, std::optional<c10::Device>, std::optional<bool>, bool, std::optional<c10::MemoryFormat> > >, at::Tensor (at::Tensor const&, std::optional<c10::ScalarType>, std::optional<c10::Layout>, std::optional<c10::Device>, std::optional<bool>, bool, std::optional<c10::MemoryFormat>)>::call(c10::OperatorKernel*, c10::DispatchKeySet, at::Tensor const&, std::optional<c10::ScalarType>, std::optional<c10::Layout>, std::optional<c10::Device>, std::optional<bool>, bool, std::optional<c10::MemoryFormat>) [0x2aed68b] in libtorch_cpu.so
=========         Host Frame: at::_ops::_to_copy::redispatch(c10::DispatchKeySet, at::Tensor const&, std::optional<c10::ScalarType>, std::optional<c10::Layout>, std::optional<c10::Device>, std::optional<bool>, bool, std::optional<c10::MemoryFormat>) [0x21c34d1] in libtorch_cpu.so
=========         Host Frame: c10::impl::wrap_kernel_functor_unboxed_<c10::impl::detail::WrapFunctionIntoFunctor_<c10::CompileTimeFunctionPointer<at::Tensor (at::Tensor const&, std::optional<c10::ScalarType>, std::optional<c10::Layout>, std::optional<c10::Device>, std::optional<bool>, bool, std::optional<c10::MemoryFormat>), &at::(anonymous namespace)::_to_copy>, at::Tensor, c10::guts::typelist::typelist<at::Tensor const&, std::optional<c10::ScalarType>, std::optional<c10::Layout>, std::optional<c10::Device>, std::optional<bool>, bool, std::optional<c10::MemoryFormat> > >, at::Tensor (at::Tensor const&, std::optional<c10::ScalarType>, std::optional<c10::Layout>, std::optional<c10::Device>, std::optional<bool>, bool, std::optional<c10::MemoryFormat>)>::call(c10::OperatorKernel*, c10::DispatchKeySet, at::Tensor const&, std::optional<c10::ScalarType>, std::optional<c10::Layout>, std::optional<c10::Device>, std::optional<bool>, bool, std::optional<c10::MemoryFormat>) [0x28ba68a] in libtorch_cpu.so
=========         Host Frame: at::_ops::_to_copy::redispatch(c10::DispatchKeySet, at::Tensor const&, std::optional<c10::ScalarType>, std::optional<c10::Layout>, std::optional<c10::Device>, std::optional<bool>, bool, std::optional<c10::MemoryFormat>) [0x21c34d1] in libtorch_cpu.so
=========         Host Frame: torch::autograd::VariableType::(anonymous namespace)::_to_copy(c10::DispatchKeySet, at::Tensor const&, std::optional<c10::ScalarType>, std::optional<c10::Layout>, std::optional<c10::Device>, std::optional<bool>, bool, std::optional<c10::MemoryFormat>) [0x49975db] in libtorch_cpu.so
=========         Host Frame: c10::impl::wrap_kernel_functor_unboxed_<c10::impl::detail::WrapFunctionIntoFunctor_<c10::CompileTimeFunctionPointer<at::Tensor (c10::DispatchKeySet, at::Tensor const&, std::optional<c10::ScalarType>, std::optional<c10::Layout>, std::optional<c10::Device>, std::optional<bool>, bool, std::optional<c10::MemoryFormat>), &torch::autograd::VariableType::(anonymous namespace)::_to_copy>, at::Tensor, c10::guts::typelist::typelist<c10::DispatchKeySet, at::Tensor const&, std::optional<c10::ScalarType>, std::optional<c10::Layout>, std::optional<c10::Device>, std::optional<bool>, bool, std::optional<c10::MemoryFormat> > >, at::Tensor (c10::DispatchKeySet, at::Tensor const&, std::optional<c10::ScalarType>, std::optional<c10::Layout>, std::optional<c10::Device>, std::optional<bool>, bool, std::optional<c10::MemoryFormat>)>::call(c10::OperatorKernel*, c10::DispatchKeySet, at::Tensor const&, std::optional<c10::ScalarType>, std::optional<c10::Layout>, std::optional<c10::Device>, std::optional<bool>, bool, std::optional<c10::MemoryFormat>) [0x4997a3e] in libtorch_cpu.so
=========         Host Frame: at::_ops::_to_copy::call(at::Tensor const&, std::optional<c10::ScalarType>, std::optional<c10::Layout>, std::optional<c10::Device>, std::optional<bool>, bool, std::optional<c10::MemoryFormat>) [0x2264f7c] in libtorch_cpu.so
=========         Host Frame: at::native::to(at::Tensor const&, std::optional<c10::ScalarType>, std::optional<c10::Layout>, std::optional<c10::Device>, std::optional<bool>, bool, bool, std::optional<c10::MemoryFormat>) [0x1d104fd] in libtorch_cpu.so
=========         Host Frame: c10::impl::wrap_kernel_functor_unboxed_<c10::impl::detail::WrapFunctionIntoFunctor_<c10::CompileTimeFunctionPointer<at::Tensor (at::Tensor const&, std::optional<c10::ScalarType>, std::optional<c10::Layout>, std::optional<c10::Device>, std::optional<bool>, bool, bool, std::optional<c10::MemoryFormat>), &at::(anonymous namespace)::(anonymous namespace)::wrapper_CompositeImplicitAutograd_dtype_layout_to>, at::Tensor, c10::guts::typelist::typelist<at::Tensor const&, std::optional<c10::ScalarType>, std::optional<c10::Layout>, std::optional<c10::Device>, std::optional<bool>, bool, bool, std::optional<c10::MemoryFormat> > >, at::Tensor (at::Tensor const&, std::optional<c10::ScalarType>, std::optional<c10::Layout>, std::optional<c10::Device>, std::optional<bool>, bool, bool, std::optional<c10::MemoryFormat>)>::call(c10::OperatorKernel*, c10::DispatchKeySet, at::Tensor const&, std::optional<c10::ScalarType>, std::optional<c10::Layout>, std::optional<c10::Device>, std::optional<bool>, bool, bool, std::optional<c10::MemoryFormat>) [0x2be4c41] in libtorch_cpu.so
=========         Host Frame: at::_ops::to_dtype_layout::call(at::Tensor const&, std::optional<c10::ScalarType>, std::optional<c10::Layout>, std::optional<c10::Device>, std::optional<bool>, bool, bool, std::optional<c10::MemoryFormat>) [0x23fbe16] in libtorch_cpu.so
=========         Host Frame: at::Tensor::to(c10::TensorOptions, bool, bool, std::optional<c10::MemoryFormat>) const [0x4354c8] in libtorch_python.so
=========         Host Frame: torch::autograd::dispatch_to(at::Tensor const&, c10::Device, bool, bool, std::optional<c10::MemoryFormat>) [0x3d7920] in libtorch_python.so
=========         Host Frame: torch::autograd::THPVariable_cpu(_object*, _object*, _object*) [0x3d7b1d] in libtorch_python.so
=========         Host Frame:  [0x151347] in python
=========         Host Frame: PyObject_Vectorcall [0x149934] in python
=========         Host Frame: _PyEval_EvalFrameDefault [0x1d6f08] in python
=========         Host Frame: PyEval_EvalCode [0x1d544a] in python
=========         Host Frame:  [0x2085a1] in python
=========         Host Frame:  [0x2b5032] in python
=========         Host Frame: _PyRun_SimpleFileObject [0x2b4d99] in python
=========         Host Frame: _PyRun_AnyFileObject [0x2b4bce] in python
=========         Host Frame: Py_RunMain [0x2bcc34] in python
=========         Host Frame: Py_BytesMain [0x2bc71c] in python
=========         Host Frame:  [0x2a1c9] in libc.so.6
=========         Host Frame: __libc_start_main [0x2a28a] in libc.so.6
=========         Host Frame: _start [0x257bc4] in python
=========         Host Frame: validate in compare_baselines.py:117
=========         Host Frame: main in study.py:94
========= 
========= Host API memory access error at host access to 0xb11c8c000 of size 264192 bytes
=========     Uninitialized access at 0xb11c8ca60 on access by cudaMemcpy source
=========     Saved host backtrace up to driver entry point at error
=========         Host Frame:  [0x481c0] in libcudart.so.12
=========         Host Frame:  [0x17057] in libcudart.so.12
=========         Host Frame: cudaMemcpyAsync [0x768a0] in libcudart.so.12
=========         Host Frame: at::native::copy_kernel_cuda(at::TensorIterator&, bool) [0x16a984b] in libtorch_cuda.so
=========         Host Frame: at::native::copy_impl(at::Tensor&, at::Tensor const&, bool) [clone .isra.0] [0x1a2f8a2] in libtorch_cpu.so
=========         Host Frame: at::native::copy_(at::Tensor&, at::Tensor const&, bool) [0x1a31186] in libtorch_cpu.so
=========         Host Frame: at::_ops::copy_::call(at::Tensor&, at::Tensor const&, bool) [0x26e73d6] in libtorch_cpu.so
=========         Host Frame: at::native::_to_copy(at::Tensor const&, std::optional<c10::ScalarType>, std::optional<c10::Layout>, std::optional<c10::Device>, std::optional<bool>, bool, std::optional<c10::MemoryFormat>) [0x1d12ab2] in libtorch_cpu.so
=========         Host Frame: c10::impl::wrap_kernel_functor_unboxed_<c10::impl::detail::WrapFunctionIntoFunctor_<c10::CompileTimeFunctionPointer<at::Tensor (at::Tensor const&, std::optional<c10::ScalarType>, std::optional<c10::Layout>, std::optional<c10::Device>, std::optional<bool>, bool, std::optional<c10::MemoryFormat>), &at::(anonymous namespace)::(anonymous namespace)::wrapper_CompositeExplicitAutograd___to_copy>, at::Tensor, c10::guts::typelist::typelist<at::Tensor const&, std::optional<c10::ScalarType>, std::optional<c10::Layout>, std::optional<c10::Device>, std::optional<bool>, bool, std::optional<c10::MemoryFormat> > >, at::Tensor (at::Tensor const&, std::optional<c10::ScalarType>, std::optional<c10::Layout>, std::optional<c10::Device>, std::optional<bool>, bool, std::optional<c10::MemoryFormat>)>::call(c10::OperatorKernel*, c10::DispatchKeySet, at::Tensor const&, std::optional<c10::ScalarType>, std::optional<c10::Layout>, std::optional<c10::Device>, std::optional<bool>, bool, std::optional<c10::MemoryFormat>) [0x2aed68b] in libtorch_cpu.so
=========         Host Frame: at::_ops::_to_copy::redispatch(c10::DispatchKeySet, at::Tensor const&, std::optional<c10::ScalarType>, std::optional<c10::Layout>, std::optional<c10::Device>, std::optional<bool>, bool, std::optional<c10::MemoryFormat>) [0x21c34d1] in libtorch_cpu.so
=========         Host Frame: c10::impl::wrap_kernel_functor_unboxed_<c10::impl::detail::WrapFunctionIntoFunctor_<c10::CompileTimeFunctionPointer<at::Tensor (at::Tensor const&, std::optional<c10::ScalarType>, std::optional<c10::Layout>, std::optional<c10::Device>, std::optional<bool>, bool, std::optional<c10::MemoryFormat>), &at::(anonymous namespace)::_to_copy>, at::Tensor, c10::guts::typelist::typelist<at::Tensor const&, std::optional<c10::ScalarType>, std::optional<c10::Layout>, std::optional<c10::Device>, std::optional<bool>, bool, std::optional<c10::MemoryFormat> > >, at::Tensor (at::Tensor const&, std::optional<c10::ScalarType>, std::optional<c10::Layout>, std::optional<c10::Device>, std::optional<bool>, bool, std::optional<c10::MemoryFormat>)>::call(c10::OperatorKernel*, c10::DispatchKeySet, at::Tensor const&, std::optional<c10::ScalarType>, std::optional<c10::Layout>, std::optional<c10::Device>, std::optional<bool>, bool, std::optional<c10::MemoryFormat>) [0x28ba68a] in libtorch_cpu.so
=========         Host Frame: at::_ops::_to_copy::redispatch(c10::DispatchKeySet, at::Tensor const&, std::optional<c10::ScalarType>, std::optional<c10::Layout>, std::optional<c10::Device>, std::optional<bool>, bool, std::optional<c10::MemoryFormat>) [0x21c34d1] in libtorch_cpu.so
=========         Host Frame: torch::autograd::VariableType::(anonymous namespace)::_to_copy(c10::DispatchKeySet, at::Tensor const&, std::optional<c10::ScalarType>, std::optional<c10::Layout>, std::optional<c10::Device>, std::optional<bool>, bool, std::optional<c10::MemoryFormat>) [0x49975db] in libtorch_cpu.so
=========         Host Frame: c10::impl::wrap_kernel_functor_unboxed_<c10::impl::detail::WrapFunctionIntoFunctor_<c10::CompileTimeFunctionPointer<at::Tensor (c10::DispatchKeySet, at::Tensor const&, std::optional<c10::ScalarType>, std::optional<c10::Layout>, std::optional<c10::Device>, std::optional<bool>, bool, std::optional<c10::MemoryFormat>), &torch::autograd::VariableType::(anonymous namespace)::_to_copy>, at::Tensor, c10::guts::typelist::typelist<c10::DispatchKeySet, at::Tensor const&, std::optional<c10::ScalarType>, std::optional<c10::Layout>, std::optional<c10::Device>, std::optional<bool>, bool, std::optional<c10::MemoryFormat> > >, at::Tensor (c10::DispatchKeySet, at::Tensor const&, std::optional<c10::ScalarType>, std::optional<c10::Layout>, std::optional<c10::Device>, std::optional<bool>, bool, std::optional<c10::MemoryFormat>)>::call(c10::OperatorKernel*, c10::DispatchKeySet, at::Tensor const&, std::optional<c10::ScalarType>, std::optional<c10::Layout>, std::optional<c10::Device>, std::optional<bool>, bool, std::optional<c10::MemoryFormat>) [0x4997a3e] in libtorch_cpu.so
=========         Host Frame: at::_ops::_to_copy::call(at::Tensor const&, std::optional<c10::ScalarType>, std::optional<c10::Layout>, std::optional<c10::Device>, std::optional<bool>, bool, std::optional<c10::MemoryFormat>) [0x2264f7c] in libtorch_cpu.so
=========         Host Frame: at::native::to(at::Tensor const&, std::optional<c10::ScalarType>, std::optional<c10::Layout>, std::optional<c10::Device>, std::optional<bool>, bool, bool, std::optional<c10::MemoryFormat>) [0x1d104fd] in libtorch_cpu.so
=========         Host Frame: c10::impl::wrap_kernel_functor_unboxed_<c10::impl::detail::WrapFunctionIntoFunctor_<c10::CompileTimeFunctionPointer<at::Tensor (at::Tensor const&, std::optional<c10::ScalarType>, std::optional<c10::Layout>, std::optional<c10::Device>, std::optional<bool>, bool, bool, std::optional<c10::MemoryFormat>), &at::(anonymous namespace)::(anonymous namespace)::wrapper_CompositeImplicitAutograd_dtype_layout_to>, at::Tensor, c10::guts::typelist::typelist<at::Tensor const&, std::optional<c10::ScalarType>, std::optional<c10::Layout>, std::optional<c10::Device>, std::optional<bool>, bool, bool, std::optional<c10::MemoryFormat> > >, at::Tensor (at::Tensor const&, std::optional<c10::ScalarType>, std::optional<c10::Layout>, std::optional<c10::Device>, std::optional<bool>, bool, bool, std::optional<c10::MemoryFormat>)>::call(c10::OperatorKernel*, c10::DispatchKeySet, at::Tensor const&, std::optional<c10::ScalarType>, std::optional<c10::Layout>, std::optional<c10::Device>, std::optional<bool>, bool, bool, std::optional<c10::MemoryFormat>) [0x2be4c41] in libtorch_cpu.so
=========         Host Frame: at::_ops::to_dtype_layout::call(at::Tensor const&, std::optional<c10::ScalarType>, std::optional<c10::Layout>, std::optional<c10::Device>, std::optional<bool>, bool, bool, std::optional<c10::MemoryFormat>) [0x23fbe16] in libtorch_cpu.so
=========         Host Frame: at::Tensor::to(c10::TensorOptions, bool, bool, std::optional<c10::MemoryFormat>) const [0x4354c8] in libtorch_python.so
=========         Host Frame: torch::autograd::dispatch_to(at::Tensor const&, c10::Device, bool, bool, std::optional<c10::MemoryFormat>) [0x3d7920] in libtorch_python.so
=========         Host Frame: torch::autograd::THPVariable_cpu(_object*, _object*, _object*) [0x3d7b1d] in libtorch_python.so
=========         Host Frame:  [0x151347] in python
=========         Host Frame: PyObject_Vectorcall [0x149934] in python
=========         Host Frame: _PyEval_EvalFrameDefault [0x1d6f08] in python
=========         Host Frame: PyEval_EvalCode [0x1d544a] in python
=========         Host Frame:  [0x2085a1] in python
=========         Host Frame:  [0x2b5032] in python
=========         Host Frame: _PyRun_SimpleFileObject [0x2b4d99] in python
=========         Host Frame: _PyRun_AnyFileObject [0x2b4bce] in python
=========         Host Frame: Py_RunMain [0x2bcc34] in python
=========         Host Frame: Py_BytesMain [0x2bc71c] in python
=========         Host Frame:  [0x2a1c9] in libc.so.6
=========         Host Frame: __libc_start_main [0x2a28a] in libc.so.6
=========         Host Frame: _start [0x257bc4] in python
=========         Host Frame: validate in compare_baselines.py:117
=========         Host Frame: main in study.py:94
========= 
========= Host API memory access error at host access to 0xb11c8c000 of size 264192 bytes
=========     Uninitialized access at 0xb11c8ca80 on access by cudaMemcpy source
=========     Saved host backtrace up to driver entry point at error
=========         Host Frame:  [0x481c0] in libcudart.so.12
=========         Host Frame:  [0x17057] in libcudart.so.12
=========         Host Frame: cudaMemcpyAsync [0x768a0] in libcudart.so.12
=========         Host Frame: at::native::copy_kernel_cuda(at::TensorIterator&, bool) [0x16a984b] in libtorch_cuda.so
=========         Host Frame: at::native::copy_impl(at::Tensor&, at::Tensor const&, bool) [clone .isra.0] [0x1a2f8a2] in libtorch_cpu.so
=========         Host Frame: at::native::copy_(at::Tensor&, at::Tensor const&, bool) [0x1a31186] in libtorch_cpu.so
=========         Host Frame: at::_ops::copy_::call(at::Tensor&, at::Tensor const&, bool) [0x26e73d6] in libtorch_cpu.so
=========         Host Frame: at::native::_to_copy(at::Tensor const&, std::optional<c10::ScalarType>, std::optional<c10::Layout>, std::optional<c10::Device>, std::optional<bool>, bool, std::optional<c10::MemoryFormat>) [0x1d12ab2] in libtorch_cpu.so
=========         Host Frame: c10::impl::wrap_kernel_functor_unboxed_<c10::impl::detail::WrapFunctionIntoFunctor_<c10::CompileTimeFunctionPointer<at::Tensor (at::Tensor const&, std::optional<c10::ScalarType>, std::optional<c10::Layout>, std::optional<c10::Device>, std::optional<bool>, bool, std::optional<c10::MemoryFormat>), &at::(anonymous namespace)::(anonymous namespace)::wrapper_CompositeExplicitAutograd___to_copy>, at::Tensor, c10::guts::typelist::typelist<at::Tensor const&, std::optional<c10::ScalarType>, std::optional<c10::Layout>, std::optional<c10::Device>, std::optional<bool>, bool, std::optional<c10::MemoryFormat> > >, at::Tensor (at::Tensor const&, std::optional<c10::ScalarType>, std::optional<c10::Layout>, std::optional<c10::Device>, std::optional<bool>, bool, std::optional<c10::MemoryFormat>)>::call(c10::OperatorKernel*, c10::DispatchKeySet, at::Tensor const&, std::optional<c10::ScalarType>, std::optional<c10::Layout>, std::optional<c10::Device>, std::optional<bool>, bool, std::optional<c10::MemoryFormat>) [0x2aed68b] in libtorch_cpu.so
=========         Host Frame: at::_ops::_to_copy::redispatch(c10::DispatchKeySet, at::Tensor const&, std::optional<c10::ScalarType>, std::optional<c10::Layout>, std::optional<c10::Device>, std::optional<bool>, bool, std::optional<c10::MemoryFormat>) [0x21c34d1] in libtorch_cpu.so
=========         Host Frame: c10::impl::wrap_kernel_functor_unboxed_<c10::impl::detail::WrapFunctionIntoFunctor_<c10::CompileTimeFunctionPointer<at::Tensor (at::Tensor const&, std::optional<c10::ScalarType>, std::optional<c10::Layout>, std::optional<c10::Device>, std::optional<bool>, bool, std::optional<c10::MemoryFormat>), &at::(anonymous namespace)::_to_copy>, at::Tensor, c10::guts::typelist::typelist<at::Tensor const&, std::optional<c10::ScalarType>, std::optional<c10::Layout>, std::optional<c10::Device>, std::optional<bool>, bool, std::optional<c10::MemoryFormat> > >, at::Tensor (at::Tensor const&, std::optional<c10::ScalarType>, std::optional<c10::Layout>, std::optional<c10::Device>, std::optional<bool>, bool, std::optional<c10::MemoryFormat>)>::call(c10::OperatorKernel*, c10::DispatchKeySet, at::Tensor const&, std::optional<c10::ScalarType>, std::optional<c10::Layout>, std::optional<c10::Device>, std::optional<bool>, bool, std::optional<c10::MemoryFormat>) [0x28ba68a] in libtorch_cpu.so
=========         Host Frame: at::_ops::_to_copy::redispatch(c10::DispatchKeySet, at::Tensor const&, std::optional<c10::ScalarType>, std::optional<c10::Layout>, std::optional<c10::Device>, std::optional<bool>, bool, std::optional<c10::MemoryFormat>) [0x21c34d1] in libtorch_cpu.so
=========         Host Frame: torch::autograd::VariableType::(anonymous namespace)::_to_copy(c10::DispatchKeySet, at::Tensor const&, std::optional<c10::ScalarType>, std::optional<c10::Layout>, std::optional<c10::Device>, std::optional<bool>, bool, std::optional<c10::MemoryFormat>) [0x49975db] in libtorch_cpu.so
=========         Host Frame: c10::impl::wrap_kernel_functor_unboxed_<c10::impl::detail::WrapFunctionIntoFunctor_<c10::CompileTimeFunctionPointer<at::Tensor (c10::DispatchKeySet, at::Tensor const&, std::optional<c10::ScalarType>, std::optional<c10::Layout>, std::optional<c10::Device>, std::optional<bool>, bool, std::optional<c10::MemoryFormat>), &torch::autograd::VariableType::(anonymous namespace)::_to_copy>, at::Tensor, c10::guts::typelist::typelist<c10::DispatchKeySet, at::Tensor const&, std::optional<c10::ScalarType>, std::optional<c10::Layout>, std::optional<c10::Device>, std::optional<bool>, bool, std::optional<c10::MemoryFormat> > >, at::Tensor (c10::DispatchKeySet, at::Tensor const&, std::optional<c10::ScalarType>, std::optional<c10::Layout>, std::optional<c10::Device>, std::optional<bool>, bool, std::optional<c10::MemoryFormat>)>::call(c10::OperatorKernel*, c10::DispatchKeySet, at::Tensor const&, std::optional<c10::ScalarType>, std::optional<c10::Layout>, std::optional<c10::Device>, std::optional<bool>, bool, std::optional<c10::MemoryFormat>) [0x4997a3e] in libtorch_cpu.so
=========         Host Frame: at::_ops::_to_copy::call(at::Tensor const&, std::optional<c10::ScalarType>, std::optional<c10::Layout>, std::optional<c10::Device>, std::optional<bool>, bool, std::optional<c10::MemoryFormat>) [0x2264f7c] in libtorch_cpu.so
=========         Host Frame: at::native::to(at::Tensor const&, std::optional<c10::ScalarType>, std::optional<c10::Layout>, std::optional<c10::Device>, std::optional<bool>, bool, bool, std::optional<c10::MemoryFormat>) [0x1d104fd] in libtorch_cpu.so
=========         Host Frame: c10::impl::wrap_kernel_functor_unboxed_<c10::impl::detail::WrapFunctionIntoFunctor_<c10::CompileTimeFunctionPointer<at::Tensor (at::Tensor const&, std::optional<c10::ScalarType>, std::optional<c10::Layout>, std::optional<c10::Device>, std::optional<bool>, bool, bool, std::optional<c10::MemoryFormat>), &at::(anonymous namespace)::(anonymous namespace)::wrapper_CompositeImplicitAutograd_dtype_layout_to>, at::Tensor, c10::guts::typelist::typelist<at::Tensor const&, std::optional<c10::ScalarType>, std::optional<c10::Layout>, std::optional<c10::Device>, std::optional<bool>, bool, bool, std::optional<c10::MemoryFormat> > >, at::Tensor (at::Tensor const&, std::optional<c10::ScalarType>, std::optional<c10::Layout>, std::optional<c10::Device>, std::optional<bool>, bool, bool, std::optional<c10::MemoryFormat>)>::call(c10::OperatorKernel*, c10::DispatchKeySet, at::Tensor const&, std::optional<c10::ScalarType>, std::optional<c10::Layout>, std::optional<c10::Device>, std::optional<bool>, bool, bool, std::optional<c10::MemoryFormat>) [0x2be4c41] in libtorch_cpu.so
=========         Host Frame: at::_ops::to_dtype_layout::call(at::Tensor const&, std::optional<c10::ScalarType>, std::optional<c10::Layout>, std::optional<c10::Device>, std::optional<bool>, bool, bool, std::optional<c10::MemoryFormat>) [0x23fbe16] in libtorch_cpu.so
=========         Host Frame: at::Tensor::to(c10::TensorOptions, bool, bool, std::optional<c10::MemoryFormat>) const [0x4354c8] in libtorch_python.so
=========         Host Frame: torch::autograd::dispatch_to(at::Tensor const&, c10::Device, bool, bool, std::optional<c10::MemoryFormat>) [0x3d7920] in libtorch_python.so
=========         Host Frame: torch::autograd::THPVariable_cpu(_object*, _object*, _object*) [0x3d7b1d] in libtorch_python.so
=========         Host Frame:  [0x151347] in python
=========         Host Frame: PyObject_Vectorcall [0x149934] in python
=========         Host Frame: _PyEval_EvalFrameDefault [0x1d6f08] in python
=========         Host Frame: PyEval_EvalCode [0x1d544a] in python
=========         Host Frame:  [0x2085a1] in python
=========         Host Frame:  [0x2b5032] in python
=========         Host Frame: _PyRun_SimpleFileObject [0x2b4d99] in python
=========         Host Frame: _PyRun_AnyFileObject [0x2b4bce] in python
=========         Host Frame: Py_RunMain [0x2bcc34] in python
=========         Host Frame: Py_BytesMain [0x2bc71c] in python
=========         Host Frame:  [0x2a1c9] in libc.so.6
=========         Host Frame: __libc_start_main [0x2a28a] in libc.so.6
=========         Host Frame: _start [0x257bc4] in python
=========         Host Frame: validate in compare_baselines.py:117
=========         Host Frame: main in study.py:94
========= 
========= Host API memory access error at host access to 0xb11c8c000 of size 264192 bytes
=========     Uninitialized access at 0xb11c8caa0 on access by cudaMemcpy source
=========     Saved host backtrace up to driver entry point at error
=========         Host Frame:  [0x481c0] in libcudart.so.12
=========         Host Frame:  [0x17057] in libcudart.so.12
=========         Host Frame: cudaMemcpyAsync [0x768a0] in libcudart.so.12
=========         Host Frame: at::native::copy_kernel_cuda(at::TensorIterator&, bool) [0x16a984b] in libtorch_cuda.so
=========         Host Frame: at::native::copy_impl(at::Tensor&, at::Tensor const&, bool) [clone .isra.0] [0x1a2f8a2] in libtorch_cpu.so
=========         Host Frame: at::native::copy_(at::Tensor&, at::Tensor const&, bool) [0x1a31186] in libtorch_cpu.so
=========         Host Frame: at::_ops::copy_::call(at::Tensor&, at::Tensor const&, bool) [0x26e73d6] in libtorch_cpu.so
=========         Host Frame: at::native::_to_copy(at::Tensor const&, std::optional<c10::ScalarType>, std::optional<c10::Layout>, std::optional<c10::Device>, std::optional<bool>, bool, std::optional<c10::MemoryFormat>) [0x1d12ab2] in libtorch_cpu.so
=========         Host Frame: c10::impl::wrap_kernel_functor_unboxed_<c10::impl::detail::WrapFunctionIntoFunctor_<c10::CompileTimeFunctionPointer<at::Tensor (at::Tensor const&, std::optional<c10::ScalarType>, std::optional<c10::Layout>, std::optional<c10::Device>, std::optional<bool>, bool, std::optional<c10::MemoryFormat>), &at::(anonymous namespace)::(anonymous namespace)::wrapper_CompositeExplicitAutograd___to_copy>, at::Tensor, c10::guts::typelist::typelist<at::Tensor const&, std::optional<c10::ScalarType>, std::optional<c10::Layout>, std::optional<c10::Device>, std::optional<bool>, bool, std::optional<c10::MemoryFormat> > >, at::Tensor (at::Tensor const&, std::optional<c10::ScalarType>, std::optional<c10::Layout>, std::optional<c10::Device>, std::optional<bool>, bool, std::optional<c10::MemoryFormat>)>::call(c10::OperatorKernel*, c10::DispatchKeySet, at::Tensor const&, std::optional<c10::ScalarType>, std::optional<c10::Layout>, std::optional<c10::Device>, std::optional<bool>, bool, std::optional<c10::MemoryFormat>) [0x2aed68b] in libtorch_cpu.so
=========         Host Frame: at::_ops::_to_copy::redispatch(c10::DispatchKeySet, at::Tensor const&, std::optional<c10::ScalarType>, std::optional<c10::Layout>, std::optional<c10::Device>, std::optional<bool>, bool, std::optional<c10::MemoryFormat>) [0x21c34d1] in libtorch_cpu.so
=========         Host Frame: c10::impl::wrap_kernel_functor_unboxed_<c10::impl::detail::WrapFunctionIntoFunctor_<c10::CompileTimeFunctionPointer<at::Tensor (at::Tensor const&, std::optional<c10::ScalarType>, std::optional<c10::Layout>, std::optional<c10::Device>, std::optional<bool>, bool, std::optional<c10::MemoryFormat>), &at::(anonymous namespace)::_to_copy>, at::Tensor, c10::guts::typelist::typelist<at::Tensor const&, std::optional<c10::ScalarType>, std::optional<c10::Layout>, std::optional<c10::Device>, std::optional<bool>, bool, std::optional<c10::MemoryFormat> > >, at::Tensor (at::Tensor const&, std::optional<c10::ScalarType>, std::optional<c10::Layout>, std::optional<c10::Device>, std::optional<bool>, bool, std::optional<c10::MemoryFormat>)>::call(c10::OperatorKernel*, c10::DispatchKeySet, at::Tensor const&, std::optional<c10::ScalarType>, std::optional<c10::Layout>, std::optional<c10::Device>, std::optional<bool>, bool, std::optional<c10::MemoryFormat>) [0x28ba68a] in libtorch_cpu.so
=========         Host Frame: at::_ops::_to_copy::redispatch(c10::DispatchKeySet, at::Tensor const&, std::optional<c10::ScalarType>, std::optional<c10::Layout>, std::optional<c10::Device>, std::optional<bool>, bool, std::optional<c10::MemoryFormat>) [0x21c34d1] in libtorch_cpu.so
=========         Host Frame: torch::autograd::VariableType::(anonymous namespace)::_to_copy(c10::DispatchKeySet, at::Tensor const&, std::optional<c10::ScalarType>, std::optional<c10::Layout>, std::optional<c10::Device>, std::optional<bool>, bool, std::optional<c10::MemoryFormat>) [0x49975db] in libtorch_cpu.so
=========         Host Frame: c10::impl::wrap_kernel_functor_unboxed_<c10::impl::detail::WrapFunctionIntoFunctor_<c10::CompileTimeFunctionPointer<at::Tensor (c10::DispatchKeySet, at::Tensor const&, std::optional<c10::ScalarType>, std::optional<c10::Layout>, std::optional<c10::Device>, std::optional<bool>, bool, std::optional<c10::MemoryFormat>), &torch::autograd::VariableType::(anonymous namespace)::_to_copy>, at::Tensor, c10::guts::typelist::typelist<c10::DispatchKeySet, at::Tensor const&, std::optional<c10::ScalarType>, std::optional<c10::Layout>, std::optional<c10::Device>, std::optional<bool>, bool, std::optional<c10::MemoryFormat> > >, at::Tensor (c10::DispatchKeySet, at::Tensor const&, std::optional<c10::ScalarType>, std::optional<c10::Layout>, std::optional<c10::Device>, std::optional<bool>, bool, std::optional<c10::MemoryFormat>)>::call(c10::OperatorKernel*, c10::DispatchKeySet, at::Tensor const&, std::optional<c10::ScalarType>, std::optional<c10::Layout>, std::optional<c10::Device>, std::optional<bool>, bool, std::optional<c10::MemoryFormat>) [0x4997a3e] in libtorch_cpu.so
=========         Host Frame: at::_ops::_to_copy::call(at::Tensor const&, std::optional<c10::ScalarType>, std::optional<c10::Layout>, std::optional<c10::Device>, std::optional<bool>, bool, std::optional<c10::MemoryFormat>) [0x2264f7c] in libtorch_cpu.so
=========         Host Frame: at::native::to(at::Tensor const&, std::optional<c10::ScalarType>, std::optional<c10::Layout>, std::optional<c10::Device>, std::optional<bool>, bool, bool, std::optional<c10::MemoryFormat>) [0x1d104fd] in libtorch_cpu.so
=========         Host Frame: c10::impl::wrap_kernel_functor_unboxed_<c10::impl::detail::WrapFunctionIntoFunctor_<c10::CompileTimeFunctionPointer<at::Tensor (at::Tensor const&, std::optional<c10::ScalarType>, std::optional<c10::Layout>, std::optional<c10::Device>, std::optional<bool>, bool, bool, std::optional<c10::MemoryFormat>), &at::(anonymous namespace)::(anonymous namespace)::wrapper_CompositeImplicitAutograd_dtype_layout_to>, at::Tensor, c10::guts::typelist::typelist<at::Tensor const&, std::optional<c10::ScalarType>, std::optional<c10::Layout>, std::optional<c10::Device>, std::optional<bool>, bool, bool, std::optional<c10::MemoryFormat> > >, at::Tensor (at::Tensor const&, std::optional<c10::ScalarType>, std::optional<c10::Layout>, std::optional<c10::Device>, std::optional<bool>, bool, bool, std::optional<c10::MemoryFormat>)>::call(c10::OperatorKernel*, c10::DispatchKeySet, at::Tensor const&, std::optional<c10::ScalarType>, std::optional<c10::Layout>, std::optional<c10::Device>, std::optional<bool>, bool, bool, std::optional<c10::MemoryFormat>) [0x2be4c41] in libtorch_cpu.so
=========         Host Frame: at::_ops::to_dtype_layout::call(at::Tensor const&, std::optional<c10::ScalarType>, std::optional<c10::Layout>, std::optional<c10::Device>, std::optional<bool>, bool, bool, std::optional<c10::MemoryFormat>) [0x23fbe16] in libtorch_cpu.so
=========         Host Frame: at::Tensor::to(c10::TensorOptions, bool, bool, std::optional<c10::MemoryFormat>) const [0x4354c8] in libtorch_python.so
=========         Host Frame: torch::autograd::dispatch_to(at::Tensor const&, c10::Device, bool, bool, std::optional<c10::MemoryFormat>) [0x3d7920] in libtorch_python.so
=========         Host Frame: torch::autograd::THPVariable_cpu(_object*, _object*, _object*) [0x3d7b1d] in libtorch_python.so
=========         Host Frame:  [0x151347] in python
=========         Host Frame: PyObject_Vectorcall [0x149934] in python
=========         Host Frame: _PyEval_EvalFrameDefault [0x1d6f08] in python
=========         Host Frame: PyEval_EvalCode [0x1d544a] in python
=========         Host Frame:  [0x2085a1] in python
=========         Host Frame:  [0x2b5032] in python
=========         Host Frame: _PyRun_SimpleFileObject [0x2b4d99] in python
=========         Host Frame: _PyRun_AnyFileObject [0x2b4bce] in python
=========         Host Frame: Py_RunMain [0x2bcc34] in python
=========         Host Frame: Py_BytesMain [0x2bc71c] in python
=========         Host Frame:  [0x2a1c9] in libc.so.6
=========         Host Frame: __libc_start_main [0x2a28a] in libc.so.6
=========         Host Frame: _start [0x257bc4] in python
=========         Host Frame: validate in compare_baselines.py:117
=========         Host Frame: main in study.py:94
========= 
========= Host API memory access error at host access to 0xb11c8c000 of size 264192 bytes
=========     Uninitialized access at 0xb11c8cac0 on access by cudaMemcpy source
=========     Saved host backtrace up to driver entry point at error
=========         Host Frame:  [0x481c0] in libcudart.so.12
=========         Host Frame:  [0x17057] in libcudart.so.12
=========         Host Frame: cudaMemcpyAsync [0x768a0] in libcudart.so.12
=========         Host Frame: at::native::copy_kernel_cuda(at::TensorIterator&, bool) [0x16a984b] in libtorch_cuda.so
=========         Host Frame: at::native::copy_impl(at::Tensor&, at::Tensor const&, bool) [clone .isra.0] [0x1a2f8a2] in libtorch_cpu.so
=========         Host Frame: at::native::copy_(at::Tensor&, at::Tensor const&, bool) [0x1a31186] in libtorch_cpu.so
=========         Host Frame: at::_ops::copy_::call(at::Tensor&, at::Tensor const&, bool) [0x26e73d6] in libtorch_cpu.so
=========         Host Frame: at::native::_to_copy(at::Tensor const&, std::optional<c10::ScalarType>, std::optional<c10::Layout>, std::optional<c10::Device>, std::optional<bool>, bool, std::optional<c10::MemoryFormat>) [0x1d12ab2] in libtorch_cpu.so
=========         Host Frame: c10::impl::wrap_kernel_functor_unboxed_<c10::impl::detail::WrapFunctionIntoFunctor_<c10::CompileTimeFunctionPointer<at::Tensor (at::Tensor const&, std::optional<c10::ScalarType>, std::optional<c10::Layout>, std::optional<c10::Device>, std::optional<bool>, bool, std::optional<c10::MemoryFormat>), &at::(anonymous namespace)::(anonymous namespace)::wrapper_CompositeExplicitAutograd___to_copy>, at::Tensor, c10::guts::typelist::typelist<at::Tensor const&, std::optional<c10::ScalarType>, std::optional<c10::Layout>, std::optional<c10::Device>, std::optional<bool>, bool, std::optional<c10::MemoryFormat> > >, at::Tensor (at::Tensor const&, std::optional<c10::ScalarType>, std::optional<c10::Layout>, std::optional<c10::Device>, std::optional<bool>, bool, std::optional<c10::MemoryFormat>)>::call(c10::OperatorKernel*, c10::DispatchKeySet, at::Tensor const&, std::optional<c10::ScalarType>, std::optional<c10::Layout>, std::optional<c10::Device>, std::optional<bool>, bool, std::optional<c10::MemoryFormat>) [0x2aed68b] in libtorch_cpu.so
=========         Host Frame: at::_ops::_to_copy::redispatch(c10::DispatchKeySet, at::Tensor const&, std::optional<c10::ScalarType>, std::optional<c10::Layout>, std::optional<c10::Device>, std::optional<bool>, bool, std::optional<c10::MemoryFormat>) [0x21c34d1] in libtorch_cpu.so
=========         Host Frame: c10::impl::wrap_kernel_functor_unboxed_<c10::impl::detail::WrapFunctionIntoFunctor_<c10::CompileTimeFunctionPointer<at::Tensor (at::Tensor const&, std::optional<c10::ScalarType>, std::optional<c10::Layout>, std::optional<c10::Device>, std::optional<bool>, bool, std::optional<c10::MemoryFormat>), &at::(anonymous namespace)::_to_copy>, at::Tensor, c10::guts::typelist::typelist<at::Tensor const&, std::optional<c10::ScalarType>, std::optional<c10::Layout>, std::optional<c10::Device>, std::optional<bool>, bool, std::optional<c10::MemoryFormat> > >, at::Tensor (at::Tensor const&, std::optional<c10::ScalarType>, std::optional<c10::Layout>, std::optional<c10::Device>, std::optional<bool>, bool, std::optional<c10::MemoryFormat>)>::call(c10::OperatorKernel*, c10::DispatchKeySet, at::Tensor const&, std::optional<c10::ScalarType>, std::optional<c10::Layout>, std::optional<c10::Device>, std::optional<bool>, bool, std::optional<c10::MemoryFormat>) [0x28ba68a] in libtorch_cpu.so
=========         Host Frame: at::_ops::_to_copy::redispatch(c10::DispatchKeySet, at::Tensor const&, std::optional<c10::ScalarType>, std::optional<c10::Layout>, std::optional<c10::Device>, std::optional<bool>, bool, std::optional<c10::MemoryFormat>) [0x21c34d1] in libtorch_cpu.so
=========         Host Frame: torch::autograd::VariableType::(anonymous namespace)::_to_copy(c10::DispatchKeySet, at::Tensor const&, std::optional<c10::ScalarType>, std::optional<c10::Layout>, std::optional<c10::Device>, std::optional<bool>, bool, std::optional<c10::MemoryFormat>) [0x49975db] in libtorch_cpu.so
=========         Host Frame: c10::impl::wrap_kernel_functor_unboxed_<c10::impl::detail::WrapFunctionIntoFunctor_<c10::CompileTimeFunctionPointer<at::Tensor (c10::DispatchKeySet, at::Tensor const&, std::optional<c10::ScalarType>, std::optional<c10::Layout>, std::optional<c10::Device>, std::optional<bool>, bool, std::optional<c10::MemoryFormat>), &torch::autograd::VariableType::(anonymous namespace)::_to_copy>, at::Tensor, c10::guts::typelist::typelist<c10::DispatchKeySet, at::Tensor const&, std::optional<c10::ScalarType>, std::optional<c10::Layout>, std::optional<c10::Device>, std::optional<bool>, bool, std::optional<c10::MemoryFormat> > >, at::Tensor (c10::DispatchKeySet, at::Tensor const&, std::optional<c10::ScalarType>, std::optional<c10::Layout>, std::optional<c10::Device>, std::optional<bool>, bool, std::optional<c10::MemoryFormat>)>::call(c10::OperatorKernel*, c10::DispatchKeySet, at::Tensor const&, std::optional<c10::ScalarType>, std::optional<c10::Layout>, std::optional<c10::Device>, std::optional<bool>, bool, std::optional<c10::MemoryFormat>) [0x4997a3e] in libtorch_cpu.so
=========         Host Frame: at::_ops::_to_copy::call(at::Tensor const&, std::optional<c10::ScalarType>, std::optional<c10::Layout>, std::optional<c10::Device>, std::optional<bool>, bool, std::optional<c10::MemoryFormat>) [0x2264f7c] in libtorch_cpu.so
=========         Host Frame: at::native::to(at::Tensor const&, std::optional<c10::ScalarType>, std::optional<c10::Layout>, std::optional<c10::Device>, std::optional<bool>, bool, bool, std::optional<c10::MemoryFormat>) [0x1d104fd] in libtorch_cpu.so
=========         Host Frame: c10::impl::wrap_kernel_functor_unboxed_<c10::impl::detail::WrapFunctionIntoFunctor_<c10::CompileTimeFunctionPointer<at::Tensor (at::Tensor const&, std::optional<c10::ScalarType>, std::optional<c10::Layout>, std::optional<c10::Device>, std::optional<bool>, bool, bool, std::optional<c10::MemoryFormat>), &at::(anonymous namespace)::(anonymous namespace)::wrapper_CompositeImplicitAutograd_dtype_layout_to>, at::Tensor, c10::guts::typelist::typelist<at::Tensor const&, std::optional<c10::ScalarType>, std::optional<c10::Layout>, std::optional<c10::Device>, std::optional<bool>, bool, bool, std::optional<c10::MemoryFormat> > >, at::Tensor (at::Tensor const&, std::optional<c10::ScalarType>, std::optional<c10::Layout>, std::optional<c10::Device>, std::optional<bool>, bool, bool, std::optional<c10::MemoryFormat>)>::call(c10::OperatorKernel*, c10::DispatchKeySet, at::Tensor const&, std::optional<c10::ScalarType>, std::optional<c10::Layout>, std::optional<c10::Device>, std::optional<bool>, bool, bool, std::optional<c10::MemoryFormat>) [0x2be4c41] in libtorch_cpu.so
=========         Host Frame: at::_ops::to_dtype_layout::call(at::Tensor const&, std::optional<c10::ScalarType>, std::optional<c10::Layout>, std::optional<c10::Device>, std::optional<bool>, bool, bool, std::optional<c10::MemoryFormat>) [0x23fbe16] in libtorch_cpu.so
=========         Host Frame: at::Tensor::to(c10::TensorOptions, bool, bool, std::optional<c10::MemoryFormat>) const [0x4354c8] in libtorch_python.so
=========         Host Frame: torch::autograd::dispatch_to(at::Tensor const&, c10::Device, bool, bool, std::optional<c10::MemoryFormat>) [0x3d7920] in libtorch_python.so
=========         Host Frame: torch::autograd::THPVariable_cpu(_object*, _object*, _object*) [0x3d7b1d] in libtorch_python.so
=========         Host Frame:  [0x151347] in python
=========         Host Frame: PyObject_Vectorcall [0x149934] in python
=========         Host Frame: _PyEval_EvalFrameDefault [0x1d6f08] in python
=========         Host Frame: PyEval_EvalCode [0x1d544a] in python
=========         Host Frame:  [0x2085a1] in python
=========         Host Frame:  [0x2b5032] in python
=========         Host Frame: _PyRun_SimpleFileObject [0x2b4d99] in python
=========         Host Frame: _PyRun_AnyFileObject [0x2b4bce] in python
=========         Host Frame: Py_RunMain [0x2bcc34] in python
=========         Host Frame: Py_BytesMain [0x2bc71c] in python
=========         Host Frame:  [0x2a1c9] in libc.so.6
=========         Host Frame: __libc_start_main [0x2a28a] in libc.so.6
=========         Host Frame: _start [0x257bc4] in python
=========         Host Frame: validate in compare_baselines.py:117
=========         Host Frame: main in study.py:94
========= 
========= Host API memory access error at host access to 0xb11c8c000 of size 264192 bytes
=========     Uninitialized access at 0xb11c8cae0 on access by cudaMemcpy source
=========     Saved host backtrace up to driver entry point at error
=========         Host Frame:  [0x481c0] in libcudart.so.12
=========         Host Frame:  [0x17057] in libcudart.so.12
=========         Host Frame: cudaMemcpyAsync [0x768a0] in libcudart.so.12
=========         Host Frame: at::native::copy_kernel_cuda(at::TensorIterator&, bool) [0x16a984b] in libtorch_cuda.so
=========         Host Frame: at::native::copy_impl(at::Tensor&, at::Tensor const&, bool) [clone .isra.0] [0x1a2f8a2] in libtorch_cpu.so
=========         Host Frame: at::native::copy_(at::Tensor&, at::Tensor const&, bool) [0x1a31186] in libtorch_cpu.so
=========         Host Frame: at::_ops::copy_::call(at::Tensor&, at::Tensor const&, bool) [0x26e73d6] in libtorch_cpu.so
=========         Host Frame: at::native::_to_copy(at::Tensor const&, std::optional<c10::ScalarType>, std::optional<c10::Layout>, std::optional<c10::Device>, std::optional<bool>, bool, std::optional<c10::MemoryFormat>) [0x1d12ab2] in libtorch_cpu.so
=========         Host Frame: c10::impl::wrap_kernel_functor_unboxed_<c10::impl::detail::WrapFunctionIntoFunctor_<c10::CompileTimeFunctionPointer<at::Tensor (at::Tensor const&, std::optional<c10::ScalarType>, std::optional<c10::Layout>, std::optional<c10::Device>, std::optional<bool>, bool, std::optional<c10::MemoryFormat>), &at::(anonymous namespace)::(anonymous namespace)::wrapper_CompositeExplicitAutograd___to_copy>, at::Tensor, c10::guts::typelist::typelist<at::Tensor const&, std::optional<c10::ScalarType>, std::optional<c10::Layout>, std::optional<c10::Device>, std::optional<bool>, bool, std::optional<c10::MemoryFormat> > >, at::Tensor (at::Tensor const&, std::optional<c10::ScalarType>, std::optional<c10::Layout>, std::optional<c10::Device>, std::optional<bool>, bool, std::optional<c10::MemoryFormat>)>::call(c10::OperatorKernel*, c10::DispatchKeySet, at::Tensor const&, std::optional<c10::ScalarType>, std::optional<c10::Layout>, std::optional<c10::Device>, std::optional<bool>, bool, std::optional<c10::MemoryFormat>) [0x2aed68b] in libtorch_cpu.so
=========         Host Frame: at::_ops::_to_copy::redispatch(c10::DispatchKeySet, at::Tensor const&, std::optional<c10::ScalarType>, std::optional<c10::Layout>, std::optional<c10::Device>, std::optional<bool>, bool, std::optional<c10::MemoryFormat>) [0x21c34d1] in libtorch_cpu.so
=========         Host Frame: c10::impl::wrap_kernel_functor_unboxed_<c10::impl::detail::WrapFunctionIntoFunctor_<c10::CompileTimeFunctionPointer<at::Tensor (at::Tensor const&, std::optional<c10::ScalarType>, std::optional<c10::Layout>, std::optional<c10::Device>, std::optional<bool>, bool, std::optional<c10::MemoryFormat>), &at::(anonymous namespace)::_to_copy>, at::Tensor, c10::guts::typelist::typelist<at::Tensor const&, std::optional<c10::ScalarType>, std::optional<c10::Layout>, std::optional<c10::Device>, std::optional<bool>, bool, std::optional<c10::MemoryFormat> > >, at::Tensor (at::Tensor const&, std::optional<c10::ScalarType>, std::optional<c10::Layout>, std::optional<c10::Device>, std::optional<bool>, bool, std::optional<c10::MemoryFormat>)>::call(c10::OperatorKernel*, c10::DispatchKeySet, at::Tensor const&, std::optional<c10::ScalarType>, std::optional<c10::Layout>, std::optional<c10::Device>, std::optional<bool>, bool, std::optional<c10::MemoryFormat>) [0x28ba68a] in libtorch_cpu.so
=========         Host Frame: at::_ops::_to_copy::redispatch(c10::DispatchKeySet, at::Tensor const&, std::optional<c10::ScalarType>, std::optional<c10::Layout>, std::optional<c10::Device>, std::optional<bool>, bool, std::optional<c10::MemoryFormat>) [0x21c34d1] in libtorch_cpu.so
=========         Host Frame: torch::autograd::VariableType::(anonymous namespace)::_to_copy(c10::DispatchKeySet, at::Tensor const&, std::optional<c10::ScalarType>, std::optional<c10::Layout>, std::optional<c10::Device>, std::optional<bool>, bool, std::optional<c10::MemoryFormat>) [0x49975db] in libtorch_cpu.so
=========         Host Frame: c10::impl::wrap_kernel_functor_unboxed_<c10::impl::detail::WrapFunctionIntoFunctor_<c10::CompileTimeFunctionPointer<at::Tensor (c10::DispatchKeySet, at::Tensor const&, std::optional<c10::ScalarType>, std::optional<c10::Layout>, std::optional<c10::Device>, std::optional<bool>, bool, std::optional<c10::MemoryFormat>), &torch::autograd::VariableType::(anonymous namespace)::_to_copy>, at::Tensor, c10::guts::typelist::typelist<c10::DispatchKeySet, at::Tensor const&, std::optional<c10::ScalarType>, std::optional<c10::Layout>, std::optional<c10::Device>, std::optional<bool>, bool, std::optional<c10::MemoryFormat> > >, at::Tensor (c10::DispatchKeySet, at::Tensor const&, std::optional<c10::ScalarType>, std::optional<c10::Layout>, std::optional<c10::Device>, std::optional<bool>, bool, std::optional<c10::MemoryFormat>)>::call(c10::OperatorKernel*, c10::DispatchKeySet, at::Tensor const&, std::optional<c10::ScalarType>, std::optional<c10::Layout>, std::optional<c10::Device>, std::optional<bool>, bool, std::optional<c10::MemoryFormat>) [0x4997a3e] in libtorch_cpu.so
=========         Host Frame: at::_ops::_to_copy::call(at::Tensor const&, std::optional<c10::ScalarType>, std::optional<c10::Layout>, std::optional<c10::Device>, std::optional<bool>, bool, std::optional<c10::MemoryFormat>) [0x2264f7c] in libtorch_cpu.so
=========         Host Frame: at::native::to(at::Tensor const&, std::optional<c10::ScalarType>, std::optional<c10::Layout>, std::optional<c10::Device>, std::optional<bool>, bool, bool, std::optional<c10::MemoryFormat>) [0x1d104fd] in libtorch_cpu.so
=========         Host Frame: c10::impl::wrap_kernel_functor_unboxed_<c10::impl::detail::WrapFunctionIntoFunctor_<c10::CompileTimeFunctionPointer<at::Tensor (at::Tensor const&, std::optional<c10::ScalarType>, std::optional<c10::Layout>, std::optional<c10::Device>, std::optional<bool>, bool, bool, std::optional<c10::MemoryFormat>), &at::(anonymous namespace)::(anonymous namespace)::wrapper_CompositeImplicitAutograd_dtype_layout_to>, at::Tensor, c10::guts::typelist::typelist<at::Tensor const&, std::optional<c10::ScalarType>, std::optional<c10::Layout>, std::optional<c10::Device>, std::optional<bool>, bool, bool, std::optional<c10::MemoryFormat> > >, at::Tensor (at::Tensor const&, std::optional<c10::ScalarType>, std::optional<c10::Layout>, std::optional<c10::Device>, std::optional<bool>, bool, bool, std::optional<c10::MemoryFormat>)>::call(c10::OperatorKernel*, c10::DispatchKeySet, at::Tensor const&, std::optional<c10::ScalarType>, std::optional<c10::Layout>, std::optional<c10::Device>, std::optional<bool>, bool, bool, std::optional<c10::MemoryFormat>) [0x2be4c41] in libtorch_cpu.so
=========         Host Frame: at::_ops::to_dtype_layout::call(at::Tensor const&, std::optional<c10::ScalarType>, std::optional<c10::Layout>, std::optional<c10::Device>, std::optional<bool>, bool, bool, std::optional<c10::MemoryFormat>) [0x23fbe16] in libtorch_cpu.so
=========         Host Frame: at::Tensor::to(c10::TensorOptions, bool, bool, std::optional<c10::MemoryFormat>) const [0x4354c8] in libtorch_python.so
=========         Host Frame: torch::autograd::dispatch_to(at::Tensor const&, c10::Device, bool, bool, std::optional<c10::MemoryFormat>) [0x3d7920] in libtorch_python.so
=========         Host Frame: torch::autograd::THPVariable_cpu(_object*, _object*, _object*) [0x3d7b1d] in libtorch_python.so
=========         Host Frame:  [0x151347] in python
=========         Host Frame: PyObject_Vectorcall [0x149934] in python
=========         Host Frame: _PyEval_EvalFrameDefault [0x1d6f08] in python
=========         Host Frame: PyEval_EvalCode [0x1d544a] in python
=========         Host Frame:  [0x2085a1] in python
=========         Host Frame:  [0x2b5032] in python
=========         Host Frame: _PyRun_SimpleFileObject [0x2b4d99] in python
=========         Host Frame: _PyRun_AnyFileObject [0x2b4bce] in python
=========         Host Frame: Py_RunMain [0x2bcc34] in python
=========         Host Frame: Py_BytesMain [0x2bc71c] in python
=========         Host Frame:  [0x2a1c9] in libc.so.6
=========         Host Frame: __libc_start_main [0x2a28a] in libc.so.6
=========         Host Frame: _start [0x257bc4] in python
=========         Host Frame: validate in compare_baselines.py:117
=========         Host Frame: main in study.py:94
========= 
========= Host API memory access error at host access to 0xb11c8c000 of size 264192 bytes
=========     Uninitialized access at 0xb11c8cb00 on access by cudaMemcpy source
=========     Saved host backtrace up to driver entry point at error
=========         Host Frame:  [0x481c0] in libcudart.so.12
=========         Host Frame:  [0x17057] in libcudart.so.12
=========         Host Frame: cudaMemcpyAsync [0x768a0] in libcudart.so.12
=========         Host Frame: at::native::copy_kernel_cuda(at::TensorIterator&, bool) [0x16a984b] in libtorch_cuda.so
=========         Host Frame: at::native::copy_impl(at::Tensor&, at::Tensor const&, bool) [clone .isra.0] [0x1a2f8a2] in libtorch_cpu.so
=========         Host Frame: at::native::copy_(at::Tensor&, at::Tensor const&, bool) [0x1a31186] in libtorch_cpu.so
=========         Host Frame: at::_ops::copy_::call(at::Tensor&, at::Tensor const&, bool) [0x26e73d6] in libtorch_cpu.so
=========         Host Frame: at::native::_to_copy(at::Tensor const&, std::optional<c10::ScalarType>, std::optional<c10::Layout>, std::optional<c10::Device>, std::optional<bool>, bool, std::optional<c10::MemoryFormat>) [0x1d12ab2] in libtorch_cpu.so
=========         Host Frame: c10::impl::wrap_kernel_functor_unboxed_<c10::impl::detail::WrapFunctionIntoFunctor_<c10::CompileTimeFunctionPointer<at::Tensor (at::Tensor const&, std::optional<c10::ScalarType>, std::optional<c10::Layout>, std::optional<c10::Device>, std::optional<bool>, bool, std::optional<c10::MemoryFormat>), &at::(anonymous namespace)::(anonymous namespace)::wrapper_CompositeExplicitAutograd___to_copy>, at::Tensor, c10::guts::typelist::typelist<at::Tensor const&, std::optional<c10::ScalarType>, std::optional<c10::Layout>, std::optional<c10::Device>, std::optional<bool>, bool, std::optional<c10::MemoryFormat> > >, at::Tensor (at::Tensor const&, std::optional<c10::ScalarType>, std::optional<c10::Layout>, std::optional<c10::Device>, std::optional<bool>, bool, std::optional<c10::MemoryFormat>)>::call(c10::OperatorKernel*, c10::DispatchKeySet, at::Tensor const&, std::optional<c10::ScalarType>, std::optional<c10::Layout>, std::optional<c10::Device>, std::optional<bool>, bool, std::optional<c10::MemoryFormat>) [0x2aed68b] in libtorch_cpu.so
=========         Host Frame: at::_ops::_to_copy::redispatch(c10::DispatchKeySet, at::Tensor const&, std::optional<c10::ScalarType>, std::optional<c10::Layout>, std::optional<c10::Device>, std::optional<bool>, bool, std::optional<c10::MemoryFormat>) [0x21c34d1] in libtorch_cpu.so
=========         Host Frame: c10::impl::wrap_kernel_functor_unboxed_<c10::impl::detail::WrapFunctionIntoFunctor_<c10::CompileTimeFunctionPointer<at::Tensor (at::Tensor const&, std::optional<c10::ScalarType>, std::optional<c10::Layout>, std::optional<c10::Device>, std::optional<bool>, bool, std::optional<c10::MemoryFormat>), &at::(anonymous namespace)::_to_copy>, at::Tensor, c10::guts::typelist::typelist<at::Tensor const&, std::optional<c10::ScalarType>, std::optional<c10::Layout>, std::optional<c10::Device>, std::optional<bool>, bool, std::optional<c10::MemoryFormat> > >, at::Tensor (at::Tensor const&, std::optional<c10::ScalarType>, std::optional<c10::Layout>, std::optional<c10::Device>, std::optional<bool>, bool, std::optional<c10::MemoryFormat>)>::call(c10::OperatorKernel*, c10::DispatchKeySet, at::Tensor const&, std::optional<c10::ScalarType>, std::optional<c10::Layout>, std::optional<c10::Device>, std::optional<bool>, bool, std::optional<c10::MemoryFormat>) [0x28ba68a] in libtorch_cpu.so
=========         Host Frame: at::_ops::_to_copy::redispatch(c10::DispatchKeySet, at::Tensor const&, std::optional<c10::ScalarType>, std::optional<c10::Layout>, std::optional<c10::Device>, std::optional<bool>, bool, std::optional<c10::MemoryFormat>) [0x21c34d1] in libtorch_cpu.so
=========         Host Frame: torch::autograd::VariableType::(anonymous namespace)::_to_copy(c10::DispatchKeySet, at::Tensor const&, std::optional<c10::ScalarType>, std::optional<c10::Layout>, std::optional<c10::Device>, std::optional<bool>, bool, std::optional<c10::MemoryFormat>) [0x49975db] in libtorch_cpu.so
=========         Host Frame: c10::impl::wrap_kernel_functor_unboxed_<c10::impl::detail::WrapFunctionIntoFunctor_<c10::CompileTimeFunctionPointer<at::Tensor (c10::DispatchKeySet, at::Tensor const&, std::optional<c10::ScalarType>, std::optional<c10::Layout>, std::optional<c10::Device>, std::optional<bool>, bool, std::optional<c10::MemoryFormat>), &torch::autograd::VariableType::(anonymous namespace)::_to_copy>, at::Tensor, c10::guts::typelist::typelist<c10::DispatchKeySet, at::Tensor const&, std::optional<c10::ScalarType>, std::optional<c10::Layout>, std::optional<c10::Device>, std::optional<bool>, bool, std::optional<c10::MemoryFormat> > >, at::Tensor (c10::DispatchKeySet, at::Tensor const&, std::optional<c10::ScalarType>, std::optional<c10::Layout>, std::optional<c10::Device>, std::optional<bool>, bool, std::optional<c10::MemoryFormat>)>::call(c10::OperatorKernel*, c10::DispatchKeySet, at::Tensor const&, std::optional<c10::ScalarType>, std::optional<c10::Layout>, std::optional<c10::Device>, std::optional<bool>, bool, std::optional<c10::MemoryFormat>) [0x4997a3e] in libtorch_cpu.so
=========         Host Frame: at::_ops::_to_copy::call(at::Tensor const&, std::optional<c10::ScalarType>, std::optional<c10::Layout>, std::optional<c10::Device>, std::optional<bool>, bool, std::optional<c10::MemoryFormat>) [0x2264f7c] in libtorch_cpu.so
=========         Host Frame: at::native::to(at::Tensor const&, std::optional<c10::ScalarType>, std::optional<c10::Layout>, std::optional<c10::Device>, std::optional<bool>, bool, bool, std::optional<c10::MemoryFormat>) [0x1d104fd] in libtorch_cpu.so
=========         Host Frame: c10::impl::wrap_kernel_functor_unboxed_<c10::impl::detail::WrapFunctionIntoFunctor_<c10::CompileTimeFunctionPointer<at::Tensor (at::Tensor const&, std::optional<c10::ScalarType>, std::optional<c10::Layout>, std::optional<c10::Device>, std::optional<bool>, bool, bool, std::optional<c10::MemoryFormat>), &at::(anonymous namespace)::(anonymous namespace)::wrapper_CompositeImplicitAutograd_dtype_layout_to>, at::Tensor, c10::guts::typelist::typelist<at::Tensor const&, std::optional<c10::ScalarType>, std::optional<c10::Layout>, std::optional<c10::Device>, std::optional<bool>, bool, bool, std::optional<c10::MemoryFormat> > >, at::Tensor (at::Tensor const&, std::optional<c10::ScalarType>, std::optional<c10::Layout>, std::optional<c10::Device>, std::optional<bool>, bool, bool, std::optional<c10::MemoryFormat>)>::call(c10::OperatorKernel*, c10::DispatchKeySet, at::Tensor const&, std::optional<c10::ScalarType>, std::optional<c10::Layout>, std::optional<c10::Device>, std::optional<bool>, bool, bool, std::optional<c10::MemoryFormat>) [0x2be4c41] in libtorch_cpu.so
=========         Host Frame: at::_ops::to_dtype_layout::call(at::Tensor const&, std::optional<c10::ScalarType>, std::optional<c10::Layout>, std::optional<c10::Device>, std::optional<bool>, bool, bool, std::optional<c10::MemoryFormat>) [0x23fbe16] in libtorch_cpu.so
=========         Host Frame: at::Tensor::to(c10::TensorOptions, bool, bool, std::optional<c10::MemoryFormat>) const [0x4354c8] in libtorch_python.so
=========         Host Frame: torch::autograd::dispatch_to(at::Tensor const&, c10::Device, bool, bool, std::optional<c10::MemoryFormat>) [0x3d7920] in libtorch_python.so
=========         Host Frame: torch::autograd::THPVariable_cpu(_object*, _object*, _object*) [0x3d7b1d] in libtorch_python.so
=========         Host Frame:  [0x151347] in python
=========         Host Frame: PyObject_Vectorcall [0x149934] in python
=========         Host Frame: _PyEval_EvalFrameDefault [0x1d6f08] in python
=========         Host Frame: PyEval_EvalCode [0x1d544a] in python
=========         Host Frame:  [0x2085a1] in python
=========         Host Frame:  [0x2b5032] in python
=========         Host Frame: _PyRun_SimpleFileObject [0x2b4d99] in python
=========         Host Frame: _PyRun_AnyFileObject [0x2b4bce] in python
=========         Host Frame: Py_RunMain [0x2bcc34] in python
=========         Host Frame: Py_BytesMain [0x2bc71c] in python
=========         Host Frame:  [0x2a1c9] in libc.so.6
=========         Host Frame: __libc_start_main [0x2a28a] in libc.so.6
=========         Host Frame: _start [0x257bc4] in python
=========         Host Frame: validate in compare_baselines.py:117
=========         Host Frame: main in study.py:94
========= 
========= Host API memory access error at host access to 0xb11c8c000 of size 264192 bytes
=========     Uninitialized access at 0xb11c8cb20 on access by cudaMemcpy source
=========     Saved host backtrace up to driver entry point at error
=========         Host Frame:  [0x481c0] in libcudart.so.12
=========         Host Frame:  [0x17057] in libcudart.so.12
=========         Host Frame: cudaMemcpyAsync [0x768a0] in libcudart.so.12
=========         Host Frame: at::native::copy_kernel_cuda(at::TensorIterator&, bool) [0x16a984b] in libtorch_cuda.so
=========         Host Frame: at::native::copy_impl(at::Tensor&, at::Tensor const&, bool) [clone .isra.0] [0x1a2f8a2] in libtorch_cpu.so
=========         Host Frame: at::native::copy_(at::Tensor&, at::Tensor const&, bool) [0x1a31186] in libtorch_cpu.so
=========         Host Frame: at::_ops::copy_::call(at::Tensor&, at::Tensor const&, bool) [0x26e73d6] in libtorch_cpu.so
=========         Host Frame: at::native::_to_copy(at::Tensor const&, std::optional<c10::ScalarType>, std::optional<c10::Layout>, std::optional<c10::Device>, std::optional<bool>, bool, std::optional<c10::MemoryFormat>) [0x1d12ab2] in libtorch_cpu.so
=========         Host Frame: c10::impl::wrap_kernel_functor_unboxed_<c10::impl::detail::WrapFunctionIntoFunctor_<c10::CompileTimeFunctionPointer<at::Tensor (at::Tensor const&, std::optional<c10::ScalarType>, std::optional<c10::Layout>, std::optional<c10::Device>, std::optional<bool>, bool, std::optional<c10::MemoryFormat>), &at::(anonymous namespace)::(anonymous namespace)::wrapper_CompositeExplicitAutograd___to_copy>, at::Tensor, c10::guts::typelist::typelist<at::Tensor const&, std::optional<c10::ScalarType>, std::optional<c10::Layout>, std::optional<c10::Device>, std::optional<bool>, bool, std::optional<c10::MemoryFormat> > >, at::Tensor (at::Tensor const&, std::optional<c10::ScalarType>, std::optional<c10::Layout>, std::optional<c10::Device>, std::optional<bool>, bool, std::optional<c10::MemoryFormat>)>::call(c10::OperatorKernel*, c10::DispatchKeySet, at::Tensor const&, std::optional<c10::ScalarType>, std::optional<c10::Layout>, std::optional<c10::Device>, std::optional<bool>, bool, std::optional<c10::MemoryFormat>) [0x2aed68b] in libtorch_cpu.so
=========         Host Frame: at::_ops::_to_copy::redispatch(c10::DispatchKeySet, at::Tensor const&, std::optional<c10::ScalarType>, std::optional<c10::Layout>, std::optional<c10::Device>, std::optional<bool>, bool, std::optional<c10::MemoryFormat>) [0x21c34d1] in libtorch_cpu.so
=========         Host Frame: c10::impl::wrap_kernel_functor_unboxed_<c10::impl::detail::WrapFunctionIntoFunctor_<c10::CompileTimeFunctionPointer<at::Tensor (at::Tensor const&, std::optional<c10::ScalarType>, std::optional<c10::Layout>, std::optional<c10::Device>, std::optional<bool>, bool, std::optional<c10::MemoryFormat>), &at::(anonymous namespace)::_to_copy>, at::Tensor, c10::guts::typelist::typelist<at::Tensor const&, std::optional<c10::ScalarType>, std::optional<c10::Layout>, std::optional<c10::Device>, std::optional<bool>, bool, std::optional<c10::MemoryFormat> > >, at::Tensor (at::Tensor const&, std::optional<c10::ScalarType>, std::optional<c10::Layout>, std::optional<c10::Device>, std::optional<bool>, bool, std::optional<c10::MemoryFormat>)>::call(c10::OperatorKernel*, c10::DispatchKeySet, at::Tensor const&, std::optional<c10::ScalarType>, std::optional<c10::Layout>, std::optional<c10::Device>, std::optional<bool>, bool, std::optional<c10::MemoryFormat>) [0x28ba68a] in libtorch_cpu.so
=========         Host Frame: at::_ops::_to_copy::redispatch(c10::DispatchKeySet, at::Tensor const&, std::optional<c10::ScalarType>, std::optional<c10::Layout>, std::optional<c10::Device>, std::optional<bool>, bool, std::optional<c10::MemoryFormat>) [0x21c34d1] in libtorch_cpu.so
=========         Host Frame: torch::autograd::VariableType::(anonymous namespace)::_to_copy(c10::DispatchKeySet, at::Tensor const&, std::optional<c10::ScalarType>, std::optional<c10::Layout>, std::optional<c10::Device>, std::optional<bool>, bool, std::optional<c10::MemoryFormat>) [0x49975db] in libtorch_cpu.so
=========         Host Frame: c10::impl::wrap_kernel_functor_unboxed_<c10::impl::detail::WrapFunctionIntoFunctor_<c10::CompileTimeFunctionPointer<at::Tensor (c10::DispatchKeySet, at::Tensor const&, std::optional<c10::ScalarType>, std::optional<c10::Layout>, std::optional<c10::Device>, std::optional<bool>, bool, std::optional<c10::MemoryFormat>), &torch::autograd::VariableType::(anonymous namespace)::_to_copy>, at::Tensor, c10::guts::typelist::typelist<c10::DispatchKeySet, at::Tensor const&, std::optional<c10::ScalarType>, std::optional<c10::Layout>, std::optional<c10::Device>, std::optional<bool>, bool, std::optional<c10::MemoryFormat> > >, at::Tensor (c10::DispatchKeySet, at::Tensor const&, std::optional<c10::ScalarType>, std::optional<c10::Layout>, std::optional<c10::Device>, std::optional<bool>, bool, std::optional<c10::MemoryFormat>)>::call(c10::OperatorKernel*, c10::DispatchKeySet, at::Tensor const&, std::optional<c10::ScalarType>, std::optional<c10::Layout>, std::optional<c10::Device>, std::optional<bool>, bool, std::optional<c10::MemoryFormat>) [0x4997a3e] in libtorch_cpu.so
=========         Host Frame: at::_ops::_to_copy::call(at::Tensor const&, std::optional<c10::ScalarType>, std::optional<c10::Layout>, std::optional<c10::Device>, std::optional<bool>, bool, std::optional<c10::MemoryFormat>) [0x2264f7c] in libtorch_cpu.so
=========         Host Frame: at::native::to(at::Tensor const&, std::optional<c10::ScalarType>, std::optional<c10::Layout>, std::optional<c10::Device>, std::optional<bool>, bool, bool, std::optional<c10::MemoryFormat>) [0x1d104fd] in libtorch_cpu.so
=========         Host Frame: c10::impl::wrap_kernel_functor_unboxed_<c10::impl::detail::WrapFunctionIntoFunctor_<c10::CompileTimeFunctionPointer<at::Tensor (at::Tensor const&, std::optional<c10::ScalarType>, std::optional<c10::Layout>, std::optional<c10::Device>, std::optional<bool>, bool, bool, std::optional<c10::MemoryFormat>), &at::(anonymous namespace)::(anonymous namespace)::wrapper_CompositeImplicitAutograd_dtype_layout_to>, at::Tensor, c10::guts::typelist::typelist<at::Tensor const&, std::optional<c10::ScalarType>, std::optional<c10::Layout>, std::optional<c10::Device>, std::optional<bool>, bool, bool, std::optional<c10::MemoryFormat> > >, at::Tensor (at::Tensor const&, std::optional<c10::ScalarType>, std::optional<c10::Layout>, std::optional<c10::Device>, std::optional<bool>, bool, bool, std::optional<c10::MemoryFormat>)>::call(c10::OperatorKernel*, c10::DispatchKeySet, at::Tensor const&, std::optional<c10::ScalarType>, std::optional<c10::Layout>, std::optional<c10::Device>, std::optional<bool>, bool, bool, std::optional<c10::MemoryFormat>) [0x2be4c41] in libtorch_cpu.so
=========         Host Frame: at::_ops::to_dtype_layout::call(at::Tensor const&, std::optional<c10::ScalarType>, std::optional<c10::Layout>, std::optional<c10::Device>, std::optional<bool>, bool, bool, std::optional<c10::MemoryFormat>) [0x23fbe16] in libtorch_cpu.so
=========         Host Frame: at::Tensor::to(c10::TensorOptions, bool, bool, std::optional<c10::MemoryFormat>) const [0x4354c8] in libtorch_python.so
=========         Host Frame: torch::autograd::dispatch_to(at::Tensor const&, c10::Device, bool, bool, std::optional<c10::MemoryFormat>) [0x3d7920] in libtorch_python.so
=========         Host Frame: torch::autograd::THPVariable_cpu(_object*, _object*, _object*) [0x3d7b1d] in libtorch_python.so
=========         Host Frame:  [0x151347] in python
=========         Host Frame: PyObject_Vectorcall [0x149934] in python
=========         Host Frame: _PyEval_EvalFrameDefault [0x1d6f08] in python
=========         Host Frame: PyEval_EvalCode [0x1d544a] in python
=========         Host Frame:  [0x2085a1] in python
=========         Host Frame:  [0x2b5032] in python
=========         Host Frame: _PyRun_SimpleFileObject [0x2b4d99] in python
=========         Host Frame: _PyRun_AnyFileObject [0x2b4bce] in python
=========         Host Frame: Py_RunMain [0x2bcc34] in python
=========         Host Frame: Py_BytesMain [0x2bc71c] in python
=========         Host Frame:  [0x2a1c9] in libc.so.6
=========         Host Frame: __libc_start_main [0x2a28a] in libc.so.6
=========         Host Frame: _start [0x257bc4] in python
=========         Host Frame: validate in compare_baselines.py:117
=========         Host Frame: main in study.py:94
========= 
========= Host API memory access error at host access to 0xb11c8c000 of size 264192 bytes
=========     Uninitialized access at 0xb11c8cb40 on access by cudaMemcpy source
=========     Saved host backtrace up to driver entry point at error
=========         Host Frame:  [0x481c0] in libcudart.so.12
=========         Host Frame:  [0x17057] in libcudart.so.12
=========         Host Frame: cudaMemcpyAsync [0x768a0] in libcudart.so.12
=========         Host Frame: at::native::copy_kernel_cuda(at::TensorIterator&, bool) [0x16a984b] in libtorch_cuda.so
=========         Host Frame: at::native::copy_impl(at::Tensor&, at::Tensor const&, bool) [clone .isra.0] [0x1a2f8a2] in libtorch_cpu.so
=========         Host Frame: at::native::copy_(at::Tensor&, at::Tensor const&, bool) [0x1a31186] in libtorch_cpu.so
=========         Host Frame: at::_ops::copy_::call(at::Tensor&, at::Tensor const&, bool) [0x26e73d6] in libtorch_cpu.so
=========         Host Frame: at::native::_to_copy(at::Tensor const&, std::optional<c10::ScalarType>, std::optional<c10::Layout>, std::optional<c10::Device>, std::optional<bool>, bool, std::optional<c10::MemoryFormat>) [0x1d12ab2] in libtorch_cpu.so
=========         Host Frame: c10::impl::wrap_kernel_functor_unboxed_<c10::impl::detail::WrapFunctionIntoFunctor_<c10::CompileTimeFunctionPointer<at::Tensor (at::Tensor const&, std::optional<c10::ScalarType>, std::optional<c10::Layout>, std::optional<c10::Device>, std::optional<bool>, bool, std::optional<c10::MemoryFormat>), &at::(anonymous namespace)::(anonymous namespace)::wrapper_CompositeExplicitAutograd___to_copy>, at::Tensor, c10::guts::typelist::typelist<at::Tensor const&, std::optional<c10::ScalarType>, std::optional<c10::Layout>, std::optional<c10::Device>, std::optional<bool>, bool, std::optional<c10::MemoryFormat> > >, at::Tensor (at::Tensor const&, std::optional<c10::ScalarType>, std::optional<c10::Layout>, std::optional<c10::Device>, std::optional<bool>, bool, std::optional<c10::MemoryFormat>)>::call(c10::OperatorKernel*, c10::DispatchKeySet, at::Tensor const&, std::optional<c10::ScalarType>, std::optional<c10::Layout>, std::optional<c10::Device>, std::optional<bool>, bool, std::optional<c10::MemoryFormat>) [0x2aed68b] in libtorch_cpu.so
=========         Host Frame: at::_ops::_to_copy::redispatch(c10::DispatchKeySet, at::Tensor const&, std::optional<c10::ScalarType>, std::optional<c10::Layout>, std::optional<c10::Device>, std::optional<bool>, bool, std::optional<c10::MemoryFormat>) [0x21c34d1] in libtorch_cpu.so
=========         Host Frame: c10::impl::wrap_kernel_functor_unboxed_<c10::impl::detail::WrapFunctionIntoFunctor_<c10::CompileTimeFunctionPointer<at::Tensor (at::Tensor const&, std::optional<c10::ScalarType>, std::optional<c10::Layout>, std::optional<c10::Device>, std::optional<bool>, bool, std::optional<c10::MemoryFormat>), &at::(anonymous namespace)::_to_copy>, at::Tensor, c10::guts::typelist::typelist<at::Tensor const&, std::optional<c10::ScalarType>, std::optional<c10::Layout>, std::optional<c10::Device>, std::optional<bool>, bool, std::optional<c10::MemoryFormat> > >, at::Tensor (at::Tensor const&, std::optional<c10::ScalarType>, std::optional<c10::Layout>, std::optional<c10::Device>, std::optional<bool>, bool, std::optional<c10::MemoryFormat>)>::call(c10::OperatorKernel*, c10::DispatchKeySet, at::Tensor const&, std::optional<c10::ScalarType>, std::optional<c10::Layout>, std::optional<c10::Device>, std::optional<bool>, bool, std::optional<c10::MemoryFormat>) [0x28ba68a] in libtorch_cpu.so
=========         Host Frame: at::_ops::_to_copy::redispatch(c10::DispatchKeySet, at::Tensor const&, std::optional<c10::ScalarType>, std::optional<c10::Layout>, std::optional<c10::Device>, std::optional<bool>, bool, std::optional<c10::MemoryFormat>) [0x21c34d1] in libtorch_cpu.so
=========         Host Frame: torch::autograd::VariableType::(anonymous namespace)::_to_copy(c10::DispatchKeySet, at::Tensor const&, std::optional<c10::ScalarType>, std::optional<c10::Layout>, std::optional<c10::Device>, std::optional<bool>, bool, std::optional<c10::MemoryFormat>) [0x49975db] in libtorch_cpu.so
=========         Host Frame: c10::impl::wrap_kernel_functor_unboxed_<c10::impl::detail::WrapFunctionIntoFunctor_<c10::CompileTimeFunctionPointer<at::Tensor (c10::DispatchKeySet, at::Tensor const&, std::optional<c10::ScalarType>, std::optional<c10::Layout>, std::optional<c10::Device>, std::optional<bool>, bool, std::optional<c10::MemoryFormat>), &torch::autograd::VariableType::(anonymous namespace)::_to_copy>, at::Tensor, c10::guts::typelist::typelist<c10::DispatchKeySet, at::Tensor const&, std::optional<c10::ScalarType>, std::optional<c10::Layout>, std::optional<c10::Device>, std::optional<bool>, bool, std::optional<c10::MemoryFormat> > >, at::Tensor (c10::DispatchKeySet, at::Tensor const&, std::optional<c10::ScalarType>, std::optional<c10::Layout>, std::optional<c10::Device>, std::optional<bool>, bool, std::optional<c10::MemoryFormat>)>::call(c10::OperatorKernel*, c10::DispatchKeySet, at::Tensor const&, std::optional<c10::ScalarType>, std::optional<c10::Layout>, std::optional<c10::Device>, std::optional<bool>, bool, std::optional<c10::MemoryFormat>) [0x4997a3e] in libtorch_cpu.so
=========         Host Frame: at::_ops::_to_copy::call(at::Tensor const&, std::optional<c10::ScalarType>, std::optional<c10::Layout>, std::optional<c10::Device>, std::optional<bool>, bool, std::optional<c10::MemoryFormat>) [0x2264f7c] in libtorch_cpu.so
=========         Host Frame: at::native::to(at::Tensor const&, std::optional<c10::ScalarType>, std::optional<c10::Layout>, std::optional<c10::Device>, std::optional<bool>, bool, bool, std::optional<c10::MemoryFormat>) [0x1d104fd] in libtorch_cpu.so
=========         Host Frame: c10::impl::wrap_kernel_functor_unboxed_<c10::impl::detail::WrapFunctionIntoFunctor_<c10::CompileTimeFunctionPointer<at::Tensor (at::Tensor const&, std::optional<c10::ScalarType>, std::optional<c10::Layout>, std::optional<c10::Device>, std::optional<bool>, bool, bool, std::optional<c10::MemoryFormat>), &at::(anonymous namespace)::(anonymous namespace)::wrapper_CompositeImplicitAutograd_dtype_layout_to>, at::Tensor, c10::guts::typelist::typelist<at::Tensor const&, std::optional<c10::ScalarType>, std::optional<c10::Layout>, std::optional<c10::Device>, std::optional<bool>, bool, bool, std::optional<c10::MemoryFormat> > >, at::Tensor (at::Tensor const&, std::optional<c10::ScalarType>, std::optional<c10::Layout>, std::optional<c10::Device>, std::optional<bool>, bool, bool, std::optional<c10::MemoryFormat>)>::call(c10::OperatorKernel*, c10::DispatchKeySet, at::Tensor const&, std::optional<c10::ScalarType>, std::optional<c10::Layout>, std::optional<c10::Device>, std::optional<bool>, bool, bool, std::optional<c10::MemoryFormat>) [0x2be4c41] in libtorch_cpu.so
=========         Host Frame: at::_ops::to_dtype_layout::call(at::Tensor const&, std::optional<c10::ScalarType>, std::optional<c10::Layout>, std::optional<c10::Device>, std::optional<bool>, bool, bool, std::optional<c10::MemoryFormat>) [0x23fbe16] in libtorch_cpu.so
=========         Host Frame: at::Tensor::to(c10::TensorOptions, bool, bool, std::optional<c10::MemoryFormat>) const [0x4354c8] in libtorch_python.so
=========         Host Frame: torch::autograd::dispatch_to(at::Tensor const&, c10::Device, bool, bool, std::optional<c10::MemoryFormat>) [0x3d7920] in libtorch_python.so
=========         Host Frame: torch::autograd::THPVariable_cpu(_object*, _object*, _object*) [0x3d7b1d] in libtorch_python.so
=========         Host Frame:  [0x151347] in python
=========         Host Frame: PyObject_Vectorcall [0x149934] in python
=========         Host Frame: _PyEval_EvalFrameDefault [0x1d6f08] in python
=========         Host Frame: PyEval_EvalCode [0x1d544a] in python
=========         Host Frame:  [0x2085a1] in python
=========         Host Frame:  [0x2b5032] in python
=========         Host Frame: _PyRun_SimpleFileObject [0x2b4d99] in python
=========         Host Frame: _PyRun_AnyFileObject [0x2b4bce] in python
=========         Host Frame: Py_RunMain [0x2bcc34] in python
=========         Host Frame: Py_BytesMain [0x2bc71c] in python
=========         Host Frame:  [0x2a1c9] in libc.so.6
=========         Host Frame: __libc_start_main [0x2a28a] in libc.so.6
=========         Host Frame: _start [0x257bc4] in python
=========         Host Frame: validate in compare_baselines.py:117
=========         Host Frame: main in study.py:94
========= 
========= Host API memory access error at host access to 0xb11c8c000 of size 264192 bytes
=========     Uninitialized access at 0xb11c8cb60 on access by cudaMemcpy source
=========     Saved host backtrace up to driver entry point at error
=========         Host Frame:  [0x481c0] in libcudart.so.12
=========         Host Frame:  [0x17057] in libcudart.so.12
=========         Host Frame: cudaMemcpyAsync [0x768a0] in libcudart.so.12
=========         Host Frame: at::native::copy_kernel_cuda(at::TensorIterator&, bool) [0x16a984b] in libtorch_cuda.so
=========         Host Frame: at::native::copy_impl(at::Tensor&, at::Tensor const&, bool) [clone .isra.0] [0x1a2f8a2] in libtorch_cpu.so
=========         Host Frame: at::native::copy_(at::Tensor&, at::Tensor const&, bool) [0x1a31186] in libtorch_cpu.so
=========         Host Frame: at::_ops::copy_::call(at::Tensor&, at::Tensor const&, bool) [0x26e73d6] in libtorch_cpu.so
=========         Host Frame: at::native::_to_copy(at::Tensor const&, std::optional<c10::ScalarType>, std::optional<c10::Layout>, std::optional<c10::Device>, std::optional<bool>, bool, std::optional<c10::MemoryFormat>) [0x1d12ab2] in libtorch_cpu.so
=========         Host Frame: c10::impl::wrap_kernel_functor_unboxed_<c10::impl::detail::WrapFunctionIntoFunctor_<c10::CompileTimeFunctionPointer<at::Tensor (at::Tensor const&, std::optional<c10::ScalarType>, std::optional<c10::Layout>, std::optional<c10::Device>, std::optional<bool>, bool, std::optional<c10::MemoryFormat>), &at::(anonymous namespace)::(anonymous namespace)::wrapper_CompositeExplicitAutograd___to_copy>, at::Tensor, c10::guts::typelist::typelist<at::Tensor const&, std::optional<c10::ScalarType>, std::optional<c10::Layout>, std::optional<c10::Device>, std::optional<bool>, bool, std::optional<c10::MemoryFormat> > >, at::Tensor (at::Tensor const&, std::optional<c10::ScalarType>, std::optional<c10::Layout>, std::optional<c10::Device>, std::optional<bool>, bool, std::optional<c10::MemoryFormat>)>::call(c10::OperatorKernel*, c10::DispatchKeySet, at::Tensor const&, std::optional<c10::ScalarType>, std::optional<c10::Layout>, std::optional<c10::Device>, std::optional<bool>, bool, std::optional<c10::MemoryFormat>) [0x2aed68b] in libtorch_cpu.so
=========         Host Frame: at::_ops::_to_copy::redispatch(c10::DispatchKeySet, at::Tensor const&, std::optional<c10::ScalarType>, std::optional<c10::Layout>, std::optional<c10::Device>, std::optional<bool>, bool, std::optional<c10::MemoryFormat>) [0x21c34d1] in libtorch_cpu.so
=========         Host Frame: c10::impl::wrap_kernel_functor_unboxed_<c10::impl::detail::WrapFunctionIntoFunctor_<c10::CompileTimeFunctionPointer<at::Tensor (at::Tensor const&, std::optional<c10::ScalarType>, std::optional<c10::Layout>, std::optional<c10::Device>, std::optional<bool>, bool, std::optional<c10::MemoryFormat>), &at::(anonymous namespace)::_to_copy>, at::Tensor, c10::guts::typelist::typelist<at::Tensor const&, std::optional<c10::ScalarType>, std::optional<c10::Layout>, std::optional<c10::Device>, std::optional<bool>, bool, std::optional<c10::MemoryFormat> > >, at::Tensor (at::Tensor const&, std::optional<c10::ScalarType>, std::optional<c10::Layout>, std::optional<c10::Device>, std::optional<bool>, bool, std::optional<c10::MemoryFormat>)>::call(c10::OperatorKernel*, c10::DispatchKeySet, at::Tensor const&, std::optional<c10::ScalarType>, std::optional<c10::Layout>, std::optional<c10::Device>, std::optional<bool>, bool, std::optional<c10::MemoryFormat>) [0x28ba68a] in libtorch_cpu.so
=========         Host Frame: at::_ops::_to_copy::redispatch(c10::DispatchKeySet, at::Tensor const&, std::optional<c10::ScalarType>, std::optional<c10::Layout>, std::optional<c10::Device>, std::optional<bool>, bool, std::optional<c10::MemoryFormat>) [0x21c34d1] in libtorch_cpu.so
=========         Host Frame: torch::autograd::VariableType::(anonymous namespace)::_to_copy(c10::DispatchKeySet, at::Tensor const&, std::optional<c10::ScalarType>, std::optional<c10::Layout>, std::optional<c10::Device>, std::optional<bool>, bool, std::optional<c10::MemoryFormat>) [0x49975db] in libtorch_cpu.so
=========         Host Frame: c10::impl::wrap_kernel_functor_unboxed_<c10::impl::detail::WrapFunctionIntoFunctor_<c10::CompileTimeFunctionPointer<at::Tensor (c10::DispatchKeySet, at::Tensor const&, std::optional<c10::ScalarType>, std::optional<c10::Layout>, std::optional<c10::Device>, std::optional<bool>, bool, std::optional<c10::MemoryFormat>), &torch::autograd::VariableType::(anonymous namespace)::_to_copy>, at::Tensor, c10::guts::typelist::typelist<c10::DispatchKeySet, at::Tensor const&, std::optional<c10::ScalarType>, std::optional<c10::Layout>, std::optional<c10::Device>, std::optional<bool>, bool, std::optional<c10::MemoryFormat> > >, at::Tensor (c10::DispatchKeySet, at::Tensor const&, std::optional<c10::ScalarType>, std::optional<c10::Layout>, std::optional<c10::Device>, std::optional<bool>, bool, std::optional<c10::MemoryFormat>)>::call(c10::OperatorKernel*, c10::DispatchKeySet, at::Tensor const&, std::optional<c10::ScalarType>, std::optional<c10::Layout>, std::optional<c10::Device>, std::optional<bool>, bool, std::optional<c10::MemoryFormat>) [0x4997a3e] in libtorch_cpu.so
=========         Host Frame: at::_ops::_to_copy::call(at::Tensor const&, std::optional<c10::ScalarType>, std::optional<c10::Layout>, std::optional<c10::Device>, std::optional<bool>, bool, std::optional<c10::MemoryFormat>) [0x2264f7c] in libtorch_cpu.so
=========         Host Frame: at::native::to(at::Tensor const&, std::optional<c10::ScalarType>, std::optional<c10::Layout>, std::optional<c10::Device>, std::optional<bool>, bool, bool, std::optional<c10::MemoryFormat>) [0x1d104fd] in libtorch_cpu.so
=========         Host Frame: c10::impl::wrap_kernel_functor_unboxed_<c10::impl::detail::WrapFunctionIntoFunctor_<c10::CompileTimeFunctionPointer<at::Tensor (at::Tensor const&, std::optional<c10::ScalarType>, std::optional<c10::Layout>, std::optional<c10::Device>, std::optional<bool>, bool, bool, std::optional<c10::MemoryFormat>), &at::(anonymous namespace)::(anonymous namespace)::wrapper_CompositeImplicitAutograd_dtype_layout_to>, at::Tensor, c10::guts::typelist::typelist<at::Tensor const&, std::optional<c10::ScalarType>, std::optional<c10::Layout>, std::optional<c10::Device>, std::optional<bool>, bool, bool, std::optional<c10::MemoryFormat> > >, at::Tensor (at::Tensor const&, std::optional<c10::ScalarType>, std::optional<c10::Layout>, std::optional<c10::Device>, std::optional<bool>, bool, bool, std::optional<c10::MemoryFormat>)>::call(c10::OperatorKernel*, c10::DispatchKeySet, at::Tensor const&, std::optional<c10::ScalarType>, std::optional<c10::Layout>, std::optional<c10::Device>, std::optional<bool>, bool, bool, std::optional<c10::MemoryFormat>) [0x2be4c41] in libtorch_cpu.so
=========         Host Frame: at::_ops::to_dtype_layout::call(at::Tensor const&, std::optional<c10::ScalarType>, std::optional<c10::Layout>, std::optional<c10::Device>, std::optional<bool>, bool, bool, std::optional<c10::MemoryFormat>) [0x23fbe16] in libtorch_cpu.so
=========         Host Frame: at::Tensor::to(c10::TensorOptions, bool, bool, std::optional<c10::MemoryFormat>) const [0x4354c8] in libtorch_python.so
=========         Host Frame: torch::autograd::dispatch_to(at::Tensor const&, c10::Device, bool, bool, std::optional<c10::MemoryFormat>) [0x3d7920] in libtorch_python.so
=========         Host Frame: torch::autograd::THPVariable_cpu(_object*, _object*, _object*) [0x3d7b1d] in libtorch_python.so
=========         Host Frame:  [0x151347] in python
=========         Host Frame: PyObject_Vectorcall [0x149934] in python
=========         Host Frame: _PyEval_EvalFrameDefault [0x1d6f08] in python
=========         Host Frame: PyEval_EvalCode [0x1d544a] in python
=========         Host Frame:  [0x2085a1] in python
=========         Host Frame:  [0x2b5032] in python
=========         Host Frame: _PyRun_SimpleFileObject [0x2b4d99] in python
=========         Host Frame: _PyRun_AnyFileObject [0x2b4bce] in python
=========         Host Frame: Py_RunMain [0x2bcc34] in python
=========         Host Frame: Py_BytesMain [0x2bc71c] in python
=========         Host Frame:  [0x2a1c9] in libc.so.6
=========         Host Frame: __libc_start_main [0x2a28a] in libc.so.6
=========         Host Frame: _start [0x257bc4] in python
=========         Host Frame: validate in compare_baselines.py:117
=========         Host Frame: main in study.py:94
========= 
========= Host API memory access error at host access to 0xb11c8c000 of size 264192 bytes
=========     Uninitialized access at 0xb11c8cb80 on access by cudaMemcpy source
=========     Saved host backtrace up to driver entry point at error
=========         Host Frame:  [0x481c0] in libcudart.so.12
=========         Host Frame:  [0x17057] in libcudart.so.12
=========         Host Frame: cudaMemcpyAsync [0x768a0] in libcudart.so.12
=========         Host Frame: at::native::copy_kernel_cuda(at::TensorIterator&, bool) [0x16a984b] in libtorch_cuda.so
=========         Host Frame: at::native::copy_impl(at::Tensor&, at::Tensor const&, bool) [clone .isra.0] [0x1a2f8a2] in libtorch_cpu.so
=========         Host Frame: at::native::copy_(at::Tensor&, at::Tensor const&, bool) [0x1a31186] in libtorch_cpu.so
=========         Host Frame: at::_ops::copy_::call(at::Tensor&, at::Tensor const&, bool) [0x26e73d6] in libtorch_cpu.so
=========         Host Frame: at::native::_to_copy(at::Tensor const&, std::optional<c10::ScalarType>, std::optional<c10::Layout>, std::optional<c10::Device>, std::optional<bool>, bool, std::optional<c10::MemoryFormat>) [0x1d12ab2] in libtorch_cpu.so
=========         Host Frame: c10::impl::wrap_kernel_functor_unboxed_<c10::impl::detail::WrapFunctionIntoFunctor_<c10::CompileTimeFunctionPointer<at::Tensor (at::Tensor const&, std::optional<c10::ScalarType>, std::optional<c10::Layout>, std::optional<c10::Device>, std::optional<bool>, bool, std::optional<c10::MemoryFormat>), &at::(anonymous namespace)::(anonymous namespace)::wrapper_CompositeExplicitAutograd___to_copy>, at::Tensor, c10::guts::typelist::typelist<at::Tensor const&, std::optional<c10::ScalarType>, std::optional<c10::Layout>, std::optional<c10::Device>, std::optional<bool>, bool, std::optional<c10::MemoryFormat> > >, at::Tensor (at::Tensor const&, std::optional<c10::ScalarType>, std::optional<c10::Layout>, std::optional<c10::Device>, std::optional<bool>, bool, std::optional<c10::MemoryFormat>)>::call(c10::OperatorKernel*, c10::DispatchKeySet, at::Tensor const&, std::optional<c10::ScalarType>, std::optional<c10::Layout>, std::optional<c10::Device>, std::optional<bool>, bool, std::optional<c10::MemoryFormat>) [0x2aed68b] in libtorch_cpu.so
=========         Host Frame: at::_ops::_to_copy::redispatch(c10::DispatchKeySet, at::Tensor const&, std::optional<c10::ScalarType>, std::optional<c10::Layout>, std::optional<c10::Device>, std::optional<bool>, bool, std::optional<c10::MemoryFormat>) [0x21c34d1] in libtorch_cpu.so
=========         Host Frame: c10::impl::wrap_kernel_functor_unboxed_<c10::impl::detail::WrapFunctionIntoFunctor_<c10::CompileTimeFunctionPointer<at::Tensor (at::Tensor const&, std::optional<c10::ScalarType>, std::optional<c10::Layout>, std::optional<c10::Device>, std::optional<bool>, bool, std::optional<c10::MemoryFormat>), &at::(anonymous namespace)::_to_copy>, at::Tensor, c10::guts::typelist::typelist<at::Tensor const&, std::optional<c10::ScalarType>, std::optional<c10::Layout>, std::optional<c10::Device>, std::optional<bool>, bool, std::optional<c10::MemoryFormat> > >, at::Tensor (at::Tensor const&, std::optional<c10::ScalarType>, std::optional<c10::Layout>, std::optional<c10::Device>, std::optional<bool>, bool, std::optional<c10::MemoryFormat>)>::call(c10::OperatorKernel*, c10::DispatchKeySet, at::Tensor const&, std::optional<c10::ScalarType>, std::optional<c10::Layout>, std::optional<c10::Device>, std::optional<bool>, bool, std::optional<c10::MemoryFormat>) [0x28ba68a] in libtorch_cpu.so
=========         Host Frame: at::_ops::_to_copy::redispatch(c10::DispatchKeySet, at::Tensor const&, std::optional<c10::ScalarType>, std::optional<c10::Layout>, std::optional<c10::Device>, std::optional<bool>, bool, std::optional<c10::MemoryFormat>) [0x21c34d1] in libtorch_cpu.so
=========         Host Frame: torch::autograd::VariableType::(anonymous namespace)::_to_copy(c10::DispatchKeySet, at::Tensor const&, std::optional<c10::ScalarType>, std::optional<c10::Layout>, std::optional<c10::Device>, std::optional<bool>, bool, std::optional<c10::MemoryFormat>) [0x49975db] in libtorch_cpu.so
=========         Host Frame: c10::impl::wrap_kernel_functor_unboxed_<c10::impl::detail::WrapFunctionIntoFunctor_<c10::CompileTimeFunctionPointer<at::Tensor (c10::DispatchKeySet, at::Tensor const&, std::optional<c10::ScalarType>, std::optional<c10::Layout>, std::optional<c10::Device>, std::optional<bool>, bool, std::optional<c10::MemoryFormat>), &torch::autograd::VariableType::(anonymous namespace)::_to_copy>, at::Tensor, c10::guts::typelist::typelist<c10::DispatchKeySet, at::Tensor const&, std::optional<c10::ScalarType>, std::optional<c10::Layout>, std::optional<c10::Device>, std::optional<bool>, bool, std::optional<c10::MemoryFormat> > >, at::Tensor (c10::DispatchKeySet, at::Tensor const&, std::optional<c10::ScalarType>, std::optional<c10::Layout>, std::optional<c10::Device>, std::optional<bool>, bool, std::optional<c10::MemoryFormat>)>::call(c10::OperatorKernel*, c10::DispatchKeySet, at::Tensor const&, std::optional<c10::ScalarType>, std::optional<c10::Layout>, std::optional<c10::Device>, std::optional<bool>, bool, std::optional<c10::MemoryFormat>) [0x4997a3e] in libtorch_cpu.so
=========         Host Frame: at::_ops::_to_copy::call(at::Tensor const&, std::optional<c10::ScalarType>, std::optional<c10::Layout>, std::optional<c10::Device>, std::optional<bool>, bool, std::optional<c10::MemoryFormat>) [0x2264f7c] in libtorch_cpu.so
=========         Host Frame: at::native::to(at::Tensor const&, std::optional<c10::ScalarType>, std::optional<c10::Layout>, std::optional<c10::Device>, std::optional<bool>, bool, bool, std::optional<c10::MemoryFormat>) [0x1d104fd] in libtorch_cpu.so
=========         Host Frame: c10::impl::wrap_kernel_functor_unboxed_<c10::impl::detail::WrapFunctionIntoFunctor_<c10::CompileTimeFunctionPointer<at::Tensor (at::Tensor const&, std::optional<c10::ScalarType>, std::optional<c10::Layout>, std::optional<c10::Device>, std::optional<bool>, bool, bool, std::optional<c10::MemoryFormat>), &at::(anonymous namespace)::(anonymous namespace)::wrapper_CompositeImplicitAutograd_dtype_layout_to>, at::Tensor, c10::guts::typelist::typelist<at::Tensor const&, std::optional<c10::ScalarType>, std::optional<c10::Layout>, std::optional<c10::Device>, std::optional<bool>, bool, bool, std::optional<c10::MemoryFormat> > >, at::Tensor (at::Tensor const&, std::optional<c10::ScalarType>, std::optional<c10::Layout>, std::optional<c10::Device>, std::optional<bool>, bool, bool, std::optional<c10::MemoryFormat>)>::call(c10::OperatorKernel*, c10::DispatchKeySet, at::Tensor const&, std::optional<c10::ScalarType>, std::optional<c10::Layout>, std::optional<c10::Device>, std::optional<bool>, bool, bool, std::optional<c10::MemoryFormat>) [0x2be4c41] in libtorch_cpu.so
=========         Host Frame: at::_ops::to_dtype_layout::call(at::Tensor const&, std::optional<c10::ScalarType>, std::optional<c10::Layout>, std::optional<c10::Device>, std::optional<bool>, bool, bool, std::optional<c10::MemoryFormat>) [0x23fbe16] in libtorch_cpu.so
=========         Host Frame: at::Tensor::to(c10::TensorOptions, bool, bool, std::optional<c10::MemoryFormat>) const [0x4354c8] in libtorch_python.so
=========         Host Frame: torch::autograd::dispatch_to(at::Tensor const&, c10::Device, bool, bool, std::optional<c10::MemoryFormat>) [0x3d7920] in libtorch_python.so
=========         Host Frame: torch::autograd::THPVariable_cpu(_object*, _object*, _object*) [0x3d7b1d] in libtorch_python.so
=========         Host Frame:  [0x151347] in python
=========         Host Frame: PyObject_Vectorcall [0x149934] in python
=========         Host Frame: _PyEval_EvalFrameDefault [0x1d6f08] in python
=========         Host Frame: PyEval_EvalCode [0x1d544a] in python
=========         Host Frame:  [0x2085a1] in python
=========         Host Frame:  [0x2b5032] in python
=========         Host Frame: _PyRun_SimpleFileObject [0x2b4d99] in python
=========         Host Frame: _PyRun_AnyFileObject [0x2b4bce] in python
=========         Host Frame: Py_RunMain [0x2bcc34] in python
=========         Host Frame: Py_BytesMain [0x2bc71c] in python
=========         Host Frame:  [0x2a1c9] in libc.so.6
=========         Host Frame: __libc_start_main [0x2a28a] in libc.so.6
=========         Host Frame: _start [0x257bc4] in python
=========         Host Frame: validate in compare_baselines.py:117
=========         Host Frame: main in study.py:94
========= 
========= Host API memory access error at host access to 0xb11c8c000 of size 264192 bytes
=========     Uninitialized access at 0xb11c8cba0 on access by cudaMemcpy source
=========     Saved host backtrace up to driver entry point at error
=========         Host Frame:  [0x481c0] in libcudart.so.12
=========         Host Frame:  [0x17057] in libcudart.so.12
=========         Host Frame: cudaMemcpyAsync [0x768a0] in libcudart.so.12
=========         Host Frame: at::native::copy_kernel_cuda(at::TensorIterator&, bool) [0x16a984b] in libtorch_cuda.so
=========         Host Frame: at::native::copy_impl(at::Tensor&, at::Tensor const&, bool) [clone .isra.0] [0x1a2f8a2] in libtorch_cpu.so
=========         Host Frame: at::native::copy_(at::Tensor&, at::Tensor const&, bool) [0x1a31186] in libtorch_cpu.so
=========         Host Frame: at::_ops::copy_::call(at::Tensor&, at::Tensor const&, bool) [0x26e73d6] in libtorch_cpu.so
=========         Host Frame: at::native::_to_copy(at::Tensor const&, std::optional<c10::ScalarType>, std::optional<c10::Layout>, std::optional<c10::Device>, std::optional<bool>, bool, std::optional<c10::MemoryFormat>) [0x1d12ab2] in libtorch_cpu.so
=========         Host Frame: c10::impl::wrap_kernel_functor_unboxed_<c10::impl::detail::WrapFunctionIntoFunctor_<c10::CompileTimeFunctionPointer<at::Tensor (at::Tensor const&, std::optional<c10::ScalarType>, std::optional<c10::Layout>, std::optional<c10::Device>, std::optional<bool>, bool, std::optional<c10::MemoryFormat>), &at::(anonymous namespace)::(anonymous namespace)::wrapper_CompositeExplicitAutograd___to_copy>, at::Tensor, c10::guts::typelist::typelist<at::Tensor const&, std::optional<c10::ScalarType>, std::optional<c10::Layout>, std::optional<c10::Device>, std::optional<bool>, bool, std::optional<c10::MemoryFormat> > >, at::Tensor (at::Tensor const&, std::optional<c10::ScalarType>, std::optional<c10::Layout>, std::optional<c10::Device>, std::optional<bool>, bool, std::optional<c10::MemoryFormat>)>::call(c10::OperatorKernel*, c10::DispatchKeySet, at::Tensor const&, std::optional<c10::ScalarType>, std::optional<c10::Layout>, std::optional<c10::Device>, std::optional<bool>, bool, std::optional<c10::MemoryFormat>) [0x2aed68b] in libtorch_cpu.so
=========         Host Frame: at::_ops::_to_copy::redispatch(c10::DispatchKeySet, at::Tensor const&, std::optional<c10::ScalarType>, std::optional<c10::Layout>, std::optional<c10::Device>, std::optional<bool>, bool, std::optional<c10::MemoryFormat>) [0x21c34d1] in libtorch_cpu.so
=========         Host Frame: c10::impl::wrap_kernel_functor_unboxed_<c10::impl::detail::WrapFunctionIntoFunctor_<c10::CompileTimeFunctionPointer<at::Tensor (at::Tensor const&, std::optional<c10::ScalarType>, std::optional<c10::Layout>, std::optional<c10::Device>, std::optional<bool>, bool, std::optional<c10::MemoryFormat>), &at::(anonymous namespace)::_to_copy>, at::Tensor, c10::guts::typelist::typelist<at::Tensor const&, std::optional<c10::ScalarType>, std::optional<c10::Layout>, std::optional<c10::Device>, std::optional<bool>, bool, std::optional<c10::MemoryFormat> > >, at::Tensor (at::Tensor const&, std::optional<c10::ScalarType>, std::optional<c10::Layout>, std::optional<c10::Device>, std::optional<bool>, bool, std::optional<c10::MemoryFormat>)>::call(c10::OperatorKernel*, c10::DispatchKeySet, at::Tensor const&, std::optional<c10::ScalarType>, std::optional<c10::Layout>, std::optional<c10::Device>, std::optional<bool>, bool, std::optional<c10::MemoryFormat>) [0x28ba68a] in libtorch_cpu.so
=========         Host Frame: at::_ops::_to_copy::redispatch(c10::DispatchKeySet, at::Tensor const&, std::optional<c10::ScalarType>, std::optional<c10::Layout>, std::optional<c10::Device>, std::optional<bool>, bool, std::optional<c10::MemoryFormat>) [0x21c34d1] in libtorch_cpu.so
=========         Host Frame: torch::autograd::VariableType::(anonymous namespace)::_to_copy(c10::DispatchKeySet, at::Tensor const&, std::optional<c10::ScalarType>, std::optional<c10::Layout>, std::optional<c10::Device>, std::optional<bool>, bool, std::optional<c10::MemoryFormat>) [0x49975db] in libtorch_cpu.so
=========         Host Frame: c10::impl::wrap_kernel_functor_unboxed_<c10::impl::detail::WrapFunctionIntoFunctor_<c10::CompileTimeFunctionPointer<at::Tensor (c10::DispatchKeySet, at::Tensor const&, std::optional<c10::ScalarType>, std::optional<c10::Layout>, std::optional<c10::Device>, std::optional<bool>, bool, std::optional<c10::MemoryFormat>), &torch::autograd::VariableType::(anonymous namespace)::_to_copy>, at::Tensor, c10::guts::typelist::typelist<c10::DispatchKeySet, at::Tensor const&, std::optional<c10::ScalarType>, std::optional<c10::Layout>, std::optional<c10::Device>, std::optional<bool>, bool, std::optional<c10::MemoryFormat> > >, at::Tensor (c10::DispatchKeySet, at::Tensor const&, std::optional<c10::ScalarType>, std::optional<c10::Layout>, std::optional<c10::Device>, std::optional<bool>, bool, std::optional<c10::MemoryFormat>)>::call(c10::OperatorKernel*, c10::DispatchKeySet, at::Tensor const&, std::optional<c10::ScalarType>, std::optional<c10::Layout>, std::optional<c10::Device>, std::optional<bool>, bool, std::optional<c10::MemoryFormat>) [0x4997a3e] in libtorch_cpu.so
=========         Host Frame: at::_ops::_to_copy::call(at::Tensor const&, std::optional<c10::ScalarType>, std::optional<c10::Layout>, std::optional<c10::Device>, std::optional<bool>, bool, std::optional<c10::MemoryFormat>) [0x2264f7c] in libtorch_cpu.so
=========         Host Frame: at::native::to(at::Tensor const&, std::optional<c10::ScalarType>, std::optional<c10::Layout>, std::optional<c10::Device>, std::optional<bool>, bool, bool, std::optional<c10::MemoryFormat>) [0x1d104fd] in libtorch_cpu.so
=========         Host Frame: c10::impl::wrap_kernel_functor_unboxed_<c10::impl::detail::WrapFunctionIntoFunctor_<c10::CompileTimeFunctionPointer<at::Tensor (at::Tensor const&, std::optional<c10::ScalarType>, std::optional<c10::Layout>, std::optional<c10::Device>, std::optional<bool>, bool, bool, std::optional<c10::MemoryFormat>), &at::(anonymous namespace)::(anonymous namespace)::wrapper_CompositeImplicitAutograd_dtype_layout_to>, at::Tensor, c10::guts::typelist::typelist<at::Tensor const&, std::optional<c10::ScalarType>, std::optional<c10::Layout>, std::optional<c10::Device>, std::optional<bool>, bool, bool, std::optional<c10::MemoryFormat> > >, at::Tensor (at::Tensor const&, std::optional<c10::ScalarType>, std::optional<c10::Layout>, std::optional<c10::Device>, std::optional<bool>, bool, bool, std::optional<c10::MemoryFormat>)>::call(c10::OperatorKernel*, c10::DispatchKeySet, at::Tensor const&, std::optional<c10::ScalarType>, std::optional<c10::Layout>, std::optional<c10::Device>, std::optional<bool>, bool, bool, std::optional<c10::MemoryFormat>) [0x2be4c41] in libtorch_cpu.so
=========         Host Frame: at::_ops::to_dtype_layout::call(at::Tensor const&, std::optional<c10::ScalarType>, std::optional<c10::Layout>, std::optional<c10::Device>, std::optional<bool>, bool, bool, std::optional<c10::MemoryFormat>) [0x23fbe16] in libtorch_cpu.so
=========         Host Frame: at::Tensor::to(c10::TensorOptions, bool, bool, std::optional<c10::MemoryFormat>) const [0x4354c8] in libtorch_python.so
=========         Host Frame: torch::autograd::dispatch_to(at::Tensor const&, c10::Device, bool, bool, std::optional<c10::MemoryFormat>) [0x3d7920] in libtorch_python.so
=========         Host Frame: torch::autograd::THPVariable_cpu(_object*, _object*, _object*) [0x3d7b1d] in libtorch_python.so
=========         Host Frame:  [0x151347] in python
=========         Host Frame: PyObject_Vectorcall [0x149934] in python
=========         Host Frame: _PyEval_EvalFrameDefault [0x1d6f08] in python
=========         Host Frame: PyEval_EvalCode [0x1d544a] in python
=========         Host Frame:  [0x2085a1] in python
=========         Host Frame:  [0x2b5032] in python
=========         Host Frame: _PyRun_SimpleFileObject [0x2b4d99] in python
=========         Host Frame: _PyRun_AnyFileObject [0x2b4bce] in python
=========         Host Frame: Py_RunMain [0x2bcc34] in python
=========         Host Frame: Py_BytesMain [0x2bc71c] in python
=========         Host Frame:  [0x2a1c9] in libc.so.6
=========         Host Frame: __libc_start_main [0x2a28a] in libc.so.6
=========         Host Frame: _start [0x257bc4] in python
=========         Host Frame: validate in compare_baselines.py:117
=========         Host Frame: main in study.py:94
========= 
========= Host API memory access error at host access to 0xb11c8c000 of size 264192 bytes
=========     Uninitialized access at 0xb11c8cbc0 on access by cudaMemcpy source
=========     Saved host backtrace up to driver entry point at error
=========         Host Frame:  [0x481c0] in libcudart.so.12
=========         Host Frame:  [0x17057] in libcudart.so.12
=========         Host Frame: cudaMemcpyAsync [0x768a0] in libcudart.so.12
=========         Host Frame: at::native::copy_kernel_cuda(at::TensorIterator&, bool) [0x16a984b] in libtorch_cuda.so
=========         Host Frame: at::native::copy_impl(at::Tensor&, at::Tensor const&, bool) [clone .isra.0] [0x1a2f8a2] in libtorch_cpu.so
=========         Host Frame: at::native::copy_(at::Tensor&, at::Tensor const&, bool) [0x1a31186] in libtorch_cpu.so
=========         Host Frame: at::_ops::copy_::call(at::Tensor&, at::Tensor const&, bool) [0x26e73d6] in libtorch_cpu.so
=========         Host Frame: at::native::_to_copy(at::Tensor const&, std::optional<c10::ScalarType>, std::optional<c10::Layout>, std::optional<c10::Device>, std::optional<bool>, bool, std::optional<c10::MemoryFormat>) [0x1d12ab2] in libtorch_cpu.so
=========         Host Frame: c10::impl::wrap_kernel_functor_unboxed_<c10::impl::detail::WrapFunctionIntoFunctor_<c10::CompileTimeFunctionPointer<at::Tensor (at::Tensor const&, std::optional<c10::ScalarType>, std::optional<c10::Layout>, std::optional<c10::Device>, std::optional<bool>, bool, std::optional<c10::MemoryFormat>), &at::(anonymous namespace)::(anonymous namespace)::wrapper_CompositeExplicitAutograd___to_copy>, at::Tensor, c10::guts::typelist::typelist<at::Tensor const&, std::optional<c10::ScalarType>, std::optional<c10::Layout>, std::optional<c10::Device>, std::optional<bool>, bool, std::optional<c10::MemoryFormat> > >, at::Tensor (at::Tensor const&, std::optional<c10::ScalarType>, std::optional<c10::Layout>, std::optional<c10::Device>, std::optional<bool>, bool, std::optional<c10::MemoryFormat>)>::call(c10::OperatorKernel*, c10::DispatchKeySet, at::Tensor const&, std::optional<c10::ScalarType>, std::optional<c10::Layout>, std::optional<c10::Device>, std::optional<bool>, bool, std::optional<c10::MemoryFormat>) [0x2aed68b] in libtorch_cpu.so
=========         Host Frame: at::_ops::_to_copy::redispatch(c10::DispatchKeySet, at::Tensor const&, std::optional<c10::ScalarType>, std::optional<c10::Layout>, std::optional<c10::Device>, std::optional<bool>, bool, std::optional<c10::MemoryFormat>) [0x21c34d1] in libtorch_cpu.so
=========         Host Frame: c10::impl::wrap_kernel_functor_unboxed_<c10::impl::detail::WrapFunctionIntoFunctor_<c10::CompileTimeFunctionPointer<at::Tensor (at::Tensor const&, std::optional<c10::ScalarType>, std::optional<c10::Layout>, std::optional<c10::Device>, std::optional<bool>, bool, std::optional<c10::MemoryFormat>), &at::(anonymous namespace)::_to_copy>, at::Tensor, c10::guts::typelist::typelist<at::Tensor const&, std::optional<c10::ScalarType>, std::optional<c10::Layout>, std::optional<c10::Device>, std::optional<bool>, bool, std::optional<c10::MemoryFormat> > >, at::Tensor (at::Tensor const&, std::optional<c10::ScalarType>, std::optional<c10::Layout>, std::optional<c10::Device>, std::optional<bool>, bool, std::optional<c10::MemoryFormat>)>::call(c10::OperatorKernel*, c10::DispatchKeySet, at::Tensor const&, std::optional<c10::ScalarType>, std::optional<c10::Layout>, std::optional<c10::Device>, std::optional<bool>, bool, std::optional<c10::MemoryFormat>) [0x28ba68a] in libtorch_cpu.so
=========         Host Frame: at::_ops::_to_copy::redispatch(c10::DispatchKeySet, at::Tensor const&, std::optional<c10::ScalarType>, std::optional<c10::Layout>, std::optional<c10::Device>, std::optional<bool>, bool, std::optional<c10::MemoryFormat>) [0x21c34d1] in libtorch_cpu.so
=========         Host Frame: torch::autograd::VariableType::(anonymous namespace)::_to_copy(c10::DispatchKeySet, at::Tensor const&, std::optional<c10::ScalarType>, std::optional<c10::Layout>, std::optional<c10::Device>, std::optional<bool>, bool, std::optional<c10::MemoryFormat>) [0x49975db] in libtorch_cpu.so
=========         Host Frame: c10::impl::wrap_kernel_functor_unboxed_<c10::impl::detail::WrapFunctionIntoFunctor_<c10::CompileTimeFunctionPointer<at::Tensor (c10::DispatchKeySet, at::Tensor const&, std::optional<c10::ScalarType>, std::optional<c10::Layout>, std::optional<c10::Device>, std::optional<bool>, bool, std::optional<c10::MemoryFormat>), &torch::autograd::VariableType::(anonymous namespace)::_to_copy>, at::Tensor, c10::guts::typelist::typelist<c10::DispatchKeySet, at::Tensor const&, std::optional<c10::ScalarType>, std::optional<c10::Layout>, std::optional<c10::Device>, std::optional<bool>, bool, std::optional<c10::MemoryFormat> > >, at::Tensor (c10::DispatchKeySet, at::Tensor const&, std::optional<c10::ScalarType>, std::optional<c10::Layout>, std::optional<c10::Device>, std::optional<bool>, bool, std::optional<c10::MemoryFormat>)>::call(c10::OperatorKernel*, c10::DispatchKeySet, at::Tensor const&, std::optional<c10::ScalarType>, std::optional<c10::Layout>, std::optional<c10::Device>, std::optional<bool>, bool, std::optional<c10::MemoryFormat>) [0x4997a3e] in libtorch_cpu.so
=========         Host Frame: at::_ops::_to_copy::call(at::Tensor const&, std::optional<c10::ScalarType>, std::optional<c10::Layout>, std::optional<c10::Device>, std::optional<bool>, bool, std::optional<c10::MemoryFormat>) [0x2264f7c] in libtorch_cpu.so
=========         Host Frame: at::native::to(at::Tensor const&, std::optional<c10::ScalarType>, std::optional<c10::Layout>, std::optional<c10::Device>, std::optional<bool>, bool, bool, std::optional<c10::MemoryFormat>) [0x1d104fd] in libtorch_cpu.so
=========         Host Frame: c10::impl::wrap_kernel_functor_unboxed_<c10::impl::detail::WrapFunctionIntoFunctor_<c10::CompileTimeFunctionPointer<at::Tensor (at::Tensor const&, std::optional<c10::ScalarType>, std::optional<c10::Layout>, std::optional<c10::Device>, std::optional<bool>, bool, bool, std::optional<c10::MemoryFormat>), &at::(anonymous namespace)::(anonymous namespace)::wrapper_CompositeImplicitAutograd_dtype_layout_to>, at::Tensor, c10::guts::typelist::typelist<at::Tensor const&, std::optional<c10::ScalarType>, std::optional<c10::Layout>, std::optional<c10::Device>, std::optional<bool>, bool, bool, std::optional<c10::MemoryFormat> > >, at::Tensor (at::Tensor const&, std::optional<c10::ScalarType>, std::optional<c10::Layout>, std::optional<c10::Device>, std::optional<bool>, bool, bool, std::optional<c10::MemoryFormat>)>::call(c10::OperatorKernel*, c10::DispatchKeySet, at::Tensor const&, std::optional<c10::ScalarType>, std::optional<c10::Layout>, std::optional<c10::Device>, std::optional<bool>, bool, bool, std::optional<c10::MemoryFormat>) [0x2be4c41] in libtorch_cpu.so
=========         Host Frame: at::_ops::to_dtype_layout::call(at::Tensor const&, std::optional<c10::ScalarType>, std::optional<c10::Layout>, std::optional<c10::Device>, std::optional<bool>, bool, bool, std::optional<c10::MemoryFormat>) [0x23fbe16] in libtorch_cpu.so
=========         Host Frame: at::Tensor::to(c10::TensorOptions, bool, bool, std::optional<c10::MemoryFormat>) const [0x4354c8] in libtorch_python.so
=========         Host Frame: torch::autograd::dispatch_to(at::Tensor const&, c10::Device, bool, bool, std::optional<c10::MemoryFormat>) [0x3d7920] in libtorch_python.so
=========         Host Frame: torch::autograd::THPVariable_cpu(_object*, _object*, _object*) [0x3d7b1d] in libtorch_python.so
=========         Host Frame:  [0x151347] in python
=========         Host Frame: PyObject_Vectorcall [0x149934] in python
=========         Host Frame: _PyEval_EvalFrameDefault [0x1d6f08] in python
=========         Host Frame: PyEval_EvalCode [0x1d544a] in python
=========         Host Frame:  [0x2085a1] in python
=========         Host Frame:  [0x2b5032] in python
=========         Host Frame: _PyRun_SimpleFileObject [0x2b4d99] in python
=========         Host Frame: _PyRun_AnyFileObject [0x2b4bce] in python
=========         Host Frame: Py_RunMain [0x2bcc34] in python
=========         Host Frame: Py_BytesMain [0x2bc71c] in python
=========         Host Frame:  [0x2a1c9] in libc.so.6
=========         Host Frame: __libc_start_main [0x2a28a] in libc.so.6
=========         Host Frame: _start [0x257bc4] in python
=========         Host Frame: validate in compare_baselines.py:117
=========         Host Frame: main in study.py:94
========= 
========= Host API memory access error at host access to 0xb11c8c000 of size 264192 bytes
=========     Uninitialized access at 0xb11c8cbe0 on access by cudaMemcpy source
=========     Saved host backtrace up to driver entry point at error
=========         Host Frame:  [0x481c0] in libcudart.so.12
=========         Host Frame:  [0x17057] in libcudart.so.12
=========         Host Frame: cudaMemcpyAsync [0x768a0] in libcudart.so.12
=========         Host Frame: at::native::copy_kernel_cuda(at::TensorIterator&, bool) [0x16a984b] in libtorch_cuda.so
=========         Host Frame: at::native::copy_impl(at::Tensor&, at::Tensor const&, bool) [clone .isra.0] [0x1a2f8a2] in libtorch_cpu.so
=========         Host Frame: at::native::copy_(at::Tensor&, at::Tensor const&, bool) [0x1a31186] in libtorch_cpu.so
=========         Host Frame: at::_ops::copy_::call(at::Tensor&, at::Tensor const&, bool) [0x26e73d6] in libtorch_cpu.so
=========         Host Frame: at::native::_to_copy(at::Tensor const&, std::optional<c10::ScalarType>, std::optional<c10::Layout>, std::optional<c10::Device>, std::optional<bool>, bool, std::optional<c10::MemoryFormat>) [0x1d12ab2] in libtorch_cpu.so
=========         Host Frame: c10::impl::wrap_kernel_functor_unboxed_<c10::impl::detail::WrapFunctionIntoFunctor_<c10::CompileTimeFunctionPointer<at::Tensor (at::Tensor const&, std::optional<c10::ScalarType>, std::optional<c10::Layout>, std::optional<c10::Device>, std::optional<bool>, bool, std::optional<c10::MemoryFormat>), &at::(anonymous namespace)::(anonymous namespace)::wrapper_CompositeExplicitAutograd___to_copy>, at::Tensor, c10::guts::typelist::typelist<at::Tensor const&, std::optional<c10::ScalarType>, std::optional<c10::Layout>, std::optional<c10::Device>, std::optional<bool>, bool, std::optional<c10::MemoryFormat> > >, at::Tensor (at::Tensor const&, std::optional<c10::ScalarType>, std::optional<c10::Layout>, std::optional<c10::Device>, std::optional<bool>, bool, std::optional<c10::MemoryFormat>)>::call(c10::OperatorKernel*, c10::DispatchKeySet, at::Tensor const&, std::optional<c10::ScalarType>, std::optional<c10::Layout>, std::optional<c10::Device>, std::optional<bool>, bool, std::optional<c10::MemoryFormat>) [0x2aed68b] in libtorch_cpu.so
=========         Host Frame: at::_ops::_to_copy::redispatch(c10::DispatchKeySet, at::Tensor const&, std::optional<c10::ScalarType>, std::optional<c10::Layout>, std::optional<c10::Device>, std::optional<bool>, bool, std::optional<c10::MemoryFormat>) [0x21c34d1] in libtorch_cpu.so
=========         Host Frame: c10::impl::wrap_kernel_functor_unboxed_<c10::impl::detail::WrapFunctionIntoFunctor_<c10::CompileTimeFunctionPointer<at::Tensor (at::Tensor const&, std::optional<c10::ScalarType>, std::optional<c10::Layout>, std::optional<c10::Device>, std::optional<bool>, bool, std::optional<c10::MemoryFormat>), &at::(anonymous namespace)::_to_copy>, at::Tensor, c10::guts::typelist::typelist<at::Tensor const&, std::optional<c10::ScalarType>, std::optional<c10::Layout>, std::optional<c10::Device>, std::optional<bool>, bool, std::optional<c10::MemoryFormat> > >, at::Tensor (at::Tensor const&, std::optional<c10::ScalarType>, std::optional<c10::Layout>, std::optional<c10::Device>, std::optional<bool>, bool, std::optional<c10::MemoryFormat>)>::call(c10::OperatorKernel*, c10::DispatchKeySet, at::Tensor const&, std::optional<c10::ScalarType>, std::optional<c10::Layout>, std::optional<c10::Device>, std::optional<bool>, bool, std::optional<c10::MemoryFormat>) [0x28ba68a] in libtorch_cpu.so
=========         Host Frame: at::_ops::_to_copy::redispatch(c10::DispatchKeySet, at::Tensor const&, std::optional<c10::ScalarType>, std::optional<c10::Layout>, std::optional<c10::Device>, std::optional<bool>, bool, std::optional<c10::MemoryFormat>) [0x21c34d1] in libtorch_cpu.so
=========         Host Frame: torch::autograd::VariableType::(anonymous namespace)::_to_copy(c10::DispatchKeySet, at::Tensor const&, std::optional<c10::ScalarType>, std::optional<c10::Layout>, std::optional<c10::Device>, std::optional<bool>, bool, std::optional<c10::MemoryFormat>) [0x49975db] in libtorch_cpu.so
=========         Host Frame: c10::impl::wrap_kernel_functor_unboxed_<c10::impl::detail::WrapFunctionIntoFunctor_<c10::CompileTimeFunctionPointer<at::Tensor (c10::DispatchKeySet, at::Tensor const&, std::optional<c10::ScalarType>, std::optional<c10::Layout>, std::optional<c10::Device>, std::optional<bool>, bool, std::optional<c10::MemoryFormat>), &torch::autograd::VariableType::(anonymous namespace)::_to_copy>, at::Tensor, c10::guts::typelist::typelist<c10::DispatchKeySet, at::Tensor const&, std::optional<c10::ScalarType>, std::optional<c10::Layout>, std::optional<c10::Device>, std::optional<bool>, bool, std::optional<c10::MemoryFormat> > >, at::Tensor (c10::DispatchKeySet, at::Tensor const&, std::optional<c10::ScalarType>, std::optional<c10::Layout>, std::optional<c10::Device>, std::optional<bool>, bool, std::optional<c10::MemoryFormat>)>::call(c10::OperatorKernel*, c10::DispatchKeySet, at::Tensor const&, std::optional<c10::ScalarType>, std::optional<c10::Layout>, std::optional<c10::Device>, std::optional<bool>, bool, std::optional<c10::MemoryFormat>) [0x4997a3e] in libtorch_cpu.so
=========         Host Frame: at::_ops::_to_copy::call(at::Tensor const&, std::optional<c10::ScalarType>, std::optional<c10::Layout>, std::optional<c10::Device>, std::optional<bool>, bool, std::optional<c10::MemoryFormat>) [0x2264f7c] in libtorch_cpu.so
=========         Host Frame: at::native::to(at::Tensor const&, std::optional<c10::ScalarType>, std::optional<c10::Layout>, std::optional<c10::Device>, std::optional<bool>, bool, bool, std::optional<c10::MemoryFormat>) [0x1d104fd] in libtorch_cpu.so
=========         Host Frame: c10::impl::wrap_kernel_functor_unboxed_<c10::impl::detail::WrapFunctionIntoFunctor_<c10::CompileTimeFunctionPointer<at::Tensor (at::Tensor const&, std::optional<c10::ScalarType>, std::optional<c10::Layout>, std::optional<c10::Device>, std::optional<bool>, bool, bool, std::optional<c10::MemoryFormat>), &at::(anonymous namespace)::(anonymous namespace)::wrapper_CompositeImplicitAutograd_dtype_layout_to>, at::Tensor, c10::guts::typelist::typelist<at::Tensor const&, std::optional<c10::ScalarType>, std::optional<c10::Layout>, std::optional<c10::Device>, std::optional<bool>, bool, bool, std::optional<c10::MemoryFormat> > >, at::Tensor (at::Tensor const&, std::optional<c10::ScalarType>, std::optional<c10::Layout>, std::optional<c10::Device>, std::optional<bool>, bool, bool, std::optional<c10::MemoryFormat>)>::call(c10::OperatorKernel*, c10::DispatchKeySet, at::Tensor const&, std::optional<c10::ScalarType>, std::optional<c10::Layout>, std::optional<c10::Device>, std::optional<bool>, bool, bool, std::optional<c10::MemoryFormat>) [0x2be4c41] in libtorch_cpu.so
=========         Host Frame: at::_ops::to_dtype_layout::call(at::Tensor const&, std::optional<c10::ScalarType>, std::optional<c10::Layout>, std::optional<c10::Device>, std::optional<bool>, bool, bool, std::optional<c10::MemoryFormat>) [0x23fbe16] in libtorch_cpu.so
=========         Host Frame: at::Tensor::to(c10::TensorOptions, bool, bool, std::optional<c10::MemoryFormat>) const [0x4354c8] in libtorch_python.so
=========         Host Frame: torch::autograd::dispatch_to(at::Tensor const&, c10::Device, bool, bool, std::optional<c10::MemoryFormat>) [0x3d7920] in libtorch_python.so
=========         Host Frame: torch::autograd::THPVariable_cpu(_object*, _object*, _object*) [0x3d7b1d] in libtorch_python.so
=========         Host Frame:  [0x151347] in python
=========         Host Frame: PyObject_Vectorcall [0x149934] in python
=========         Host Frame: _PyEval_EvalFrameDefault [0x1d6f08] in python
=========         Host Frame: PyEval_EvalCode [0x1d544a] in python
=========         Host Frame:  [0x2085a1] in python
=========         Host Frame:  [0x2b5032] in python
=========         Host Frame: _PyRun_SimpleFileObject [0x2b4d99] in python
=========         Host Frame: _PyRun_AnyFileObject [0x2b4bce] in python
=========         Host Frame: Py_RunMain [0x2bcc34] in python
=========         Host Frame: Py_BytesMain [0x2bc71c] in python
=========         Host Frame:  [0x2a1c9] in libc.so.6
=========         Host Frame: __libc_start_main [0x2a28a] in libc.so.6
=========         Host Frame: _start [0x257bc4] in python
=========         Host Frame: validate in compare_baselines.py:117
=========         Host Frame: main in study.py:94
========= 
========= Host API memory access error at host access to 0xb11c8c000 of size 264192 bytes
=========     Uninitialized access at 0xb11c8cc00 on access by cudaMemcpy source
=========     Saved host backtrace up to driver entry point at error
=========         Host Frame:  [0x481c0] in libcudart.so.12
=========         Host Frame:  [0x17057] in libcudart.so.12
=========         Host Frame: cudaMemcpyAsync [0x768a0] in libcudart.so.12
=========         Host Frame: at::native::copy_kernel_cuda(at::TensorIterator&, bool) [0x16a984b] in libtorch_cuda.so
=========         Host Frame: at::native::copy_impl(at::Tensor&, at::Tensor const&, bool) [clone .isra.0] [0x1a2f8a2] in libtorch_cpu.so
=========         Host Frame: at::native::copy_(at::Tensor&, at::Tensor const&, bool) [0x1a31186] in libtorch_cpu.so
=========         Host Frame: at::_ops::copy_::call(at::Tensor&, at::Tensor const&, bool) [0x26e73d6] in libtorch_cpu.so
=========         Host Frame: at::native::_to_copy(at::Tensor const&, std::optional<c10::ScalarType>, std::optional<c10::Layout>, std::optional<c10::Device>, std::optional<bool>, bool, std::optional<c10::MemoryFormat>) [0x1d12ab2] in libtorch_cpu.so
=========         Host Frame: c10::impl::wrap_kernel_functor_unboxed_<c10::impl::detail::WrapFunctionIntoFunctor_<c10::CompileTimeFunctionPointer<at::Tensor (at::Tensor const&, std::optional<c10::ScalarType>, std::optional<c10::Layout>, std::optional<c10::Device>, std::optional<bool>, bool, std::optional<c10::MemoryFormat>), &at::(anonymous namespace)::(anonymous namespace)::wrapper_CompositeExplicitAutograd___to_copy>, at::Tensor, c10::guts::typelist::typelist<at::Tensor const&, std::optional<c10::ScalarType>, std::optional<c10::Layout>, std::optional<c10::Device>, std::optional<bool>, bool, std::optional<c10::MemoryFormat> > >, at::Tensor (at::Tensor const&, std::optional<c10::ScalarType>, std::optional<c10::Layout>, std::optional<c10::Device>, std::optional<bool>, bool, std::optional<c10::MemoryFormat>)>::call(c10::OperatorKernel*, c10::DispatchKeySet, at::Tensor const&, std::optional<c10::ScalarType>, std::optional<c10::Layout>, std::optional<c10::Device>, std::optional<bool>, bool, std::optional<c10::MemoryFormat>) [0x2aed68b] in libtorch_cpu.so
=========         Host Frame: at::_ops::_to_copy::redispatch(c10::DispatchKeySet, at::Tensor const&, std::optional<c10::ScalarType>, std::optional<c10::Layout>, std::optional<c10::Device>, std::optional<bool>, bool, std::optional<c10::MemoryFormat>) [0x21c34d1] in libtorch_cpu.so
=========         Host Frame: c10::impl::wrap_kernel_functor_unboxed_<c10::impl::detail::WrapFunctionIntoFunctor_<c10::CompileTimeFunctionPointer<at::Tensor (at::Tensor const&, std::optional<c10::ScalarType>, std::optional<c10::Layout>, std::optional<c10::Device>, std::optional<bool>, bool, std::optional<c10::MemoryFormat>), &at::(anonymous namespace)::_to_copy>, at::Tensor, c10::guts::typelist::typelist<at::Tensor const&, std::optional<c10::ScalarType>, std::optional<c10::Layout>, std::optional<c10::Device>, std::optional<bool>, bool, std::optional<c10::MemoryFormat> > >, at::Tensor (at::Tensor const&, std::optional<c10::ScalarType>, std::optional<c10::Layout>, std::optional<c10::Device>, std::optional<bool>, bool, std::optional<c10::MemoryFormat>)>::call(c10::OperatorKernel*, c10::DispatchKeySet, at::Tensor const&, std::optional<c10::ScalarType>, std::optional<c10::Layout>, std::optional<c10::Device>, std::optional<bool>, bool, std::optional<c10::MemoryFormat>) [0x28ba68a] in libtorch_cpu.so
=========         Host Frame: at::_ops::_to_copy::redispatch(c10::DispatchKeySet, at::Tensor const&, std::optional<c10::ScalarType>, std::optional<c10::Layout>, std::optional<c10::Device>, std::optional<bool>, bool, std::optional<c10::MemoryFormat>) [0x21c34d1] in libtorch_cpu.so
=========         Host Frame: torch::autograd::VariableType::(anonymous namespace)::_to_copy(c10::DispatchKeySet, at::Tensor const&, std::optional<c10::ScalarType>, std::optional<c10::Layout>, std::optional<c10::Device>, std::optional<bool>, bool, std::optional<c10::MemoryFormat>) [0x49975db] in libtorch_cpu.so
=========         Host Frame: c10::impl::wrap_kernel_functor_unboxed_<c10::impl::detail::WrapFunctionIntoFunctor_<c10::CompileTimeFunctionPointer<at::Tensor (c10::DispatchKeySet, at::Tensor const&, std::optional<c10::ScalarType>, std::optional<c10::Layout>, std::optional<c10::Device>, std::optional<bool>, bool, std::optional<c10::MemoryFormat>), &torch::autograd::VariableType::(anonymous namespace)::_to_copy>, at::Tensor, c10::guts::typelist::typelist<c10::DispatchKeySet, at::Tensor const&, std::optional<c10::ScalarType>, std::optional<c10::Layout>, std::optional<c10::Device>, std::optional<bool>, bool, std::optional<c10::MemoryFormat> > >, at::Tensor (c10::DispatchKeySet, at::Tensor const&, std::optional<c10::ScalarType>, std::optional<c10::Layout>, std::optional<c10::Device>, std::optional<bool>, bool, std::optional<c10::MemoryFormat>)>::call(c10::OperatorKernel*, c10::DispatchKeySet, at::Tensor const&, std::optional<c10::ScalarType>, std::optional<c10::Layout>, std::optional<c10::Device>, std::optional<bool>, bool, std::optional<c10::MemoryFormat>) [0x4997a3e] in libtorch_cpu.so
=========         Host Frame: at::_ops::_to_copy::call(at::Tensor const&, std::optional<c10::ScalarType>, std::optional<c10::Layout>, std::optional<c10::Device>, std::optional<bool>, bool, std::optional<c10::MemoryFormat>) [0x2264f7c] in libtorch_cpu.so
=========         Host Frame: at::native::to(at::Tensor const&, std::optional<c10::ScalarType>, std::optional<c10::Layout>, std::optional<c10::Device>, std::optional<bool>, bool, bool, std::optional<c10::MemoryFormat>) [0x1d104fd] in libtorch_cpu.so
=========         Host Frame: c10::impl::wrap_kernel_functor_unboxed_<c10::impl::detail::WrapFunctionIntoFunctor_<c10::CompileTimeFunctionPointer<at::Tensor (at::Tensor const&, std::optional<c10::ScalarType>, std::optional<c10::Layout>, std::optional<c10::Device>, std::optional<bool>, bool, bool, std::optional<c10::MemoryFormat>), &at::(anonymous namespace)::(anonymous namespace)::wrapper_CompositeImplicitAutograd_dtype_layout_to>, at::Tensor, c10::guts::typelist::typelist<at::Tensor const&, std::optional<c10::ScalarType>, std::optional<c10::Layout>, std::optional<c10::Device>, std::optional<bool>, bool, bool, std::optional<c10::MemoryFormat> > >, at::Tensor (at::Tensor const&, std::optional<c10::ScalarType>, std::optional<c10::Layout>, std::optional<c10::Device>, std::optional<bool>, bool, bool, std::optional<c10::MemoryFormat>)>::call(c10::OperatorKernel*, c10::DispatchKeySet, at::Tensor const&, std::optional<c10::ScalarType>, std::optional<c10::Layout>, std::optional<c10::Device>, std::optional<bool>, bool, bool, std::optional<c10::MemoryFormat>) [0x2be4c41] in libtorch_cpu.so
=========         Host Frame: at::_ops::to_dtype_layout::call(at::Tensor const&, std::optional<c10::ScalarType>, std::optional<c10::Layout>, std::optional<c10::Device>, std::optional<bool>, bool, bool, std::optional<c10::MemoryFormat>) [0x23fbe16] in libtorch_cpu.so
=========         Host Frame: at::Tensor::to(c10::TensorOptions, bool, bool, std::optional<c10::MemoryFormat>) const [0x4354c8] in libtorch_python.so
=========         Host Frame: torch::autograd::dispatch_to(at::Tensor const&, c10::Device, bool, bool, std::optional<c10::MemoryFormat>) [0x3d7920] in libtorch_python.so
=========         Host Frame: torch::autograd::THPVariable_cpu(_object*, _object*, _object*) [0x3d7b1d] in libtorch_python.so
=========         Host Frame:  [0x151347] in python
=========         Host Frame: PyObject_Vectorcall [0x149934] in python
=========         Host Frame: _PyEval_EvalFrameDefault [0x1d6f08] in python
=========         Host Frame: PyEval_EvalCode [0x1d544a] in python
=========         Host Frame:  [0x2085a1] in python
=========         Host Frame:  [0x2b5032] in python
=========         Host Frame: _PyRun_SimpleFileObject [0x2b4d99] in python
=========         Host Frame: _PyRun_AnyFileObject [0x2b4bce] in python
=========         Host Frame: Py_RunMain [0x2bcc34] in python
=========         Host Frame: Py_BytesMain [0x2bc71c] in python
=========         Host Frame:  [0x2a1c9] in libc.so.6
=========         Host Frame: __libc_start_main [0x2a28a] in libc.so.6
=========         Host Frame: _start [0x257bc4] in python
=========         Host Frame: validate in compare_baselines.py:117
=========         Host Frame: main in study.py:94
========= 
========= Host API memory access error at host access to 0xb11c8c000 of size 264192 bytes
=========     Uninitialized access at 0xb11c8cc20 on access by cudaMemcpy source
=========     Saved host backtrace up to driver entry point at error
=========         Host Frame:  [0x481c0] in libcudart.so.12
=========         Host Frame:  [0x17057] in libcudart.so.12
=========         Host Frame: cudaMemcpyAsync [0x768a0] in libcudart.so.12
=========         Host Frame: at::native::copy_kernel_cuda(at::TensorIterator&, bool) [0x16a984b] in libtorch_cuda.so
=========         Host Frame: at::native::copy_impl(at::Tensor&, at::Tensor const&, bool) [clone .isra.0] [0x1a2f8a2] in libtorch_cpu.so
=========         Host Frame: at::native::copy_(at::Tensor&, at::Tensor const&, bool) [0x1a31186] in libtorch_cpu.so
=========         Host Frame: at::_ops::copy_::call(at::Tensor&, at::Tensor const&, bool) [0x26e73d6] in libtorch_cpu.so
=========         Host Frame: at::native::_to_copy(at::Tensor const&, std::optional<c10::ScalarType>, std::optional<c10::Layout>, std::optional<c10::Device>, std::optional<bool>, bool, std::optional<c10::MemoryFormat>) [0x1d12ab2] in libtorch_cpu.so
=========         Host Frame: c10::impl::wrap_kernel_functor_unboxed_<c10::impl::detail::WrapFunctionIntoFunctor_<c10::CompileTimeFunctionPointer<at::Tensor (at::Tensor const&, std::optional<c10::ScalarType>, std::optional<c10::Layout>, std::optional<c10::Device>, std::optional<bool>, bool, std::optional<c10::MemoryFormat>), &at::(anonymous namespace)::(anonymous namespace)::wrapper_CompositeExplicitAutograd___to_copy>, at::Tensor, c10::guts::typelist::typelist<at::Tensor const&, std::optional<c10::ScalarType>, std::optional<c10::Layout>, std::optional<c10::Device>, std::optional<bool>, bool, std::optional<c10::MemoryFormat> > >, at::Tensor (at::Tensor const&, std::optional<c10::ScalarType>, std::optional<c10::Layout>, std::optional<c10::Device>, std::optional<bool>, bool, std::optional<c10::MemoryFormat>)>::call(c10::OperatorKernel*, c10::DispatchKeySet, at::Tensor const&, std::optional<c10::ScalarType>, std::optional<c10::Layout>, std::optional<c10::Device>, std::optional<bool>, bool, std::optional<c10::MemoryFormat>) [0x2aed68b] in libtorch_cpu.so
=========         Host Frame: at::_ops::_to_copy::redispatch(c10::DispatchKeySet, at::Tensor const&, std::optional<c10::ScalarType>, std::optional<c10::Layout>, std::optional<c10::Device>, std::optional<bool>, bool, std::optional<c10::MemoryFormat>) [0x21c34d1] in libtorch_cpu.so
=========         Host Frame: c10::impl::wrap_kernel_functor_unboxed_<c10::impl::detail::WrapFunctionIntoFunctor_<c10::CompileTimeFunctionPointer<at::Tensor (at::Tensor const&, std::optional<c10::ScalarType>, std::optional<c10::Layout>, std::optional<c10::Device>, std::optional<bool>, bool, std::optional<c10::MemoryFormat>), &at::(anonymous namespace)::_to_copy>, at::Tensor, c10::guts::typelist::typelist<at::Tensor const&, std::optional<c10::ScalarType>, std::optional<c10::Layout>, std::optional<c10::Device>, std::optional<bool>, bool, std::optional<c10::MemoryFormat> > >, at::Tensor (at::Tensor const&, std::optional<c10::ScalarType>, std::optional<c10::Layout>, std::optional<c10::Device>, std::optional<bool>, bool, std::optional<c10::MemoryFormat>)>::call(c10::OperatorKernel*, c10::DispatchKeySet, at::Tensor const&, std::optional<c10::ScalarType>, std::optional<c10::Layout>, std::optional<c10::Device>, std::optional<bool>, bool, std::optional<c10::MemoryFormat>) [0x28ba68a] in libtorch_cpu.so
=========         Host Frame: at::_ops::_to_copy::redispatch(c10::DispatchKeySet, at::Tensor const&, std::optional<c10::ScalarType>, std::optional<c10::Layout>, std::optional<c10::Device>, std::optional<bool>, bool, std::optional<c10::MemoryFormat>) [0x21c34d1] in libtorch_cpu.so
=========         Host Frame: torch::autograd::VariableType::(anonymous namespace)::_to_copy(c10::DispatchKeySet, at::Tensor const&, std::optional<c10::ScalarType>, std::optional<c10::Layout>, std::optional<c10::Device>, std::optional<bool>, bool, std::optional<c10::MemoryFormat>) [0x49975db] in libtorch_cpu.so
=========         Host Frame: c10::impl::wrap_kernel_functor_unboxed_<c10::impl::detail::WrapFunctionIntoFunctor_<c10::CompileTimeFunctionPointer<at::Tensor (c10::DispatchKeySet, at::Tensor const&, std::optional<c10::ScalarType>, std::optional<c10::Layout>, std::optional<c10::Device>, std::optional<bool>, bool, std::optional<c10::MemoryFormat>), &torch::autograd::VariableType::(anonymous namespace)::_to_copy>, at::Tensor, c10::guts::typelist::typelist<c10::DispatchKeySet, at::Tensor const&, std::optional<c10::ScalarType>, std::optional<c10::Layout>, std::optional<c10::Device>, std::optional<bool>, bool, std::optional<c10::MemoryFormat> > >, at::Tensor (c10::DispatchKeySet, at::Tensor const&, std::optional<c10::ScalarType>, std::optional<c10::Layout>, std::optional<c10::Device>, std::optional<bool>, bool, std::optional<c10::MemoryFormat>)>::call(c10::OperatorKernel*, c10::DispatchKeySet, at::Tensor const&, std::optional<c10::ScalarType>, std::optional<c10::Layout>, std::optional<c10::Device>, std::optional<bool>, bool, std::optional<c10::MemoryFormat>) [0x4997a3e] in libtorch_cpu.so
=========         Host Frame: at::_ops::_to_copy::call(at::Tensor const&, std::optional<c10::ScalarType>, std::optional<c10::Layout>, std::optional<c10::Device>, std::optional<bool>, bool, std::optional<c10::MemoryFormat>) [0x2264f7c] in libtorch_cpu.so
=========         Host Frame: at::native::to(at::Tensor const&, std::optional<c10::ScalarType>, std::optional<c10::Layout>, std::optional<c10::Device>, std::optional<bool>, bool, bool, std::optional<c10::MemoryFormat>) [0x1d104fd] in libtorch_cpu.so
=========         Host Frame: c10::impl::wrap_kernel_functor_unboxed_<c10::impl::detail::WrapFunctionIntoFunctor_<c10::CompileTimeFunctionPointer<at::Tensor (at::Tensor const&, std::optional<c10::ScalarType>, std::optional<c10::Layout>, std::optional<c10::Device>, std::optional<bool>, bool, bool, std::optional<c10::MemoryFormat>), &at::(anonymous namespace)::(anonymous namespace)::wrapper_CompositeImplicitAutograd_dtype_layout_to>, at::Tensor, c10::guts::typelist::typelist<at::Tensor const&, std::optional<c10::ScalarType>, std::optional<c10::Layout>, std::optional<c10::Device>, std::optional<bool>, bool, bool, std::optional<c10::MemoryFormat> > >, at::Tensor (at::Tensor const&, std::optional<c10::ScalarType>, std::optional<c10::Layout>, std::optional<c10::Device>, std::optional<bool>, bool, bool, std::optional<c10::MemoryFormat>)>::call(c10::OperatorKernel*, c10::DispatchKeySet, at::Tensor const&, std::optional<c10::ScalarType>, std::optional<c10::Layout>, std::optional<c10::Device>, std::optional<bool>, bool, bool, std::optional<c10::MemoryFormat>) [0x2be4c41] in libtorch_cpu.so
=========         Host Frame: at::_ops::to_dtype_layout::call(at::Tensor const&, std::optional<c10::ScalarType>, std::optional<c10::Layout>, std::optional<c10::Device>, std::optional<bool>, bool, bool, std::optional<c10::MemoryFormat>) [0x23fbe16] in libtorch_cpu.so
=========         Host Frame: at::Tensor::to(c10::TensorOptions, bool, bool, std::optional<c10::MemoryFormat>) const [0x4354c8] in libtorch_python.so
=========         Host Frame: torch::autograd::dispatch_to(at::Tensor const&, c10::Device, bool, bool, std::optional<c10::MemoryFormat>) [0x3d7920] in libtorch_python.so
=========         Host Frame: torch::autograd::THPVariable_cpu(_object*, _object*, _object*) [0x3d7b1d] in libtorch_python.so
=========         Host Frame:  [0x151347] in python
=========         Host Frame: PyObject_Vectorcall [0x149934] in python
=========         Host Frame: _PyEval_EvalFrameDefault [0x1d6f08] in python
=========         Host Frame: PyEval_EvalCode [0x1d544a] in python
=========         Host Frame:  [0x2085a1] in python
=========         Host Frame:  [0x2b5032] in python
=========         Host Frame: _PyRun_SimpleFileObject [0x2b4d99] in python
=========         Host Frame: _PyRun_AnyFileObject [0x2b4bce] in python
=========         Host Frame: Py_RunMain [0x2bcc34] in python
=========         Host Frame: Py_BytesMain [0x2bc71c] in python
=========         Host Frame:  [0x2a1c9] in libc.so.6
=========         Host Frame: __libc_start_main [0x2a28a] in libc.so.6
=========         Host Frame: _start [0x257bc4] in python
=========         Host Frame: validate in compare_baselines.py:117
=========         Host Frame: main in study.py:94
========= 
========= Host API memory access error at host access to 0xb11c8c000 of size 264192 bytes
=========     Uninitialized access at 0xb11c8cc40 on access by cudaMemcpy source
=========     Saved host backtrace up to driver entry point at error
=========         Host Frame:  [0x481c0] in libcudart.so.12
=========         Host Frame:  [0x17057] in libcudart.so.12
=========         Host Frame: cudaMemcpyAsync [0x768a0] in libcudart.so.12
=========         Host Frame: at::native::copy_kernel_cuda(at::TensorIterator&, bool) [0x16a984b] in libtorch_cuda.so
=========         Host Frame: at::native::copy_impl(at::Tensor&, at::Tensor const&, bool) [clone .isra.0] [0x1a2f8a2] in libtorch_cpu.so
=========         Host Frame: at::native::copy_(at::Tensor&, at::Tensor const&, bool) [0x1a31186] in libtorch_cpu.so
=========         Host Frame: at::_ops::copy_::call(at::Tensor&, at::Tensor const&, bool) [0x26e73d6] in libtorch_cpu.so
=========         Host Frame: at::native::_to_copy(at::Tensor const&, std::optional<c10::ScalarType>, std::optional<c10::Layout>, std::optional<c10::Device>, std::optional<bool>, bool, std::optional<c10::MemoryFormat>) [0x1d12ab2] in libtorch_cpu.so
=========         Host Frame: c10::impl::wrap_kernel_functor_unboxed_<c10::impl::detail::WrapFunctionIntoFunctor_<c10::CompileTimeFunctionPointer<at::Tensor (at::Tensor const&, std::optional<c10::ScalarType>, std::optional<c10::Layout>, std::optional<c10::Device>, std::optional<bool>, bool, std::optional<c10::MemoryFormat>), &at::(anonymous namespace)::(anonymous namespace)::wrapper_CompositeExplicitAutograd___to_copy>, at::Tensor, c10::guts::typelist::typelist<at::Tensor const&, std::optional<c10::ScalarType>, std::optional<c10::Layout>, std::optional<c10::Device>, std::optional<bool>, bool, std::optional<c10::MemoryFormat> > >, at::Tensor (at::Tensor const&, std::optional<c10::ScalarType>, std::optional<c10::Layout>, std::optional<c10::Device>, std::optional<bool>, bool, std::optional<c10::MemoryFormat>)>::call(c10::OperatorKernel*, c10::DispatchKeySet, at::Tensor const&, std::optional<c10::ScalarType>, std::optional<c10::Layout>, std::optional<c10::Device>, std::optional<bool>, bool, std::optional<c10::MemoryFormat>) [0x2aed68b] in libtorch_cpu.so
=========         Host Frame: at::_ops::_to_copy::redispatch(c10::DispatchKeySet, at::Tensor const&, std::optional<c10::ScalarType>, std::optional<c10::Layout>, std::optional<c10::Device>, std::optional<bool>, bool, std::optional<c10::MemoryFormat>) [0x21c34d1] in libtorch_cpu.so
=========         Host Frame: c10::impl::wrap_kernel_functor_unboxed_<c10::impl::detail::WrapFunctionIntoFunctor_<c10::CompileTimeFunctionPointer<at::Tensor (at::Tensor const&, std::optional<c10::ScalarType>, std::optional<c10::Layout>, std::optional<c10::Device>, std::optional<bool>, bool, std::optional<c10::MemoryFormat>), &at::(anonymous namespace)::_to_copy>, at::Tensor, c10::guts::typelist::typelist<at::Tensor const&, std::optional<c10::ScalarType>, std::optional<c10::Layout>, std::optional<c10::Device>, std::optional<bool>, bool, std::optional<c10::MemoryFormat> > >, at::Tensor (at::Tensor const&, std::optional<c10::ScalarType>, std::optional<c10::Layout>, std::optional<c10::Device>, std::optional<bool>, bool, std::optional<c10::MemoryFormat>)>::call(c10::OperatorKernel*, c10::DispatchKeySet, at::Tensor const&, std::optional<c10::ScalarType>, std::optional<c10::Layout>, std::optional<c10::Device>, std::optional<bool>, bool, std::optional<c10::MemoryFormat>) [0x28ba68a] in libtorch_cpu.so
=========         Host Frame: at::_ops::_to_copy::redispatch(c10::DispatchKeySet, at::Tensor const&, std::optional<c10::ScalarType>, std::optional<c10::Layout>, std::optional<c10::Device>, std::optional<bool>, bool, std::optional<c10::MemoryFormat>) [0x21c34d1] in libtorch_cpu.so
=========         Host Frame: torch::autograd::VariableType::(anonymous namespace)::_to_copy(c10::DispatchKeySet, at::Tensor const&, std::optional<c10::ScalarType>, std::optional<c10::Layout>, std::optional<c10::Device>, std::optional<bool>, bool, std::optional<c10::MemoryFormat>) [0x49975db] in libtorch_cpu.so
=========         Host Frame: c10::impl::wrap_kernel_functor_unboxed_<c10::impl::detail::WrapFunctionIntoFunctor_<c10::CompileTimeFunctionPointer<at::Tensor (c10::DispatchKeySet, at::Tensor const&, std::optional<c10::ScalarType>, std::optional<c10::Layout>, std::optional<c10::Device>, std::optional<bool>, bool, std::optional<c10::MemoryFormat>), &torch::autograd::VariableType::(anonymous namespace)::_to_copy>, at::Tensor, c10::guts::typelist::typelist<c10::DispatchKeySet, at::Tensor const&, std::optional<c10::ScalarType>, std::optional<c10::Layout>, std::optional<c10::Device>, std::optional<bool>, bool, std::optional<c10::MemoryFormat> > >, at::Tensor (c10::DispatchKeySet, at::Tensor const&, std::optional<c10::ScalarType>, std::optional<c10::Layout>, std::optional<c10::Device>, std::optional<bool>, bool, std::optional<c10::MemoryFormat>)>::call(c10::OperatorKernel*, c10::DispatchKeySet, at::Tensor const&, std::optional<c10::ScalarType>, std::optional<c10::Layout>, std::optional<c10::Device>, std::optional<bool>, bool, std::optional<c10::MemoryFormat>) [0x4997a3e] in libtorch_cpu.so
=========         Host Frame: at::_ops::_to_copy::call(at::Tensor const&, std::optional<c10::ScalarType>, std::optional<c10::Layout>, std::optional<c10::Device>, std::optional<bool>, bool, std::optional<c10::MemoryFormat>) [0x2264f7c] in libtorch_cpu.so
=========         Host Frame: at::native::to(at::Tensor const&, std::optional<c10::ScalarType>, std::optional<c10::Layout>, std::optional<c10::Device>, std::optional<bool>, bool, bool, std::optional<c10::MemoryFormat>) [0x1d104fd] in libtorch_cpu.so
=========         Host Frame: c10::impl::wrap_kernel_functor_unboxed_<c10::impl::detail::WrapFunctionIntoFunctor_<c10::CompileTimeFunctionPointer<at::Tensor (at::Tensor const&, std::optional<c10::ScalarType>, std::optional<c10::Layout>, std::optional<c10::Device>, std::optional<bool>, bool, bool, std::optional<c10::MemoryFormat>), &at::(anonymous namespace)::(anonymous namespace)::wrapper_CompositeImplicitAutograd_dtype_layout_to>, at::Tensor, c10::guts::typelist::typelist<at::Tensor const&, std::optional<c10::ScalarType>, std::optional<c10::Layout>, std::optional<c10::Device>, std::optional<bool>, bool, bool, std::optional<c10::MemoryFormat> > >, at::Tensor (at::Tensor const&, std::optional<c10::ScalarType>, std::optional<c10::Layout>, std::optional<c10::Device>, std::optional<bool>, bool, bool, std::optional<c10::MemoryFormat>)>::call(c10::OperatorKernel*, c10::DispatchKeySet, at::Tensor const&, std::optional<c10::ScalarType>, std::optional<c10::Layout>, std::optional<c10::Device>, std::optional<bool>, bool, bool, std::optional<c10::MemoryFormat>) [0x2be4c41] in libtorch_cpu.so
=========         Host Frame: at::_ops::to_dtype_layout::call(at::Tensor const&, std::optional<c10::ScalarType>, std::optional<c10::Layout>, std::optional<c10::Device>, std::optional<bool>, bool, bool, std::optional<c10::MemoryFormat>) [0x23fbe16] in libtorch_cpu.so
=========         Host Frame: at::Tensor::to(c10::TensorOptions, bool, bool, std::optional<c10::MemoryFormat>) const [0x4354c8] in libtorch_python.so
=========         Host Frame: torch::autograd::dispatch_to(at::Tensor const&, c10::Device, bool, bool, std::optional<c10::MemoryFormat>) [0x3d7920] in libtorch_python.so
=========         Host Frame: torch::autograd::THPVariable_cpu(_object*, _object*, _object*) [0x3d7b1d] in libtorch_python.so
=========         Host Frame:  [0x151347] in python
=========         Host Frame: PyObject_Vectorcall [0x149934] in python
=========         Host Frame: _PyEval_EvalFrameDefault [0x1d6f08] in python
=========         Host Frame: PyEval_EvalCode [0x1d544a] in python
=========         Host Frame:  [0x2085a1] in python
=========         Host Frame:  [0x2b5032] in python
=========         Host Frame: _PyRun_SimpleFileObject [0x2b4d99] in python
=========         Host Frame: _PyRun_AnyFileObject [0x2b4bce] in python
=========         Host Frame: Py_RunMain [0x2bcc34] in python
=========         Host Frame: Py_BytesMain [0x2bc71c] in python
=========         Host Frame:  [0x2a1c9] in libc.so.6
=========         Host Frame: __libc_start_main [0x2a28a] in libc.so.6
=========         Host Frame: _start [0x257bc4] in python
=========         Host Frame: validate in compare_baselines.py:117
=========         Host Frame: main in study.py:94
========= 
========= Error: process didn't terminate successfully
========= Target application returned an error
========= ERROR SUMMARY: 6619 errors
========= ERROR SUMMARY: 6519 errors were not printed. Use --print-limit option to adjust the number of printed errors
